;PROVINSI;KABUPATEN;KECAMATAN;KELURAHAN;JUMLAH PASCASALIN;BERISIKO;TIDAK BERISIKO;MELAHIRKAN NORMAL;MELAHIRKAN CAESAR;KOMPLIKASI SAAT NIFAS;TIDAK KOMPLIKASI SAAT NIFAS;PENDARAHAN;HIPERTENSI;INFEKSI;KOMPLIKASI LAINNYA;MINIMAL 1 HIDUP PADA KEADAAN BAYI KEMBAR SAAT DILAHIRKAN;TIDAK ADA YANG HIDUP PADA KEADAAN BAYI KEMBAR SAAT DILAHIRKAN;LAHIR HIDUP SAAT DILAHIRKAN;LAHIR MENINGGAL SAAT DILAHIRKAN;KEADAAN BAYI HIDUP;KEADAAN BAYI MENINGGAL;MENDAPATKAN HIDUP;MENDAPATKAN MENINGGAL;MENGKOMSUMSI YA;TMENGKOMSUMSI TIDAK;KIE PERSEORANGAN;KIE KELOMPOK;KIE PERSEORANGAN DAN KELOMPOK;TIDAK KIE;MENDAPATKAN FASILITAS RUJUKAN;TIDAK MENDAPAT FASILITAS RUJUKAN;MENDAPATKAN FASILITAS BANSOS;TIDAK MENDAPAT FASILITAS BANSOS
0;SULAWESI BARAT;PASANGKAYU;BAMBAIRA;BAMBAIRA;18;0;0;12;6;0;18;0;0;0;0;1;0;17;0;17;0;18;0;18;0;18;0;0;0;1;17;2;16
1;SULAWESI BARAT;PASANGKAYU;BAMBAIRA;KASOLOANG;0;0;0;0;0;0;0;0;0;0;0;0;0;0;0;0;0;0;0;0;0;0;0;0;0;0;0;0;0
2;SULAWESI BARAT;PASANGKAYU;BAMBAIRA;TAMPAURE;0;0;0;0;0;0;0;0;0;0;0;0;0;0;0;0;0;0;0;0;0;0;0;0;0;0;0;0;0
3;SULAWESI BARAT;PASANGKAYU;BAMBAIRA;KALUKU NANGKA;0;0;0;0;0;0;0;0;0;0;0;0;0;0;0;0;0;0;0;0;0;0;0;0;0;0;0;0;0
4;SULAWESI BARAT;PASANGKAYU;BAMBALAMOTU;BAMBALAMOTU;1;0;0;1;0;0;1;0;0;0;0;0;0;1;0;1;0;1;0;1;0;1;0;0;0;0;1;1;0
5;SULAWESI BARAT;PASANGKAYU;BAMBALAMOTU;POLEWALI;32;0;0;27;5;0;32;0;0;0;0;0;0;32;0;32;0;28;4;28;4;7;0;19;6;1;31;9;23
6;SULAWESI BARAT;PASANGKAYU;BAMBALAMOTU;RANDOMAYANG;2;0;0;2;0;0;2;0;0;0;0;0;0;2;0;2;0;2;0;2;0;2;0;0;0;0;2;0;2
7;SULAWESI BARAT;PASANGKAYU;BAMBALAMOTU;PANGIANG;0;0;0;0;0;0;0;0;0;0;0;0;0;0;0;0;0;0;0;0;0;0;0;0;0;0;0;0;0
8;SULAWESI BARAT;PASANGKAYU;BAMBALAMOTU;KALOLA;0;0;0;0;0;0;0;0;0;0;0;0;0;0;0;0;0;0;0;0;0;0;0;0;0;0;0;0;0
9;SULAWESI BARAT;PASANGKAYU;BAMBALAMOTU;WULAI;0;0;0;0;0;0;0;0;0;0;0;0;0;0;0;0;0;0;0;0;0;0;0;0;0;0;0;0;0
10;SULAWESI BARAT;PASANGKAYU;BARAS;BARAS;0;0;0;0;0;0;0;0;0;0;0;0;0;0;0;0;0;0;0;0;0;0;0;0;0;0;0;0;0
11;SULAWESI BARAT;PASANGKAYU;BARAS;BALANTI;0;0;0;0;0;0;0;0;0;0;0;0;0;0;0;0;0;0;0;0;0;0;0;0;0;0;0;0;0
12;SULAWESI BARAT;PASANGKAYU;BARAS;MOTU;0;0;0;0;0;0;0;0;0;0;0;0;0;0;0;0;0;0;0;0;0;0;0;0;0;0;0;0;0
13;SULAWESI BARAT;PASANGKAYU;BARAS;BULU PARIGI;1;0;0;1;0;0;1;0;0;0;0;0;0;1;0;1;0;1;0;1;0;1;0;0;0;0;1;0;1
14;SULAWESI BARAT;PASANGKAYU;BARAS;TOWONI;0;0;0;0;0;0;0;0;0;0;0;0;0;0;0;0;0;0;0;0;0;0;0;0;0;0;0;0;0
15;SULAWESI BARAT;PASANGKAYU;BARAS;KASANO;0;0;0;0;0;0;0;0;0;0;0;0;0;0;0;0;0;0;0;0;0;0;0;0;0;0;0;0;0
16;SULAWESI BARAT;PASANGKAYU;BULU TABA;LILIMORI;0;0;0;0;0;0;0;0;0;0;0;0;0;0;0;0;0;0;0;0;0;0;0;0;0;0;0;0;0
17;SULAWESI BARAT;PASANGKAYU;BULU TABA;KARAVE;0;0;0;0;0;0;0;0;0;0;0;0;0;0;0;0;0;0;0;0;0;0;0;0;0;0;0;0;0
18;SULAWESI BARAT;PASANGKAYU;BULU TABA;BUKIT HARAPAN;0;0;0;0;0;0;0;0;0;0;0;0;0;0;0;0;0;0;0;0;0;0;0;0;0;0;0;0;0
19;SULAWESI BARAT;PASANGKAYU;BULU TABA;KASTABUANA;0;0;0;0;0;0;0;0;0;0;0;0;0;0;0;0;0;0;0;0;0;0;0;0;0;0;0;0;0
20;SULAWESI BARAT;PASANGKAYU;BULU TABA;SUMBER SARI;0;0;0;0;0;0;0;0;0;0;0;0;0;0;0;0;0;0;0;0;0;0;0;0;0;0;0;0;0
21;SULAWESI BARAT;PASANGKAYU;BULU TABA;LELEJAE;0;0;0;0;0;0;0;0;0;0;0;0;0;0;0;0;0;0;0;0;0;0;0;0;0;0;0;0;0
22;SULAWESI BARAT;PASANGKAYU;BULU TABA;OMPI;0;0;0;0;0;0;0;0;0;0;0;0;0;0;0;0;0;0;0;0;0;0;0;0;0;0;0;0;0
23;SULAWESI BARAT;PASANGKAYU;DAPURANG;DAPURANG;0;0;0;0;0;0;0;0;0;0;0;0;0;0;0;0;0;0;0;0;0;0;0;0;0;0;0;0;0
24;SULAWESI BARAT;PASANGKAYU;DAPURANG;BENGGAULU;0;0;0;0;0;0;0;0;0;0;0;0;0;0;0;0;0;0;0;0;0;0;0;0;0;0;0;0;0
25;SULAWESI BARAT;PASANGKAYU;DAPURANG;TIRTABUANA;0;0;0;0;0;0;0;0;0;0;0;0;0;0;0;0;0;0;0;0;0;0;0;0;0;0;0;0;0
26;SULAWESI BARAT;PASANGKAYU;DAPURANG;BULU BONGGU;1;0;0;1;0;0;1;0;0;0;0;0;0;1;0;1;0;1;0;1;0;1;0;0;0;0;1;0;1
27;SULAWESI BARAT;PASANGKAYU;DAPURANG;SARASA;0;0;0;0;0;0;0;0;0;0;0;0;0;0;0;0;0;0;0;0;0;0;0;0;0;0;0;0;0
28;SULAWESI BARAT;PASANGKAYU;DURIPOKU;TAMMARUNANG;1;0;0;1;0;0;1;0;0;0;0;0;0;1;0;1;0;1;0;1;0;1;0;0;0;0;1;0;1
29;SULAWESI BARAT;PASANGKAYU;DURIPOKU;SAPTANAJAYA;2;0;0;1;1;0;2;0;0;0;0;0;0;2;0;2;0;2;0;2;0;2;0;0;0;0;2;1;1
30;SULAWESI BARAT;PASANGKAYU;DURIPOKU;TARANGGI;1;0;0;1;0;0;1;0;0;0;0;0;0;1;0;1;0;1;0;1;0;0;1;0;0;0;1;0;1
31;SULAWESI BARAT;PASANGKAYU;DURIPOKU;SIPAKAINGA;0;0;0;0;0;0;0;0;0;0;0;0;0;0;0;0;0;0;0;0;0;0;0;0;0;0;0;0;0
32;SULAWESI BARAT;PASANGKAYU;LARIANG;PARABU;0;0;0;0;0;0;0;0;0;0;0;0;0;0;0;0;0;0;0;0;0;0;0;0;0;0;0;0;0
33;SULAWESI BARAT;PASANGKAYU;LARIANG;KENANGAN;0;0;0;0;0;0;0;0;0;0;0;0;0;0;0;0;0;0;0;0;0;0;0;0;0;0;0;0;0
34;SULAWESI BARAT;PASANGKAYU;LARIANG;BAJAWALI;5;0;0;1;4;0;5;0;0;0;0;0;0;5;0;5;0;4;1;4;1;5;0;0;0;0;5;0;5
35;SULAWESI BARAT;PASANGKAYU;LARIANG;SINGGANI;1;0;0;1;0;0;1;0;0;0;0;0;0;1;0;1;0;1;0;1;0;1;0;0;0;1;0;0;1
36;SULAWESI BARAT;PASANGKAYU;LARIANG;KULU;5;0;0;4;1;0;5;0;0;0;0;0;0;5;0;5;0;5;0;5;0;3;2;0;0;0;5;3;2
37;SULAWESI BARAT;PASANGKAYU;LARIANG;BATU MATORU;0;0;0;0;0;0;0;0;0;0;0;0;0;0;0;0;0;0;0;0;0;0;0;0;0;0;0;0;0
38;SULAWESI BARAT;PASANGKAYU;LARIANG;BAMBAKORO;1;0;0;0;1;0;1;0;0;0;0;0;0;1;0;1;0;1;0;1;0;0;1;0;0;1;0;1;0
39;SULAWESI BARAT;PASANGKAYU;PASANGKAYU;PASANGKAYU;0;0;0;0;0;0;0;0;0;0;0;0;0;0;0;0;0;0;0;0;0;0;0;0;0;0;0;0;0
40;SULAWESI BARAT;PASANGKAYU;PASANGKAYU;MARTAJAYA;0;0;0;0;0;0;0;0;0;0;0;0;0;0;0;0;0;0;0;0;0;0;0;0;0;0;0;0;0
41;SULAWESI BARAT;PASANGKAYU;PASANGKAYU;PAKAVA;0;0;0;0;0;0;0;0;0;0;0;0;0;0;0;0;0;0;0;0;0;0;0;0;0;0;0;0;0
42;SULAWESI BARAT;PASANGKAYU;PASANGKAYU;KARYA BERSAMA;1;0;0;1;0;0;1;0;0;0;0;0;0;1;0;1;0;1;0;1;0;0;0;1;0;1;0;0;1
43;SULAWESI BARAT;PASANGKAYU;PASANGKAYU;AKO;0;0;0;0;0;0;0;0;0;0;0;0;0;0;0;0;0;0;0;0;0;0;0;0;0;0;0;0;0
44;SULAWESI BARAT;PASANGKAYU;PASANGKAYU;GUNUNG SARI;0;0;0;0;0;0;0;0;0;0;0;0;0;0;0;0;0;0;0;0;0;0;0;0;0;0;0;0;0
45;SULAWESI BARAT;PASANGKAYU;PEDONGGA;MALEI;0;0;0;0;0;0;0;0;0;0;0;0;0;0;0;0;0;0;0;0;0;0;0;0;0;0;0;0;0
46;SULAWESI BARAT;PASANGKAYU;PEDONGGA;PEDANDA;4;0;0;3;1;2;2;0;1;0;1;0;0;4;0;4;0;4;0;4;0;0;1;3;0;1;3;0;4
47;SULAWESI BARAT;PASANGKAYU;PEDONGGA;BATU OGE;0;0;0;0;0;0;0;0;0;0;0;0;0;0;0;0;0;0;0;0;0;0;0;0;0;0;0;0;0
48;SULAWESI BARAT;PASANGKAYU;PEDONGGA;MARTASARI;0;0;0;0;0;0;0;0;0;0;0;0;0;0;0;0;0;0;0;0;0;0;0;0;0;0;0;0;0
49;SULAWESI BARAT;PASANGKAYU;SARJO;SARJO;0;0;0;0;0;0;0;0;0;0;0;0;0;0;0;0;0;0;0;0;0;0;0;0;0;0;0;0;0
50;SULAWESI BARAT;PASANGKAYU;SARJO;MAPONU;0;0;0;0;0;0;0;0;0;0;0;0;0;0;0;0;0;0;0;0;0;0;0;0;0;0;0;0;0
51;SULAWESI BARAT;PASANGKAYU;SARJO;LETAWA;0;0;0;0;0;0;0;0;0;0;0;0;0;0;0;0;0;0;0;0;0;0;0;0;0;0;0;0;0
52;SULAWESI BARAT;PASANGKAYU;SARJO;SARUDE;0;0;0;0;0;0;0;0;0;0;0;0;0;0;0;0;0;0;0;0;0;0;0;0;0;0;0;0;0
53;SULAWESI BARAT;PASANGKAYU;SARUDU;SARUDU;0;0;0;0;0;0;0;0;0;0;0;0;0;0;0;0;0;0;0;0;0;0;0;0;0;0;0;0;0
54;SULAWESI BARAT;PASANGKAYU;SARUDU;BULU MARIO;6;0;0;1;5;0;6;0;0;0;0;0;0;6;0;6;0;6;0;6;0;6;0;0;0;0;6;0;6
55;SULAWESI BARAT;PASANGKAYU;SARUDU;KUMASARI;0;0;0;0;0;0;0;0;0;0;0;0;0;0;0;0;0;0;0;0;0;0;0;0;0;0;0;0;0
56;SULAWESI BARAT;PASANGKAYU;SARUDU;PATIKA;1;0;0;1;0;0;1;0;0;0;0;0;0;1;0;1;0;1;0;1;0;1;0;0;0;0;1;0;1
57;SULAWESI BARAT;PASANGKAYU;SARUDU;DODA;0;0;0;0;0;0;0;0;0;0;0;0;0;0;0;0;0;0;0;0;0;0;0;0;0;0;0;0;0
58;SULAWESI BARAT;PASANGKAYU;TIKKE RAYA;TIKKE;0;0;0;0;0;0;0;0;0;0;0;0;0;0;0;0;0;0;0;0;0;0;0;0;0;0;0;0;0
59;SULAWESI BARAT;PASANGKAYU;TIKKE RAYA;MAKMUR JAYA;0;0;0;0;0;0;0;0;0;0;0;0;0;0;0;0;0;0;0;0;0;0;0;0;0;0;0;0;0
60;SULAWESI BARAT;PASANGKAYU;TIKKE RAYA;LARIANG;0;0;0;0;0;0;0;0;0;0;0;0;0;0;0;0;0;0;0;0;0;0;0;0;0;0;0;0;0
61;SULAWESI BARAT;PASANGKAYU;TIKKE RAYA;PAJALELE;0;0;0;0;0;0;0;0;0;0;0;0;0;0;0;0;0;0;0;0;0;0;0;0;0;0;0;0;0
62;SULAWESI BARAT;PASANGKAYU;TIKKE RAYA;JENGENG RAYA;0;0;0;0;0;0;0;0;0;0;0;0;0;0;0;0;0;0;0;0;0;0;0;0;0;0;0;0;0
63;SULAWESI BARAT;MAMUJU;MAMUJU;BINANGA;2;0;0;1;1;0;2;0;0;0;0;0;0;2;0;2;0;2;0;2;0;1;1;0;0;0;2;0;2
64;SULAWESI BARAT;MAMUJU;MAMUJU;MAMUNYU;2;0;0;1;1;0;2;0;0;0;0;0;0;2;0;2;0;2;0;2;0;2;0;0;0;0;2;0;2
65;SULAWESI BARAT;MAMUJU;MAMUJU;KAREMA;0;0;0;0;0;0;0;0;0;0;0;0;0;0;0;0;0;0;0;0;0;0;0;0;0;0;0;0;0
66;SULAWESI BARAT;MAMUJU;MAMUJU;RIMUKU;7;0;0;3;4;0;7;0;0;0;0;0;0;7;0;7;0;7;0;7;0;7;0;0;0;1;6;1;6
67;SULAWESI BARAT;MAMUJU;MAMUJU;BAMBU;0;0;0;0;0;0;0;0;0;0;0;0;0;0;0;0;0;0;0;0;0;0;0;0;0;0;0;0;0
68;SULAWESI BARAT;MAMUJU;MAMUJU;KARAMPUANG;8;0;0;8;0;0;8;0;0;0;0;0;0;8;0;8;0;8;0;8;0;6;1;1;0;0;8;1;7
69;SULAWESI BARAT;MAMUJU;MAMUJU;TADUI;4;0;0;4;0;0;4;0;0;0;0;0;0;4;0;4;0;4;0;4;0;3;0;1;0;0;4;4;0
70;SULAWESI BARAT;MAMUJU;MAMUJU;BATU PANNU;0;0;0;0;0;0;0;0;0;0;0;0;0;0;0;0;0;0;0;0;0;0;0;0;0;0;0;0;0
71;SULAWESI BARAT;MAMUJU;TAPALANG;GALUNG;4;0;0;2;2;0;4;0;0;0;0;0;0;4;0;4;0;4;0;4;0;4;0;0;0;0;4;4;0
72;SULAWESI BARAT;MAMUJU;TAPALANG;KASAMBANG;0;0;0;0;0;0;0;0;0;0;0;0;0;0;0;0;0;0;0;0;0;0;0;0;0;0;0;0;0
73;SULAWESI BARAT;MAMUJU;TAPALANG;DAYANGINNA;1;0;0;1;0;0;1;0;0;0;0;0;0;1;0;1;0;1;0;1;0;1;0;0;0;0;1;0;1
74;SULAWESI BARAT;MAMUJU;TAPALANG;OROBATU;0;0;0;0;0;0;0;0;0;0;0;0;0;0;0;0;0;0;0;0;0;0;0;0;0;0;0;0;0
75;SULAWESI BARAT;MAMUJU;TAPALANG;TAKANDEANG;1;0;0;1;0;0;1;0;0;0;0;0;0;1;0;1;0;1;0;1;0;1;0;0;0;0;1;0;1
76;SULAWESI BARAT;MAMUJU;TAPALANG;BELA;0;0;0;0;0;0;0;0;0;0;0;0;0;0;0;0;0;0;0;0;0;0;0;0;0;0;0;0;0
77;SULAWESI BARAT;MAMUJU;TAPALANG;TAAN;1;0;0;1;0;0;1;0;0;0;0;0;0;1;0;1;0;1;0;1;0;1;0;0;0;0;1;1;0
78;SULAWESI BARAT;MAMUJU;TAPALANG;TAMPALANG;0;0;0;0;0;0;0;0;0;0;0;0;0;0;0;0;0;0;0;0;0;0;0;0;0;0;0;0;0
79;SULAWESI BARAT;MAMUJU;TAPALANG;RANTEDODA;11;0;0;7;4;0;11;0;0;0;0;0;0;11;0;11;0;10;1;10;1;11;0;0;0;0;11;0;11
80;SULAWESI BARAT;MAMUJU;TAPALANG;KOPEANG;0;0;0;0;0;0;0;0;0;0;0;0;0;0;0;0;0;0;0;0;0;0;0;0;0;0;0;0;0
81;SULAWESI BARAT;MAMUJU;KALUKKU;SINYONYOI;4;0;0;3;1;0;4;0;0;0;0;0;0;4;0;4;0;4;0;4;0;4;0;0;0;3;1;1;3
82;SULAWESI BARAT;MAMUJU;KALUKKU;BEBANGA;19;0;0;6;13;1;18;0;1;0;0;0;0;18;1;18;1;19;0;19;0;19;0;0;0;12;7;1;18
83;SULAWESI BARAT;MAMUJU;KALUKKU;KALUKKU;7;0;0;4;3;0;7;0;0;0;0;0;0;7;0;7;0;7;0;7;0;7;0;0;0;1;6;0;7
84;SULAWESI BARAT;MAMUJU;KALUKKU;SINYONYOI SELATAN;0;0;0;0;0;0;0;0;0;0;0;0;0;0;0;0;0;0;0;0;0;0;0;0;0;0;0;0;0
85;SULAWESI BARAT;MAMUJU;KALUKKU;SONDOANG;0;0;0;0;0;0;0;0;0;0;0;0;0;0;0;0;0;0;0;0;0;0;0;0;0;0;0;0;0
86;SULAWESI BARAT;MAMUJU;KALUKKU;BERU-BERU;1;0;0;1;0;0;1;0;0;0;0;0;0;1;0;1;0;1;0;1;0;1;0;0;0;0;1;0;1
87;SULAWESI BARAT;MAMUJU;KALUKKU;BELANG BELANG;3;0;0;3;0;0;3;0;0;0;0;0;0;3;0;3;0;3;0;3;0;3;0;0;0;0;3;3;0
88;SULAWESI BARAT;MAMUJU;KALUKKU;KABULOANG;4;0;0;3;1;0;4;0;0;0;0;0;0;4;0;4;0;4;0;4;0;4;0;0;0;1;3;2;2
89;SULAWESI BARAT;MAMUJU;KALUKKU;KEANG;0;0;0;0;0;0;0;0;0;0;0;0;0;0;0;0;0;0;0;0;0;0;0;0;0;0;0;0;0
90;SULAWESI BARAT;MAMUJU;KALUKKU;POKKANG;0;0;0;0;0;0;0;0;0;0;0;0;0;0;0;0;0;0;0;0;0;0;0;0;0;0;0;0;0
91;SULAWESI BARAT;MAMUJU;KALUKKU;GULILING;0;0;0;0;0;0;0;0;0;0;0;0;0;0;0;0;0;0;0;0;0;0;0;0;0;0;0;0;0
92;SULAWESI BARAT;MAMUJU;KALUKKU;UHAIMATE;0;0;0;0;0;0;0;0;0;0;0;0;0;0;0;0;0;0;0;0;0;0;0;0;0;0;0;0;0
93;SULAWESI BARAT;MAMUJU;KALUKKU;KALUKKU BARAT;0;0;0;0;0;0;0;0;0;0;0;0;0;0;0;0;0;0;0;0;0;0;0;0;0;0;0;0;0
94;SULAWESI BARAT;MAMUJU;KALUKKU;PAMMULUKANG;0;0;0;0;0;0;0;0;0;0;0;0;0;0;0;0;0;0;0;0;0;0;0;0;0;0;0;0;0
95;SULAWESI BARAT;MAMUJU;BONEHAU;BONEHAU;0;0;0;0;0;0;0;0;0;0;0;0;0;0;0;0;0;0;0;0;0;0;0;0;0;0;0;0;0
96;SULAWESI BARAT;MAMUJU;BONEHAU;SALUTIWO;0;0;0;0;0;0;0;0;0;0;0;0;0;0;0;0;0;0;0;0;0;0;0;0;0;0;0;0;0
97;SULAWESI BARAT;MAMUJU;BONEHAU;BUTTUADA;0;0;0;0;0;0;0;0;0;0;0;0;0;0;0;0;0;0;0;0;0;0;0;0;0;0;0;0;0
98;SULAWESI BARAT;MAMUJU;BONEHAU;TAMALEA;2;0;0;2;0;0;2;0;0;0;0;1;0;1;0;1;0;2;0;2;0;2;0;0;0;2;0;2;0
99;SULAWESI BARAT;MAMUJU;BONEHAU;LUMIKA;3;0;0;2;1;0;3;0;0;0;0;0;0;3;0;3;0;3;0;3;0;3;0;0;0;0;3;0;3
100;SULAWESI BARAT;MAMUJU;BONEHAU;MAPPU;0;0;0;0;0;0;0;0;0;0;0;0;0;0;0;0;0;0;0;0;0;0;0;0;0;0;0;0;0
101;SULAWESI BARAT;MAMUJU;BONEHAU;BANUADA;0;0;0;0;0;0;0;0;0;0;0;0;0;0;0;0;0;0;0;0;0;0;0;0;0;0;0;0;0
102;SULAWESI BARAT;MAMUJU;BONEHAU;HINUA;3;0;0;2;1;0;3;0;0;0;0;0;0;3;0;3;0;3;0;3;0;0;0;3;0;3;0;3;0
103;SULAWESI BARAT;MAMUJU;BONEHAU;KINATANG;1;0;0;0;1;0;1;0;0;0;0;0;0;1;0;1;0;1;0;1;0;1;0;0;0;0;1;0;1
104;SULAWESI BARAT;MAMUJU;KALUMPANG;KALUMPANG;0;0;0;0;0;0;0;0;0;0;0;0;0;0;0;0;0;0;0;0;0;0;0;0;0;0;0;0;0
105;SULAWESI BARAT;MAMUJU;KALUMPANG;KARATAUN;0;0;0;0;0;0;0;0;0;0;0;0;0;0;0;0;0;0;0;0;0;0;0;0;0;0;0;0;0
106;SULAWESI BARAT;MAMUJU;KALUMPANG;KARAMA;0;0;0;0;0;0;0;0;0;0;0;0;0;0;0;0;0;0;0;0;0;0;0;0;0;0;0;0;0
107;SULAWESI BARAT;MAMUJU;KALUMPANG;SIRAUN;0;0;0;0;0;0;0;0;0;0;0;0;0;0;0;0;0;0;0;0;0;0;0;0;0;0;0;0;0
108;SULAWESI BARAT;MAMUJU;KALUMPANG;TUMOGA;0;0;0;0;0;0;0;0;0;0;0;0;0;0;0;0;0;0;0;0;0;0;0;0;0;0;0;0;0
109;SULAWESI BARAT;MAMUJU;KALUMPANG;SALUMAKKI;0;0;0;0;0;0;0;0;0;0;0;0;0;0;0;0;0;0;0;0;0;0;0;0;0;0;0;0;0
110;SULAWESI BARAT;MAMUJU;KALUMPANG;POLIO;0;0;0;0;0;0;0;0;0;0;0;0;0;0;0;0;0;0;0;0;0;0;0;0;0;0;0;0;0
111;SULAWESI BARAT;MAMUJU;KALUMPANG;LIMBONG;0;0;0;0;0;0;0;0;0;0;0;0;0;0;0;0;0;0;0;0;0;0;0;0;0;0;0;0;0
112;SULAWESI BARAT;MAMUJU;KALUMPANG;SANDAPANG;0;0;0;0;0;0;0;0;0;0;0;0;0;0;0;0;0;0;0;0;0;0;0;0;0;0;0;0;0
113;SULAWESI BARAT;MAMUJU;KALUMPANG;KONDO BULO;0;0;0;0;0;0;0;0;0;0;0;0;0;0;0;0;0;0;0;0;0;0;0;0;0;0;0;0;0
114;SULAWESI BARAT;MAMUJU;KALUMPANG;MAKKALIKI;0;0;0;0;0;0;0;0;0;0;0;0;0;0;0;0;0;0;0;0;0;0;0;0;0;0;0;0;0
115;SULAWESI BARAT;MAMUJU;KALUMPANG;BATU MAKKADA;0;0;0;0;0;0;0;0;0;0;0;0;0;0;0;0;0;0;0;0;0;0;0;0;0;0;0;0;0
116;SULAWESI BARAT;MAMUJU;KALUMPANG;LASA';0;0;0;0;0;0;0;0;0;0;0;0;0;0;0;0;0;0;0;0;0;0;0;0;0;0;0;0;0
117;SULAWESI BARAT;MAMUJU;KEP. BALA BALAKANG;BALA BALAKANG;0;0;0;0;0;0;0;0;0;0;0;0;0;0;0;0;0;0;0;0;0;0;0;0;0;0;0;0;0
118;SULAWESI BARAT;MAMUJU;KEP. BALA BALAKANG;BALA-BALAKANG TIMUR;0;0;0;0;0;0;0;0;0;0;0;0;0;0;0;0;0;0;0;0;0;0;0;0;0;0;0;0;0
119;SULAWESI BARAT;MAMUJU;SAMPAGA;BUNDE;0;0;0;0;0;0;0;0;0;0;0;0;0;0;0;0;0;0;0;0;0;0;0;0;0;0;0;0;0
120;SULAWESI BARAT;MAMUJU;SAMPAGA;KALONDING;0;0;0;0;0;0;0;0;0;0;0;0;0;0;0;0;0;0;0;0;0;0;0;0;0;0;0;0;0
121;SULAWESI BARAT;MAMUJU;SAMPAGA;TARAILU;0;0;0;0;0;0;0;0;0;0;0;0;0;0;0;0;0;0;0;0;0;0;0;0;0;0;0;0;0
122;SULAWESI BARAT;MAMUJU;SAMPAGA;SAMPAGA;0;0;0;0;0;0;0;0;0;0;0;0;0;0;0;0;0;0;0;0;0;0;0;0;0;0;0;0;0
123;SULAWESI BARAT;MAMUJU;SAMPAGA;TANAMBUAH;1;0;0;0;1;0;1;0;0;0;0;0;0;1;0;1;0;1;0;1;0;1;0;0;0;0;1;0;1
124;SULAWESI BARAT;MAMUJU;SAMPAGA;SALUBARANA;0;0;0;0;0;0;0;0;0;0;0;0;0;0;0;0;0;0;0;0;0;0;0;0;0;0;0;0;0
125;SULAWESI BARAT;MAMUJU;SAMPAGA;LOSSO;0;0;0;0;0;0;0;0;0;0;0;0;0;0;0;0;0;0;0;0;0;0;0;0;0;0;0;0;0
126;SULAWESI BARAT;MAMUJU;PAPALANG;TOABO;16;0;0;10;6;0;16;0;0;0;0;0;0;16;0;16;0;16;0;16;0;16;0;0;0;0;16;0;16
127;SULAWESI BARAT;MAMUJU;PAPALANG;PAPALANG;3;0;0;3;0;0;3;0;0;0;0;0;0;3;0;3;0;3;0;3;0;3;0;0;0;3;0;3;0
128;SULAWESI BARAT;MAMUJU;PAPALANG;BONDA;0;0;0;0;0;0;0;0;0;0;0;0;0;0;0;0;0;0;0;0;0;0;0;0;0;0;0;0;0
129;SULAWESI BARAT;MAMUJU;PAPALANG;TOPORE;0;0;0;0;0;0;0;0;0;0;0;0;0;0;0;0;0;0;0;0;0;0;0;0;0;0;0;0;0
130;SULAWESI BARAT;MAMUJU;PAPALANG;SALUKAYU;7;0;0;5;2;0;7;0;0;0;0;0;0;7;0;7;0;7;0;7;0;7;0;0;0;0;7;0;7
131;SULAWESI BARAT;MAMUJU;PAPALANG;SUKADAMAI;4;0;0;1;3;0;4;0;0;0;0;0;0;4;0;4;0;4;0;4;0;4;0;0;0;4;0;3;1
132;SULAWESI BARAT;MAMUJU;PAPALANG;BODA-BODA;14;0;0;4;10;0;14;0;0;0;0;0;0;14;0;14;0;14;0;14;0;14;0;0;0;0;14;12;2
133;SULAWESI BARAT;MAMUJU;PAPALANG;SISANGO;2;0;0;0;2;0;2;0;0;0;0;0;0;2;0;2;0;2;0;2;0;2;0;0;0;1;1;2;0
134;SULAWESI BARAT;MAMUJU;PAPALANG;BATU AMPA;0;0;0;0;0;0;0;0;0;0;0;0;0;0;0;0;0;0;0;0;0;0;0;0;0;0;0;0;0
135;SULAWESI BARAT;MAMUJU;SIMBORO;SIMBORO;7;0;0;4;3;0;7;0;0;0;0;0;0;7;0;7;0;7;0;7;0;7;0;0;0;0;7;2;5
136;SULAWESI BARAT;MAMUJU;SIMBORO;RANGAS;3;0;0;3;0;0;3;0;0;0;0;0;0;3;0;3;0;3;0;3;0;3;0;0;0;0;3;0;3
137;SULAWESI BARAT;MAMUJU;SIMBORO;BOTTENG;1;0;0;0;1;0;1;0;0;0;0;0;0;1;0;1;0;1;0;1;0;1;0;0;0;0;1;1;0
138;SULAWESI BARAT;MAMUJU;SIMBORO;SALETTO;0;0;0;0;0;0;0;0;0;0;0;0;0;0;0;0;0;0;0;0;0;0;0;0;0;0;0;0;0
139;SULAWESI BARAT;MAMUJU;SIMBORO;SUMARE;19;0;0;13;6;0;19;0;0;0;0;0;0;19;0;19;0;19;0;19;0;15;0;0;4;0;19;0;19
140;SULAWESI BARAT;MAMUJU;SIMBORO;BOTTENG UTARA;7;0;0;3;4;0;7;0;0;0;0;1;0;6;0;6;0;6;1;6;1;7;0;0;0;0;7;1;6
141;SULAWESI BARAT;MAMUJU;SIMBORO;TAPANDULLU;0;0;0;0;0;0;0;0;0;0;0;0;0;0;0;0;0;0;0;0;0;0;0;0;0;0;0;0;0
142;SULAWESI BARAT;MAMUJU;SIMBORO;PATI'DI;1;0;0;0;1;0;1;0;0;0;0;0;0;1;0;1;0;1;0;1;0;0;0;1;0;1;0;1;0
143;SULAWESI BARAT;MAMUJU;TAPALANG BARAT;DUNGKAIT;0;0;0;0;0;0;0;0;0;0;0;0;0;0;0;0;0;0;0;0;0;0;0;0;0;0;0;0;0
144;SULAWESI BARAT;MAMUJU;TAPALANG BARAT;LEBANI;0;0;0;0;0;0;0;0;0;0;0;0;0;0;0;0;0;0;0;0;0;0;0;0;0;0;0;0;0
145;SULAWESI BARAT;MAMUJU;TAPALANG BARAT;LABUANG RANO;19;0;0;18;1;0;19;0;0;0;0;0;0;19;0;19;0;19;0;19;0;19;0;0;0;0;19;19;0
146;SULAWESI BARAT;MAMUJU;TAPALANG BARAT;PASABU;5;0;0;3;2;0;5;0;0;0;0;0;0;5;0;5;0;0;5;0;5;5;0;0;0;5;0;2;3
147;SULAWESI BARAT;MAMUJU;TAPALANG BARAT;TANETE PAO;0;0;0;0;0;0;0;0;0;0;0;0;0;0;0;0;0;0;0;0;0;0;0;0;0;0;0;0;0
148;SULAWESI BARAT;MAMUJU;TAPALANG BARAT;PANGASAAN;0;0;0;0;0;0;0;0;0;0;0;0;0;0;0;0;0;0;0;0;0;0;0;0;0;0;0;0;0
149;SULAWESI BARAT;MAMUJU;TAPALANG BARAT;AHU;3;0;0;3;0;0;3;0;0;0;0;0;0;3;0;3;0;2;1;2;1;0;1;2;0;1;2;0;3
150;SULAWESI BARAT;MAMUJU;TOMMO;TOMMO;0;0;0;0;0;0;0;0;0;0;0;0;0;0;0;0;0;0;0;0;0;0;0;0;0;0;0;0;0
151;SULAWESI BARAT;MAMUJU;TOMMO;CAMPALOGA;2;0;0;0;2;0;2;0;0;0;0;0;0;2;0;2;0;2;0;2;0;2;0;0;0;2;0;0;2
152;SULAWESI BARAT;MAMUJU;TOMMO;BUANA SAKTI;0;0;0;0;0;0;0;0;0;0;0;0;0;0;0;0;0;0;0;0;0;0;0;0;0;0;0;0;0
153;SULAWESI BARAT;MAMUJU;TOMMO;TAMEMONGGA;0;0;0;0;0;0;0;0;0;0;0;0;0;0;0;0;0;0;0;0;0;0;0;0;0;0;0;0;0
154;SULAWESI BARAT;MAMUJU;TOMMO;TAMEJARRA;4;0;0;3;1;0;4;0;0;0;0;0;0;4;0;4;0;4;0;4;0;1;0;3;0;3;1;1;3
155;SULAWESI BARAT;MAMUJU;TOMMO;RANTEMARIO;0;0;0;0;0;0;0;0;0;0;0;0;0;0;0;0;0;0;0;0;0;0;0;0;0;0;0;0;0
156;SULAWESI BARAT;MAMUJU;TOMMO;MALINO;2;0;0;2;0;0;2;0;0;0;0;0;0;2;0;2;0;2;0;2;0;2;0;0;0;2;0;1;1
157;SULAWESI BARAT;MAMUJU;TOMMO;KAKULLASANG;0;0;0;0;0;0;0;0;0;0;0;0;0;0;0;0;0;0;0;0;0;0;0;0;0;0;0;0;0
158;SULAWESI BARAT;MAMUJU;TOMMO;LELING;6;0;0;2;4;0;6;0;0;0;0;0;0;6;0;6;0;6;0;6;0;6;0;0;0;0;6;6;0
159;SULAWESI BARAT;MAMUJU;TOMMO;KALEPU;0;0;0;0;0;0;0;0;0;0;0;0;0;0;0;0;0;0;0;0;0;0;0;0;0;0;0;0;0
160;SULAWESI BARAT;MAMUJU;TOMMO;SANDANA;0;0;0;0;0;0;0;0;0;0;0;0;0;0;0;0;0;0;0;0;0;0;0;0;0;0;0;0;0
161;SULAWESI BARAT;MAMUJU;TOMMO;LELING BARAT;0;0;0;0;0;0;0;0;0;0;0;0;0;0;0;0;0;0;0;0;0;0;0;0;0;0;0;0;0
162;SULAWESI BARAT;MAMUJU;TOMMO;LELING UTARA;0;0;0;0;0;0;0;0;0;0;0;0;0;0;0;0;0;0;0;0;0;0;0;0;0;0;0;0;0
163;SULAWESI BARAT;MAMUJU;TOMMO;SALUDENGEN;0;0;0;0;0;0;0;0;0;0;0;0;0;0;0;0;0;0;0;0;0;0;0;0;0;0;0;0;0
164;SULAWESI BARAT;MAJENE;BANGGAE;BANGGAE;4;0;0;3;1;0;4;0;0;0;0;0;0;4;0;4;0;4;0;4;0;4;0;0;0;0;4;4;0
165;SULAWESI BARAT;MAJENE;BANGGAE;BARU;0;0;0;0;0;0;0;0;0;0;0;0;0;0;0;0;0;0;0;0;0;0;0;0;0;0;0;0;0
166;SULAWESI BARAT;MAJENE;BANGGAE;PANGALI ALI;1;0;0;1;0;0;1;0;0;0;0;0;0;1;0;1;0;1;0;1;0;1;0;0;0;1;0;1;0
167;SULAWESI BARAT;MAJENE;BANGGAE;TOTOLI;0;0;0;0;0;0;0;0;0;0;0;0;0;0;0;0;0;0;0;0;0;0;0;0;0;0;0;0;0
168;SULAWESI BARAT;MAJENE;BANGGAE;RANGAS;0;0;0;0;0;0;0;0;0;0;0;0;0;0;0;0;0;0;0;0;0;0;0;0;0;0;0;0;0
169;SULAWESI BARAT;MAJENE;BANGGAE;GALUNG;8;0;0;5;3;0;8;0;0;0;0;0;0;8;0;8;0;8;0;8;0;8;0;0;0;8;0;5;3
170;SULAWESI BARAT;MAJENE;BANGGAE;PALIPI SOREANG;0;0;0;0;0;0;0;0;0;0;0;0;0;0;0;0;0;0;0;0;0;0;0;0;0;0;0;0;0
171;SULAWESI BARAT;MAJENE;BANGGAE;PAMBOBORANG;0;0;0;0;0;0;0;0;0;0;0;0;0;0;0;0;0;0;0;0;0;0;0;0;0;0;0;0;0
172;SULAWESI BARAT;MAJENE;MALUNDA;MALUNDA;0;0;0;0;0;0;0;0;0;0;0;0;0;0;0;0;0;0;0;0;0;0;0;0;0;0;0;0;0
173;SULAWESI BARAT;MAJENE;MALUNDA;LAMUNGANG BATU;0;0;0;0;0;0;0;0;0;0;0;0;0;0;0;0;0;0;0;0;0;0;0;0;0;0;0;0;0
174;SULAWESI BARAT;MAJENE;MALUNDA;BAMBANGAN;0;0;0;0;0;0;0;0;0;0;0;0;0;0;0;0;0;0;0;0;0;0;0;0;0;0;0;0;0
175;SULAWESI BARAT;MAJENE;MALUNDA;LOMBANG;0;0;0;0;0;0;0;0;0;0;0;0;0;0;0;0;0;0;0;0;0;0;0;0;0;0;0;0;0
176;SULAWESI BARAT;MAJENE;MALUNDA;LOMBONG;0;0;0;0;0;0;0;0;0;0;0;0;0;0;0;0;0;0;0;0;0;0;0;0;0;0;0;0;0
177;SULAWESI BARAT;MAJENE;MALUNDA;MEKKATTA;2;0;0;0;2;0;2;0;0;0;0;0;0;2;0;2;0;2;0;2;0;0;1;1;0;2;0;1;1
178;SULAWESI BARAT;MAJENE;MALUNDA;MALIAYA;0;0;0;0;0;0;0;0;0;0;0;0;0;0;0;0;0;0;0;0;0;0;0;0;0;0;0;0;0
179;SULAWESI BARAT;MAJENE;MALUNDA;LOMBANG TIMUR;0;0;0;0;0;0;0;0;0;0;0;0;0;0;0;0;0;0;0;0;0;0;0;0;0;0;0;0;0
180;SULAWESI BARAT;MAJENE;MALUNDA;SALUTAHONGAN;0;0;0;0;0;0;0;0;0;0;0;0;0;0;0;0;0;0;0;0;0;0;0;0;0;0;0;0;0
181;SULAWESI BARAT;MAJENE;MALUNDA;LOMBONG TIMUR;8;0;0;5;3;0;8;0;0;0;0;0;0;8;0;8;0;8;0;8;0;8;0;0;0;0;8;8;0
182;SULAWESI BARAT;MAJENE;MALUNDA;MEKKATTA SELATAN;0;0;0;0;0;0;0;0;0;0;0;0;0;0;0;0;0;0;0;0;0;0;0;0;0;0;0;0;0
183;SULAWESI BARAT;MAJENE;MALUNDA;KAYUANGIN;0;0;0;0;0;0;0;0;0;0;0;0;0;0;0;0;0;0;0;0;0;0;0;0;0;0;0;0;0
184;SULAWESI BARAT;MAJENE;BANGGAE TIMUR;BAURUNG;16;0;0;15;1;0;16;0;0;0;0;0;0;16;0;16;0;16;0;16;0;15;0;1;0;6;10;16;0
185;SULAWESI BARAT;MAJENE;BANGGAE TIMUR;BARUGA;2;0;0;1;1;0;2;0;0;0;0;0;0;2;0;2;0;2;0;2;0;2;0;0;0;0;2;0;2
186;SULAWESI BARAT;MAJENE;BANGGAE TIMUR;BARUGA DHUA;13;0;0;8;5;0;13;0;0;0;0;0;0;12;1;12;1;13;0;13;0;12;0;1;0;11;2;9;4
187;SULAWESI BARAT;MAJENE;BANGGAE TIMUR;LABUANG;15;0;0;10;5;0;15;0;0;0;0;0;0;15;0;15;0;15;0;15;0;15;0;0;0;12;3;13;2
188;SULAWESI BARAT;MAJENE;BANGGAE TIMUR;TANDE;7;0;0;5;2;0;7;0;0;0;0;0;0;7;0;7;0;7;0;7;0;6;1;0;0;0;7;5;2
189;SULAWESI BARAT;MAJENE;BANGGAE TIMUR;LEMBANG;25;0;0;16;9;1;24;1;0;0;0;0;0;25;0;25;0;25;0;25;0;25;0;0;0;10;15;16;9
190;SULAWESI BARAT;MAJENE;BANGGAE TIMUR;LABUANG UTARA;1;0;0;0;1;0;1;0;0;0;0;1;0;0;0;0;0;1;0;1;0;1;0;0;0;0;1;1;0
191;SULAWESI BARAT;MAJENE;BANGGAE TIMUR;TANDE TIMUR;3;0;0;1;2;0;3;0;0;0;0;0;0;3;0;3;0;3;0;3;0;3;0;0;0;0;3;0;3
192;SULAWESI BARAT;MAJENE;BANGGAE TIMUR;BUTTU BARUGA;9;0;0;8;1;0;9;0;0;0;0;1;0;8;0;8;0;9;0;9;0;2;0;7;0;8;1;9;0
193;SULAWESI BARAT;MAJENE;PAMBOANG;LALAMPANUA;1;0;0;1;0;0;1;0;0;0;0;0;0;1;0;1;0;1;0;1;0;1;0;0;0;0;1;0;1
194;SULAWESI BARAT;MAJENE;PAMBOANG;SIRINDU;0;0;0;0;0;0;0;0;0;0;0;0;0;0;0;0;0;0;0;0;0;0;0;0;0;0;0;0;0
195;SULAWESI BARAT;MAJENE;PAMBOANG;ADOLANG;2;0;0;2;0;0;2;0;0;0;0;0;0;2;0;2;0;2;0;2;0;0;2;0;0;0;2;2;0
196;SULAWESI BARAT;MAJENE;PAMBOANG;BABABULO;0;0;0;0;0;0;0;0;0;0;0;0;0;0;0;0;0;0;0;0;0;0;0;0;0;0;0;0;0
197;SULAWESI BARAT;MAJENE;PAMBOANG;BONDE;0;0;0;0;0;0;0;0;0;0;0;0;0;0;0;0;0;0;0;0;0;0;0;0;0;0;0;0;0
198;SULAWESI BARAT;MAJENE;PAMBOANG;BETTENG;0;0;0;0;0;0;0;0;0;0;0;0;0;0;0;0;0;0;0;0;0;0;0;0;0;0;0;0;0
199;SULAWESI BARAT;MAJENE;PAMBOANG;SIMBANG;0;0;0;0;0;0;0;0;0;0;0;0;0;0;0;0;0;0;0;0;0;0;0;0;0;0;0;0;0
200;SULAWESI BARAT;MAJENE;PAMBOANG;BONDE UTARA;19;0;0;15;4;0;19;0;0;0;0;0;0;19;0;19;0;19;0;19;0;5;0;13;1;3;16;19;0
201;SULAWESI BARAT;MAJENE;PAMBOANG;BABABULO UTARA;1;0;0;1;0;0;1;0;0;0;0;0;0;1;0;1;0;1;0;1;0;1;0;0;0;1;0;1;0
202;SULAWESI BARAT;MAJENE;PAMBOANG;BUTTU PAMBOANG;0;0;0;0;0;0;0;0;0;0;0;0;0;0;0;0;0;0;0;0;0;0;0;0;0;0;0;0;0
203;SULAWESI BARAT;MAJENE;PAMBOANG;BANUA ADOLANG;0;0;0;0;0;0;0;0;0;0;0;0;0;0;0;0;0;0;0;0;0;0;0;0;0;0;0;0;0
204;SULAWESI BARAT;MAJENE;PAMBOANG;ADOLANG DHUA;6;0;0;5;1;0;6;0;0;0;0;1;0;5;0;5;0;6;0;5;1;3;0;2;1;6;0;5;1
205;SULAWESI BARAT;MAJENE;PAMBOANG;TINAMBUNG;0;0;0;0;0;0;0;0;0;0;0;0;0;0;0;0;0;0;0;0;0;0;0;0;0;0;0;0;0
206;SULAWESI BARAT;MAJENE;PAMBOANG;PESULOANG;8;0;0;8;0;0;8;0;0;0;0;0;0;8;0;8;0;8;0;8;0;1;0;7;0;0;8;8;0
207;SULAWESI BARAT;MAJENE;PAMBOANG;BALOMBONG;0;0;0;0;0;0;0;0;0;0;0;0;0;0;0;0;0;0;0;0;0;0;0;0;0;0;0;0;0
208;SULAWESI BARAT;MAJENE;SENDANA;MOSSO;1;0;0;1;0;0;1;0;0;0;0;0;0;1;0;1;0;1;0;1;0;1;0;0;0;0;1;1;0
209;SULAWESI BARAT;MAJENE;SENDANA;MOSSO DHUA;2;0;0;2;0;0;2;0;0;0;0;0;0;2;0;2;0;2;0;2;0;2;0;0;0;0;2;1;1
210;SULAWESI BARAT;MAJENE;SENDANA;TOTOLISI SENDANA;0;0;0;0;0;0;0;0;0;0;0;0;0;0;0;0;0;0;0;0;0;0;0;0;0;0;0;0;0
211;SULAWESI BARAT;MAJENE;SENDANA;TALLUBANUA;0;0;0;0;0;0;0;0;0;0;0;0;0;0;0;0;0;0;0;0;0;0;0;0;0;0;0;0;0
212;SULAWESI BARAT;MAJENE;SENDANA;LALATEDZONG;8;0;0;7;1;0;8;0;0;0;0;0;0;8;0;8;0;8;0;8;0;5;1;2;0;2;6;5;3
213;SULAWESI BARAT;MAJENE;SENDANA;BINANGA;4;0;0;4;0;0;4;0;0;0;0;0;0;4;0;4;0;4;0;4;0;3;0;1;0;0;4;4;0
214;SULAWESI BARAT;MAJENE;SENDANA;PUTTADA;0;0;0;0;0;0;0;0;0;0;0;0;0;0;0;0;0;0;0;0;0;0;0;0;0;0;0;0;0
215;SULAWESI BARAT;MAJENE;SENDANA;PAMINGGALAN;0;0;0;0;0;0;0;0;0;0;0;0;0;0;0;0;0;0;0;0;0;0;0;0;0;0;0;0;0
216;SULAWESI BARAT;MAJENE;SENDANA;LEPPANGANG;0;0;0;0;0;0;0;0;0;0;0;0;0;0;0;0;0;0;0;0;0;0;0;0;0;0;0;0;0
217;SULAWESI BARAT;MAJENE;SENDANA;PUNDAU;0;0;0;0;0;0;0;0;0;0;0;0;0;0;0;0;0;0;0;0;0;0;0;0;0;0;0;0;0
218;SULAWESI BARAT;MAJENE;SENDANA;SENDANA;0;0;0;0;0;0;0;0;0;0;0;0;0;0;0;0;0;0;0;0;0;0;0;0;0;0;0;0;0
219;SULAWESI BARAT;MAJENE;SENDANA;BANUA SENDANA;0;0;0;0;0;0;0;0;0;0;0;0;0;0;0;0;0;0;0;0;0;0;0;0;0;0;0;0;0
220;SULAWESI BARAT;MAJENE;SENDANA;TALLUBANUA UTARA;0;0;0;0;0;0;0;0;0;0;0;0;0;0;0;0;0;0;0;0;0;0;0;0;0;0;0;0;0
221;SULAWESI BARAT;MAJENE;SENDANA;LIMBORO RAMBU-RAMBU;1;0;0;1;0;0;1;0;0;0;0;0;0;1;0;1;0;1;0;1;0;0;1;0;0;0;1;1;0
222;SULAWESI BARAT;MAJENE;SENDANA;LIMBUA;0;0;0;0;0;0;0;0;0;0;0;0;0;0;0;0;0;0;0;0;0;0;0;0;0;0;0;0;0
223;SULAWESI BARAT;MAJENE;SENDANA;BUKIT SAMANG;2;0;0;2;0;0;2;0;0;0;0;0;0;2;0;2;0;2;0;2;0;2;0;0;0;0;2;2;0
224;SULAWESI BARAT;MAJENE;TAMMERODO SENDANA;SEPPONG;8;0;0;8;0;0;8;0;0;0;0;0;0;8;0;8;0;8;0;8;0;8;0;0;0;0;8;4;4
225;SULAWESI BARAT;MAJENE;TAMMERODO SENDANA;TAMMERODO;13;0;0;8;5;0;13;0;0;0;0;0;0;12;1;12;1;13;0;13;0;11;1;1;0;5;8;11;2
226;SULAWESI BARAT;MAJENE;TAMMERODO SENDANA;ULIDANG;7;0;0;6;1;0;7;0;0;0;0;0;0;7;0;7;0;7;0;7;0;7;0;0;0;0;7;1;6
227;SULAWESI BARAT;MAJENE;TAMMERODO SENDANA;TALLAMBALAO;14;0;0;13;1;0;14;0;0;0;0;0;0;14;0;14;0;14;0;14;0;11;3;0;0;12;2;4;10
228;SULAWESI BARAT;MAJENE;TAMMERODO SENDANA;TAMMERODO UTARA;4;0;0;4;0;0;4;0;0;0;0;0;0;4;0;4;0;4;0;4;0;4;0;0;0;0;4;4;0
229;SULAWESI BARAT;MAJENE;TAMMERODO SENDANA;MANYAMBA;14;0;0;11;3;0;14;0;0;0;0;0;0;14;0;14;0;14;0;14;0;1;0;13;0;1;13;5;9
230;SULAWESI BARAT;MAJENE;TAMMERODO SENDANA;AWO;5;0;0;3;2;0;5;0;0;0;0;0;0;5;0;5;0;5;0;5;0;5;0;0;0;5;0;2;3
231;SULAWESI BARAT;MAJENE;TUBO SENDANA;ONANG;0;0;0;0;0;0;0;0;0;0;0;0;0;0;0;0;0;0;0;0;0;0;0;0;0;0;0;0;0
232;SULAWESI BARAT;MAJENE;TUBO SENDANA;TUBO;0;0;0;0;0;0;0;0;0;0;0;0;0;0;0;0;0;0;0;0;0;0;0;0;0;0;0;0;0
233;SULAWESI BARAT;MAJENE;TUBO SENDANA;ONANG UTARA;1;0;0;1;0;0;1;0;0;0;0;0;0;1;0;1;0;1;0;1;0;1;0;0;0;0;1;1;0
234;SULAWESI BARAT;MAJENE;TUBO SENDANA;TUBO SELATAN;7;0;0;5;2;0;7;0;0;0;0;0;0;7;0;7;0;7;0;7;0;1;0;6;0;2;5;2;5
235;SULAWESI BARAT;MAJENE;TUBO SENDANA;BONDE BONDE;0;0;0;0;0;0;0;0;0;0;0;0;0;0;0;0;0;0;0;0;0;0;0;0;0;0;0;0;0
236;SULAWESI BARAT;MAJENE;TUBO SENDANA;TUBO TENGAH;0;0;0;0;0;0;0;0;0;0;0;0;0;0;0;0;0;0;0;0;0;0;0;0;0;0;0;0;0
237;SULAWESI BARAT;MAJENE;TUBO SENDANA;TUBO POANG;0;0;0;0;0;0;0;0;0;0;0;0;0;0;0;0;0;0;0;0;0;0;0;0;0;0;0;0;0
238;SULAWESI BARAT;MAJENE;ULUMANDA;KABIRAAN;0;0;0;0;0;0;0;0;0;0;0;0;0;0;0;0;0;0;0;0;0;0;0;0;0;0;0;0;0
239;SULAWESI BARAT;MAJENE;ULUMANDA;SAMBABO;1;0;0;0;1;0;1;0;0;0;0;0;0;0;1;0;1;1;0;1;0;1;0;0;0;1;0;1;0
240;SULAWESI BARAT;MAJENE;ULUMANDA;TANDEALLO;0;0;0;0;0;0;0;0;0;0;0;0;0;0;0;0;0;0;0;0;0;0;0;0;0;0;0;0;0
241;SULAWESI BARAT;MAJENE;ULUMANDA;ULUMANDA;0;0;0;0;0;0;0;0;0;0;0;0;0;0;0;0;0;0;0;0;0;0;0;0;0;0;0;0;0
242;SULAWESI BARAT;MAJENE;ULUMANDA;SALUTAMBUNG;0;0;0;0;0;0;0;0;0;0;0;0;0;0;0;0;0;0;0;0;0;0;0;0;0;0;0;0;0
243;SULAWESI BARAT;MAJENE;ULUMANDA;POPENGA;0;0;0;0;0;0;0;0;0;0;0;0;0;0;0;0;0;0;0;0;0;0;0;0;0;0;0;0;0
244;SULAWESI BARAT;MAJENE;ULUMANDA;SULAI;0;0;0;0;0;0;0;0;0;0;0;0;0;0;0;0;0;0;0;0;0;0;0;0;0;0;0;0;0
245;SULAWESI BARAT;MAJENE;ULUMANDA;PANGGALO;0;0;0;0;0;0;0;0;0;0;0;0;0;0;0;0;0;0;0;0;0;0;0;0;0;0;0;0;0
246;SULAWESI BARAT;POLEWALI MANDAR;ALLU;PETOOSANG;0;0;0;0;0;0;0;0;0;0;0;0;0;0;0;0;0;0;0;0;0;0;0;0;0;0;0;0;0
247;SULAWESI BARAT;POLEWALI MANDAR;ALLU;MOMBI;0;0;0;0;0;0;0;0;0;0;0;0;0;0;0;0;0;0;0;0;0;0;0;0;0;0;0;0;0
248;SULAWESI BARAT;POLEWALI MANDAR;ALLU;KALUMAMMANG;0;0;0;0;0;0;0;0;0;0;0;0;0;0;0;0;0;0;0;0;0;0;0;0;0;0;0;0;0
249;SULAWESI BARAT;POLEWALI MANDAR;ALLU;PAO-PAO;3;0;0;3;0;0;3;0;0;0;0;0;0;3;0;3;0;3;0;3;0;3;0;0;0;1;2;1;2
250;SULAWESI BARAT;POLEWALI MANDAR;ALLU;PUPPU URING;0;0;0;0;0;0;0;0;0;0;0;0;0;0;0;0;0;0;0;0;0;0;0;0;0;0;0;0;0
251;SULAWESI BARAT;POLEWALI MANDAR;ALLU;SARAGIAN;0;0;0;0;0;0;0;0;0;0;0;0;0;0;0;0;0;0;0;0;0;0;0;0;0;0;0;0;0
252;SULAWESI BARAT;POLEWALI MANDAR;ALLU;SAYOANG;2;0;0;2;0;0;2;0;0;0;0;0;0;2;0;2;0;2;0;2;0;2;0;0;0;2;0;2;0
253;SULAWESI BARAT;POLEWALI MANDAR;ALLU;ALU;1;0;0;0;1;0;1;0;0;0;0;0;0;0;1;0;1;1;0;1;0;1;0;0;0;1;0;1;0
254;SULAWESI BARAT;POLEWALI MANDAR;ANREAPI;ANREAPI;0;0;0;0;0;0;0;0;0;0;0;0;0;0;0;0;0;0;0;0;0;0;0;0;0;0;0;0;0
255;SULAWESI BARAT;POLEWALI MANDAR;ANREAPI;DUAMPANUA;1;0;0;1;0;0;1;0;0;0;0;0;0;1;0;1;0;1;0;1;0;1;0;0;0;0;1;1;0
256;SULAWESI BARAT;POLEWALI MANDAR;ANREAPI;KELAPA DUA;0;0;0;0;0;0;0;0;0;0;0;0;0;0;0;0;0;0;0;0;0;0;0;0;0;0;0;0;0
257;SULAWESI BARAT;POLEWALI MANDAR;ANREAPI;PAPPANDANGAN;0;0;0;0;0;0;0;0;0;0;0;0;0;0;0;0;0;0;0;0;0;0;0;0;0;0;0;0;0
258;SULAWESI BARAT;POLEWALI MANDAR;ANREAPI;KUNYI;0;0;0;0;0;0;0;0;0;0;0;0;0;0;0;0;0;0;0;0;0;0;0;0;0;0;0;0;0
259;SULAWESI BARAT;POLEWALI MANDAR;BALANIPA;BALANIPA;12;0;0;9;3;0;12;0;0;0;0;0;0;12;0;12;0;12;0;12;0;12;0;0;0;0;12;11;1
260;SULAWESI BARAT;POLEWALI MANDAR;BALANIPA;TAMMAJARRA;0;0;0;0;0;0;0;0;0;0;0;0;0;0;0;0;0;0;0;0;0;0;0;0;0;0;0;0;0
261;SULAWESI BARAT;POLEWALI MANDAR;BALANIPA;TAMANGGALLE;0;0;0;0;0;0;0;0;0;0;0;0;0;0;0;0;0;0;0;0;0;0;0;0;0;0;0;0;0
262;SULAWESI BARAT;POLEWALI MANDAR;BALANIPA;MOSSO;1;0;0;1;0;0;1;0;0;0;0;0;0;1;0;1;0;1;0;1;0;1;0;0;0;0;1;1;0
263;SULAWESI BARAT;POLEWALI MANDAR;BALANIPA;GALUNG TULUK;0;0;0;0;0;0;0;0;0;0;0;0;0;0;0;0;0;0;0;0;0;0;0;0;0;0;0;0;0
264;SULAWESI BARAT;POLEWALI MANDAR;BALANIPA;SABANG SUBIK;0;0;0;0;0;0;0;0;0;0;0;0;0;0;0;0;0;0;0;0;0;0;0;0;0;0;0;0;0
265;SULAWESI BARAT;POLEWALI MANDAR;BALANIPA;PAMBUSUANG;5;0;0;3;2;0;5;0;0;0;0;0;0;5;0;5;0;5;0;5;0;5;0;0;0;4;1;5;0
266;SULAWESI BARAT;POLEWALI MANDAR;BALANIPA;BALA;0;0;0;0;0;0;0;0;0;0;0;0;0;0;0;0;0;0;0;0;0;0;0;0;0;0;0;0;0
267;SULAWESI BARAT;POLEWALI MANDAR;BALANIPA;LAMBANAN;6;0;0;6;0;0;6;0;0;0;0;0;0;6;0;6;0;6;0;6;0;6;0;0;0;4;2;2;4
268;SULAWESI BARAT;POLEWALI MANDAR;BALANIPA;LEGO;5;0;0;5;0;0;5;0;0;0;0;0;0;5;0;5;0;5;0;5;0;5;0;0;0;5;0;5;0
269;SULAWESI BARAT;POLEWALI MANDAR;BALANIPA;PALLIS;0;0;0;0;0;0;0;0;0;0;0;0;0;0;0;0;0;0;0;0;0;0;0;0;0;0;0;0;0
270;SULAWESI BARAT;POLEWALI MANDAR;BINUANG;AMASSANGAN;2;0;0;2;0;0;2;0;0;0;0;0;0;2;0;2;0;2;0;2;0;2;0;0;0;1;1;2;0
271;SULAWESI BARAT;POLEWALI MANDAR;BINUANG;TONYAMAN;0;0;0;0;0;0;0;0;0;0;0;0;0;0;0;0;0;0;0;0;0;0;0;0;0;0;0;0;0
272;SULAWESI BARAT;POLEWALI MANDAR;BINUANG;KUAJANG;0;0;0;0;0;0;0;0;0;0;0;0;0;0;0;0;0;0;0;0;0;0;0;0;0;0;0;0;0
273;SULAWESI BARAT;POLEWALI MANDAR;BINUANG;PAKU;0;0;0;0;0;0;0;0;0;0;0;0;0;0;0;0;0;0;0;0;0;0;0;0;0;0;0;0;0
274;SULAWESI BARAT;POLEWALI MANDAR;BINUANG;MIRRING;0;0;0;0;0;0;0;0;0;0;0;0;0;0;0;0;0;0;0;0;0;0;0;0;0;0;0;0;0
275;SULAWESI BARAT;POLEWALI MANDAR;BINUANG;BATETANGNGA;5;0;0;4;1;1;4;0;0;1;0;0;0;5;0;5;0;5;0;5;0;5;0;0;0;2;3;2;3
276;SULAWESI BARAT;POLEWALI MANDAR;BINUANG;MAMMI;2;0;0;2;0;0;2;0;0;0;0;0;0;2;0;2;0;2;0;2;0;0;0;2;0;2;0;2;0
277;SULAWESI BARAT;POLEWALI MANDAR;BINUANG;KALEOK;0;0;0;0;0;0;0;0;0;0;0;0;0;0;0;0;0;0;0;0;0;0;0;0;0;0;0;0;0
278;SULAWESI BARAT;POLEWALI MANDAR;BINUANG;AMOLA;0;0;0;0;0;0;0;0;0;0;0;0;0;0;0;0;0;0;0;0;0;0;0;0;0;0;0;0;0
279;SULAWESI BARAT;POLEWALI MANDAR;BINUANG;REA;10;0;0;8;2;0;10;0;0;0;0;0;0;10;0;10;0;10;0;10;0;8;0;2;0;0;10;1;9
280;SULAWESI BARAT;POLEWALI MANDAR;BULO;BULO;0;0;0;0;0;0;0;0;0;0;0;0;0;0;0;0;0;0;0;0;0;0;0;0;0;0;0;0;0
281;SULAWESI BARAT;POLEWALI MANDAR;BULO;PULLIWA;1;0;0;1;0;1;0;0;1;0;0;0;0;1;0;1;0;1;0;1;0;1;0;0;0;0;1;0;1
282;SULAWESI BARAT;POLEWALI MANDAR;BULO;PATAMBANUA;3;0;0;0;3;0;3;0;0;0;0;0;0;3;0;3;0;3;0;3;0;2;1;0;0;0;3;2;1
283;SULAWESI BARAT;POLEWALI MANDAR;BULO;KAROMBANG;0;0;0;0;0;0;0;0;0;0;0;0;0;0;0;0;0;0;0;0;0;0;0;0;0;0;0;0;0
284;SULAWESI BARAT;POLEWALI MANDAR;BULO;DAALA TIMUR;0;0;0;0;0;0;0;0;0;0;0;0;0;0;0;0;0;0;0;0;0;0;0;0;0;0;0;0;0
285;SULAWESI BARAT;POLEWALI MANDAR;BULO;LENGGO;0;0;0;0;0;0;0;0;0;0;0;0;0;0;0;0;0;0;0;0;0;0;0;0;0;0;0;0;0
286;SULAWESI BARAT;POLEWALI MANDAR;BULO;SABURA;0;0;0;0;0;0;0;0;0;0;0;0;0;0;0;0;0;0;0;0;0;0;0;0;0;0;0;0;0
287;SULAWESI BARAT;POLEWALI MANDAR;BULO;SEPPORRAKI;0;0;0;0;0;0;0;0;0;0;0;0;0;0;0;0;0;0;0;0;0;0;0;0;0;0;0;0;0
288;SULAWESI BARAT;POLEWALI MANDAR;BULO;IHING;1;0;0;1;0;0;1;0;0;0;0;0;0;1;0;1;0;1;0;1;0;0;1;0;0;1;0;1;0
289;SULAWESI BARAT;POLEWALI MANDAR;CAMPALAGIAN;PAPPANG;0;0;0;0;0;0;0;0;0;0;0;0;0;0;0;0;0;0;0;0;0;0;0;0;0;0;0;0;0
290;SULAWESI BARAT;POLEWALI MANDAR;CAMPALAGIAN;LALIKO;0;0;0;0;0;0;0;0;0;0;0;0;0;0;0;0;0;0;0;0;0;0;0;0;0;0;0;0;0
291;SULAWESI BARAT;POLEWALI MANDAR;CAMPALAGIAN;BONDE;0;0;0;0;0;0;0;0;0;0;0;0;0;0;0;0;0;0;0;0;0;0;0;0;0;0;0;0;0
292;SULAWESI BARAT;POLEWALI MANDAR;CAMPALAGIAN;KATUMBANGAN LEMO;0;0;0;0;0;0;0;0;0;0;0;0;0;0;0;0;0;0;0;0;0;0;0;0;0;0;0;0;0
293;SULAWESI BARAT;POLEWALI MANDAR;CAMPALAGIAN;PANYAMPA;1;0;0;1;0;0;1;0;0;0;0;0;0;1;0;1;0;1;0;1;0;1;0;0;0;0;1;0;1
294;SULAWESI BARAT;POLEWALI MANDAR;CAMPALAGIAN;SURUANG;0;0;0;0;0;0;0;0;0;0;0;0;0;0;0;0;0;0;0;0;0;0;0;0;0;0;0;0;0
295;SULAWESI BARAT;POLEWALI MANDAR;CAMPALAGIAN;LAMPOKO;1;0;0;1;0;0;1;0;0;0;0;0;0;1;0;1;0;1;0;1;0;1;0;0;0;0;1;1;0
296;SULAWESI BARAT;POLEWALI MANDAR;CAMPALAGIAN;KATUMBANGAN;5;0;0;3;2;0;5;0;0;0;0;0;0;5;0;5;0;5;0;5;0;5;0;0;0;0;5;1;4
297;SULAWESI BARAT;POLEWALI MANDAR;CAMPALAGIAN;LAPEO;2;0;0;2;0;0;2;0;0;0;0;0;0;2;0;2;0;2;0;2;0;1;0;1;0;2;0;2;0
298;SULAWESI BARAT;POLEWALI MANDAR;CAMPALAGIAN;PARAPPE;0;0;0;0;0;0;0;0;0;0;0;0;0;0;0;0;0;0;0;0;0;0;0;0;0;0;0;0;0
299;SULAWESI BARAT;POLEWALI MANDAR;CAMPALAGIAN;ONGKO;0;0;0;0;0;0;0;0;0;0;0;0;0;0;0;0;0;0;0;0;0;0;0;0;0;0;0;0;0
300;SULAWESI BARAT;POLEWALI MANDAR;CAMPALAGIAN;KENJE;0;0;0;0;0;0;0;0;0;0;0;0;0;0;0;0;0;0;0;0;0;0;0;0;0;0;0;0;0
301;SULAWESI BARAT;POLEWALI MANDAR;CAMPALAGIAN;SUMARRANG;1;0;0;1;0;0;1;0;0;0;0;0;0;1;0;1;0;1;0;1;0;1;0;0;0;0;1;0;1
302;SULAWESI BARAT;POLEWALI MANDAR;CAMPALAGIAN;BOTTO;0;0;0;0;0;0;0;0;0;0;0;0;0;0;0;0;0;0;0;0;0;0;0;0;0;0;0;0;0
303;SULAWESI BARAT;POLEWALI MANDAR;CAMPALAGIAN;GATTUNGAN;4;0;0;3;1;0;4;0;0;0;0;0;0;4;0;4;0;4;0;4;0;4;0;0;0;3;1;4;0
304;SULAWESI BARAT;POLEWALI MANDAR;CAMPALAGIAN;PADANG TIMUR;0;0;0;0;0;0;0;0;0;0;0;0;0;0;0;0;0;0;0;0;0;0;0;0;0;0;0;0;0
305;SULAWESI BARAT;POLEWALI MANDAR;CAMPALAGIAN;PADANG;0;0;0;0;0;0;0;0;0;0;0;0;0;0;0;0;0;0;0;0;0;0;0;0;0;0;0;0;0
306;SULAWESI BARAT;POLEWALI MANDAR;CAMPALAGIAN;LAGI-AGI;0;0;0;0;0;0;0;0;0;0;0;0;0;0;0;0;0;0;0;0;0;0;0;0;0;0;0;0;0
307;SULAWESI BARAT;POLEWALI MANDAR;LIMBORO;LIMBORO;8;0;0;5;3;0;8;0;0;0;0;0;0;8;0;8;0;7;1;7;1;8;0;0;0;6;2;8;0
308;SULAWESI BARAT;POLEWALI MANDAR;LIMBORO;LEMBANG LEMBANG;3;0;0;2;1;0;3;0;0;0;0;0;0;3;0;3;0;3;0;3;0;3;0;0;0;2;1;0;3
309;SULAWESI BARAT;POLEWALI MANDAR;LIMBORO;TANDASURA;1;0;0;0;1;0;1;0;0;0;0;0;0;1;0;1;0;1;0;1;0;1;0;0;0;0;1;1;0
310;SULAWESI BARAT;POLEWALI MANDAR;LIMBORO;SAMASUNDU;10;0;0;6;4;0;10;0;0;0;0;0;0;10;0;10;0;10;0;10;0;10;0;0;0;0;10;0;10
311;SULAWESI BARAT;POLEWALI MANDAR;LIMBORO;NAPO;3;0;0;3;0;0;3;0;0;0;0;0;0;3;0;3;0;3;0;3;0;3;0;0;0;0;3;1;2
312;SULAWESI BARAT;POLEWALI MANDAR;LIMBORO;TODANG TODANG;0;0;0;0;0;0;0;0;0;0;0;0;0;0;0;0;0;0;0;0;0;0;0;0;0;0;0;0;0
313;SULAWESI BARAT;POLEWALI MANDAR;LIMBORO;PENDULANGAN;0;0;0;0;0;0;0;0;0;0;0;0;0;0;0;0;0;0;0;0;0;0;0;0;0;0;0;0;0
314;SULAWESI BARAT;POLEWALI MANDAR;LIMBORO;RENGGEANG;6;0;0;2;4;0;6;0;0;0;0;0;0;6;0;6;0;6;0;6;0;6;0;0;0;4;2;3;3
315;SULAWESI BARAT;POLEWALI MANDAR;LIMBORO;SALARRI;0;0;0;0;0;0;0;0;0;0;0;0;0;0;0;0;0;0;0;0;0;0;0;0;0;0;0;0;0
316;SULAWESI BARAT;POLEWALI MANDAR;LIMBORO;TANGAN BARU;0;0;0;0;0;0;0;0;0;0;0;0;0;0;0;0;0;0;0;0;0;0;0;0;0;0;0;0;0
317;SULAWESI BARAT;POLEWALI MANDAR;LIMBORO;PALECE;4;0;0;3;1;0;4;0;0;0;0;0;0;4;0;4;0;0;4;0;4;4;0;0;0;0;4;3;1
318;SULAWESI BARAT;POLEWALI MANDAR;LUYO;BATUPANGA;0;0;0;0;0;0;0;0;0;0;0;0;0;0;0;0;0;0;0;0;0;0;0;0;0;0;0;0;0
319;SULAWESI BARAT;POLEWALI MANDAR;LUYO;MAMBU;0;0;0;0;0;0;0;0;0;0;0;0;0;0;0;0;0;0;0;0;0;0;0;0;0;0;0;0;0
320;SULAWESI BARAT;POLEWALI MANDAR;LUYO;TENGGELANG;0;0;0;0;0;0;0;0;0;0;0;0;0;0;0;0;0;0;0;0;0;0;0;0;0;0;0;0;0
321;SULAWESI BARAT;POLEWALI MANDAR;LUYO;BARU;3;0;0;3;0;0;3;0;0;0;0;0;0;3;0;3;0;3;0;3;0;3;0;0;0;1;2;1;2
322;SULAWESI BARAT;POLEWALI MANDAR;LUYO;PUSSUI;0;0;0;0;0;0;0;0;0;0;0;0;0;0;0;0;0;0;0;0;0;0;0;0;0;0;0;0;0
323;SULAWESI BARAT;POLEWALI MANDAR;LUYO;MAPILI BARAT;0;0;0;0;0;0;0;0;0;0;0;0;0;0;0;0;0;0;0;0;0;0;0;0;0;0;0;0;0
324;SULAWESI BARAT;POLEWALI MANDAR;LUYO;SAMBALI WALI;0;0;0;0;0;0;0;0;0;0;0;0;0;0;0;0;0;0;0;0;0;0;0;0;0;0;0;0;0
325;SULAWESI BARAT;POLEWALI MANDAR;LUYO;BATUPANGA DAALA;0;0;0;0;0;0;0;0;0;0;0;0;0;0;0;0;0;0;0;0;0;0;0;0;0;0;0;0;0
326;SULAWESI BARAT;POLEWALI MANDAR;LUYO;LUYO;2;0;0;2;0;0;2;0;0;0;0;0;0;2;0;2;0;2;0;2;0;2;0;0;0;0;2;2;0
327;SULAWESI BARAT;POLEWALI MANDAR;LUYO;PUSSUI BARAT;0;0;0;0;0;0;0;0;0;0;0;0;0;0;0;0;0;0;0;0;0;0;0;0;0;0;0;0;0
328;SULAWESI BARAT;POLEWALI MANDAR;LUYO;PUCCADI;0;0;0;0;0;0;0;0;0;0;0;0;0;0;0;0;0;0;0;0;0;0;0;0;0;0;0;0;0
;SULAWESI BARAT;POLEWALI MANDAR;MAPILLI;MAPILI;1;0;0;1;0;0;1;0;0;0;0;0;0;1;0;1;0;1;0;1;0;1;0;0;0;1;0;1;0
;SULAWESI BARAT;POLEWALI MANDAR;MAPILLI;UGIBARU;6;0;0;5;1;0;6;0;0;0;0;0;0;6;0;6;0;6;0;6;0;6;0;0;0;0;6;0;6
;SULAWESI BARAT;POLEWALI MANDAR;MAPILLI;RUMPA;0;0;0;0;0;0;0;0;0;0;0;0;0;0;0;0;0;0;0;0;0;0;0;0;0;0;0;0;0
;SULAWESI BARAT;POLEWALI MANDAR;MAPILLI;KURMA;0;0;0;0;0;0;0;0;0;0;0;0;0;0;0;0;0;0;0;0;0;0;0;0;0;0;0;0;0
;SULAWESI BARAT;POLEWALI MANDAR;MAPILLI;BUKU;0;0;0;0;0;0;0;0;0;0;0;0;0;0;0;0;0;0;0;0;0;0;0;0;0;0;0;0;0
;SULAWESI BARAT;POLEWALI MANDAR;MAPILLI;BONNE BONNE;0;0;0;0;0;0;0;0;0;0;0;0;0;0;0;0;0;0;0;0;0;0;0;0;0;0;0;0;0
329;SULAWESI BARAT;POLEWALI MANDAR;MAPILLI;BEROANGIN;0;0;0;0;0;0;0;0;0;0;0;0;0;0;0;0;0;0;0;0;0;0;0;0;0;0;0;0;0
330;SULAWESI BARAT;POLEWALI MANDAR;MAPILLI;SEGERANG;1;0;0;0;1;0;1;0;0;0;0;0;0;1;0;1;0;1;0;1;0;1;0;0;0;0;1;0;1
331;SULAWESI BARAT;POLEWALI MANDAR;MAPILLI;BONRA;4;0;0;3;1;0;4;0;0;0;0;0;0;4;0;4;0;4;0;4;0;4;0;0;0;0;4;4;0
332;SULAWESI BARAT;POLEWALI MANDAR;MAPILLI;SATTOKO;0;0;0;0;0;0;0;0;0;0;0;0;0;0;0;0;0;0;0;0;0;0;0;0;0;0;0;0;0
333;SULAWESI BARAT;POLEWALI MANDAR;MAPILLI;RAPPANG BARAT;2;0;0;1;1;0;2;0;0;0;0;0;0;2;0;2;0;2;0;2;0;2;0;0;0;1;1;0;2
334;SULAWESI BARAT;POLEWALI MANDAR;MAPILLI;LANDI KANUSUANG;0;0;0;0;0;0;0;0;0;0;0;0;0;0;0;0;0;0;0;0;0;0;0;0;0;0;0;0;0
335;SULAWESI BARAT;POLEWALI MANDAR;MATAKALI;MATAKALI;1;0;0;1;0;1;0;0;0;0;1;0;0;1;0;1;0;1;0;1;0;0;1;0;0;0;1;0;1
336;SULAWESI BARAT;POLEWALI MANDAR;MATAKALI;PETAMPANUA;0;0;0;0;0;0;0;0;0;0;0;0;0;0;0;0;0;0;0;0;0;0;0;0;0;0;0;0;0
337;SULAWESI BARAT;POLEWALI MANDAR;MATAKALI;BARUMBUNG;0;0;0;0;0;0;0;0;0;0;0;0;0;0;0;0;0;0;0;0;0;0;0;0;0;0;0;0;0
338;SULAWESI BARAT;POLEWALI MANDAR;MATAKALI;PASIANG;5;0;0;4;1;1;4;1;0;0;0;0;0;4;1;4;1;5;0;5;0;5;0;0;0;0;5;5;0
339;SULAWESI BARAT;POLEWALI MANDAR;MATAKALI;TONROLIMA;0;0;0;0;0;0;0;0;0;0;0;0;0;0;0;0;0;0;0;0;0;0;0;0;0;0;0;0;0
340;SULAWESI BARAT;POLEWALI MANDAR;MATAKALI;INDOMAKKOMBONG;0;0;0;0;0;0;0;0;0;0;0;0;0;0;0;0;0;0;0;0;0;0;0;0;0;0;0;0;0
341;SULAWESI BARAT;POLEWALI MANDAR;MATAKALI;BUNGA-BUNGA;0;0;0;0;0;0;0;0;0;0;0;0;0;0;0;0;0;0;0;0;0;0;0;0;0;0;0;0;0
342;SULAWESI BARAT;POLEWALI MANDAR;MATANGNGA;MATANGNGA;0;0;0;0;0;0;0;0;0;0;0;0;0;0;0;0;0;0;0;0;0;0;0;0;0;0;0;0;0
343;SULAWESI BARAT;POLEWALI MANDAR;MATANGNGA;LILLI;0;0;0;0;0;0;0;0;0;0;0;0;0;0;0;0;0;0;0;0;0;0;0;0;0;0;0;0;0
344;SULAWESI BARAT;POLEWALI MANDAR;MATANGNGA;RANGOAN;0;0;0;0;0;0;0;0;0;0;0;0;0;0;0;0;0;0;0;0;0;0;0;0;0;0;0;0;0
345;SULAWESI BARAT;POLEWALI MANDAR;MATANGNGA;TAPUA;0;0;0;0;0;0;0;0;0;0;0;0;0;0;0;0;0;0;0;0;0;0;0;0;0;0;0;0;0
346;SULAWESI BARAT;POLEWALI MANDAR;MATANGNGA;MAMBU TAPUA;0;0;0;0;0;0;0;0;0;0;0;0;0;0;0;0;0;0;0;0;0;0;0;0;0;0;0;0;0
347;SULAWESI BARAT;POLEWALI MANDAR;MATANGNGA;BA'BA TAPUA;0;0;0;0;0;0;0;0;0;0;0;0;0;0;0;0;0;0;0;0;0;0;0;0;0;0;0;0;0
348;SULAWESI BARAT;POLEWALI MANDAR;MATANGNGA;KATIMBANG;1;0;0;1;0;0;1;0;0;0;0;0;0;1;0;1;0;1;0;1;0;0;0;1;0;0;1;1;0
349;SULAWESI BARAT;POLEWALI MANDAR;POLEWALI;POLEWALI;6;0;0;4;2;0;6;0;0;0;0;0;0;6;0;6;0;6;0;6;0;6;0;0;0;0;6;1;5
350;SULAWESI BARAT;POLEWALI MANDAR;POLEWALI;WATTANG;0;0;0;0;0;0;0;0;0;0;0;0;0;0;0;0;0;0;0;0;0;0;0;0;0;0;0;0;0
351;SULAWESI BARAT;POLEWALI MANDAR;POLEWALI;SULEWATANG;0;0;0;0;0;0;0;0;0;0;0;0;0;0;0;0;0;0;0;0;0;0;0;0;0;0;0;0;0
352;SULAWESI BARAT;POLEWALI MANDAR;POLEWALI;LANTORA;1;0;0;1;0;0;1;0;0;0;0;0;0;1;0;1;0;1;0;1;0;0;1;0;0;1;0;0;1
353;SULAWESI BARAT;POLEWALI MANDAR;POLEWALI;TAKATIDUNG;0;0;0;0;0;0;0;0;0;0;0;0;0;0;0;0;0;0;0;0;0;0;0;0;0;0;0;0;0
354;SULAWESI BARAT;POLEWALI MANDAR;POLEWALI;PEKKABATA;0;0;0;0;0;0;0;0;0;0;0;0;0;0;0;0;0;0;0;0;0;0;0;0;0;0;0;0;0
355;SULAWESI BARAT;POLEWALI MANDAR;POLEWALI;MADATE;1;0;0;0;1;0;1;0;0;0;0;0;0;1;0;1;0;1;0;1;0;1;0;0;0;0;1;0;1
356;SULAWESI BARAT;POLEWALI MANDAR;POLEWALI;MANDING;2;0;0;1;1;1;1;0;1;0;0;0;0;2;0;2;0;2;0;2;0;2;0;0;0;2;0;1;1
357;SULAWESI BARAT;POLEWALI MANDAR;POLEWALI;DARMA;0;0;0;0;0;0;0;0;0;0;0;0;0;0;0;0;0;0;0;0;0;0;0;0;0;0;0;0;0
358;SULAWESI BARAT;POLEWALI MANDAR;TAPANGO;PELITAKAN;0;0;0;0;0;0;0;0;0;0;0;0;0;0;0;0;0;0;0;0;0;0;0;0;0;0;0;0;0
359;SULAWESI BARAT;POLEWALI MANDAR;TAPANGO;TAPANGO;0;0;0;0;0;0;0;0;0;0;0;0;0;0;0;0;0;0;0;0;0;0;0;0;0;0;0;0;0
360;SULAWESI BARAT;POLEWALI MANDAR;TAPANGO;RAPPANG;0;0;0;0;0;0;0;0;0;0;0;0;0;0;0;0;0;0;0;0;0;0;0;0;0;0;0;0;0
361;SULAWESI BARAT;POLEWALI MANDAR;TAPANGO;DAKKA;0;0;0;0;0;0;0;0;0;0;0;0;0;0;0;0;0;0;0;0;0;0;0;0;0;0;0;0;0
362;SULAWESI BARAT;POLEWALI MANDAR;TAPANGO;BATU;0;0;0;0;0;0;0;0;0;0;0;0;0;0;0;0;0;0;0;0;0;0;0;0;0;0;0;0;0
363;SULAWESI BARAT;POLEWALI MANDAR;TAPANGO;RISO;0;0;0;0;0;0;0;0;0;0;0;0;0;0;0;0;0;0;0;0;0;0;0;0;0;0;0;0;0
364;SULAWESI BARAT;POLEWALI MANDAR;TAPANGO;PALATTA;0;0;0;0;0;0;0;0;0;0;0;0;0;0;0;0;0;0;0;0;0;0;0;0;0;0;0;0;0
365;SULAWESI BARAT;POLEWALI MANDAR;TAPANGO;TAPANGO BARAT;0;0;0;0;0;0;0;0;0;0;0;0;0;0;0;0;0;0;0;0;0;0;0;0;0;0;0;0;0
366;SULAWESI BARAT;POLEWALI MANDAR;TAPANGO;KURRAK;0;0;0;0;0;0;0;0;0;0;0;0;0;0;0;0;0;0;0;0;0;0;0;0;0;0;0;0;0
367;SULAWESI BARAT;POLEWALI MANDAR;TAPANGO;BUSSU;0;0;0;0;0;0;0;0;0;0;0;0;0;0;0;0;0;0;0;0;0;0;0;0;0;0;0;0;0
368;SULAWESI BARAT;POLEWALI MANDAR;TAPANGO;TUTTULA;0;0;0;0;0;0;0;0;0;0;0;0;0;0;0;0;0;0;0;0;0;0;0;0;0;0;0;0;0
369;SULAWESI BARAT;POLEWALI MANDAR;TAPANGO;JAMBU MALEA;10;0;0;9;1;0;10;0;0;0;0;0;0;10;0;10;0;10;0;10;0;10;0;0;0;10;0;7;3
370;SULAWESI BARAT;POLEWALI MANDAR;TAPANGO;KALIMBUA;0;0;0;0;0;0;0;0;0;0;0;0;0;0;0;0;0;0;0;0;0;0;0;0;0;0;0;0;0
371;SULAWESI BARAT;POLEWALI MANDAR;TAPANGO;BANATO REJO;0;0;0;0;0;0;0;0;0;0;0;0;0;0;0;0;0;0;0;0;0;0;0;0;0;0;0;0;0
372;SULAWESI BARAT;POLEWALI MANDAR;TINAMBUNG;TINAMBUNG;0;0;0;0;0;0;0;0;0;0;0;0;0;0;0;0;0;0;0;0;0;0;0;0;0;0;0;0;0
373;SULAWESI BARAT;POLEWALI MANDAR;TINAMBUNG;KARAMA;25;0;0;18;7;0;25;0;0;0;0;1;0;24;0;24;0;25;0;24;1;1;0;24;0;0;25;23;2
374;SULAWESI BARAT;POLEWALI MANDAR;TINAMBUNG;TANGNGA TANGNGA;7;0;0;6;1;0;7;0;0;0;0;0;0;7;0;7;0;7;0;7;0;1;0;6;0;0;7;7;0
375;SULAWESI BARAT;POLEWALI MANDAR;TINAMBUNG;LEKOPADIS;6;0;0;3;3;0;6;0;0;0;0;0;0;6;0;6;0;5;1;5;1;6;0;0;0;0;6;4;2
376;SULAWESI BARAT;POLEWALI MANDAR;TINAMBUNG;GALUNG LOMBOK;0;0;0;0;0;0;0;0;0;0;0;0;0;0;0;0;0;0;0;0;0;0;0;0;0;0;0;0;0
377;SULAWESI BARAT;POLEWALI MANDAR;TINAMBUNG;TANDUNG;0;0;0;0;0;0;0;0;0;0;0;0;0;0;0;0;0;0;0;0;0;0;0;0;0;0;0;0;0
378;SULAWESI BARAT;POLEWALI MANDAR;TINAMBUNG;BATULAYA;0;0;0;0;0;0;0;0;0;0;0;0;0;0;0;0;0;0;0;0;0;0;0;0;0;0;0;0;0
379;SULAWESI BARAT;POLEWALI MANDAR;TINAMBUNG;SEPABATU;0;0;0;0;0;0;0;0;0;0;0;0;0;0;0;0;0;0;0;0;0;0;0;0;0;0;0;0;0
380;SULAWESI BARAT;POLEWALI MANDAR;TUTAR;TARAMANU;0;0;0;0;0;0;0;0;0;0;0;0;0;0;0;0;0;0;0;0;0;0;0;0;0;0;0;0;0
381;SULAWESI BARAT;POLEWALI MANDAR;TUTAR;AMBOPADANG;0;0;0;0;0;0;0;0;0;0;0;0;0;0;0;0;0;0;0;0;0;0;0;0;0;0;0;0;0
382;SULAWESI BARAT;POLEWALI MANDAR;TUTAR;TUBBI;0;0;0;0;0;0;0;0;0;0;0;0;0;0;0;0;0;0;0;0;0;0;0;0;0;0;0;0;0
383;SULAWESI BARAT;POLEWALI MANDAR;TUTAR;RATTE;0;0;0;0;0;0;0;0;0;0;0;0;0;0;0;0;0;0;0;0;0;0;0;0;0;0;0;0;0
384;SULAWESI BARAT;POLEWALI MANDAR;TUTAR;BESOANGIN;0;0;0;0;0;0;0;0;0;0;0;0;0;0;0;0;0;0;0;0;0;0;0;0;0;0;0;0;0
385;SULAWESI BARAT;POLEWALI MANDAR;TUTAR;PIRIANG TAPIKO;0;0;0;0;0;0;0;0;0;0;0;0;0;0;0;0;0;0;0;0;0;0;0;0;0;0;0;0;0
386;SULAWESI BARAT;POLEWALI MANDAR;TUTAR;PEBURRU;0;0;0;0;0;0;0;0;0;0;0;0;0;0;0;0;0;0;0;0;0;0;0;0;0;0;0;0;0
387;SULAWESI BARAT;POLEWALI MANDAR;TUTAR;TALOBA;0;0;0;0;0;0;0;0;0;0;0;0;0;0;0;0;0;0;0;0;0;0;0;0;0;0;0;0;0
388;SULAWESI BARAT;POLEWALI MANDAR;TUTAR;POLLEWANI;1;0;0;1;0;0;1;0;0;0;0;0;0;1;0;1;0;1;0;1;0;1;0;0;0;0;1;0;1
389;SULAWESI BARAT;POLEWALI MANDAR;TUTAR;ARABUA;0;0;0;0;0;0;0;0;0;0;0;0;0;0;0;0;0;0;0;0;0;0;0;0;0;0;0;0;0
390;SULAWESI BARAT;POLEWALI MANDAR;TUTAR;BESOANGIN UTARA;0;0;0;0;0;0;0;0;0;0;0;0;0;0;0;0;0;0;0;0;0;0;0;0;0;0;0;0;0
391;SULAWESI BARAT;POLEWALI MANDAR;TUTAR;PODA;0;0;0;0;0;0;0;0;0;0;0;0;0;0;0;0;0;0;0;0;0;0;0;0;0;0;0;0;0
392;SULAWESI BARAT;POLEWALI MANDAR;TUTAR;TARAMANU TUA;0;0;0;0;0;0;0;0;0;0;0;0;0;0;0;0;0;0;0;0;0;0;0;0;0;0;0;0;0
393;SULAWESI BARAT;POLEWALI MANDAR;WONOMULYO;SIDODADI;0;0;0;0;0;0;0;0;0;0;0;0;0;0;0;0;0;0;0;0;0;0;0;0;0;0;0;0;0
394;SULAWESI BARAT;POLEWALI MANDAR;WONOMULYO;SIDOREJO;8;0;0;7;1;1;7;0;0;0;1;0;0;7;1;7;1;8;0;8;0;8;0;0;0;8;0;8;0
395;SULAWESI BARAT;POLEWALI MANDAR;WONOMULYO;SUMBEREJO;10;0;0;3;7;1;9;0;0;1;0;0;0;10;0;10;0;10;0;10;0;10;0;0;0;3;7;2;8
396;SULAWESI BARAT;POLEWALI MANDAR;WONOMULYO;BUMIAYU;16;0;0;5;11;1;15;0;1;0;0;1;0;15;0;15;0;16;0;16;0;4;0;12;0;11;5;12;4
397;SULAWESI BARAT;POLEWALI MANDAR;WONOMULYO;KEBUNSARI;4;0;0;3;1;0;4;0;0;0;0;0;0;4;0;4;0;4;0;4;0;4;0;0;0;2;2;4;0
398;SULAWESI BARAT;POLEWALI MANDAR;WONOMULYO;BANUA BARU;0;0;0;0;0;0;0;0;0;0;0;0;0;0;0;0;0;0;0;0;0;0;0;0;0;0;0;0;0
399;SULAWESI BARAT;POLEWALI MANDAR;WONOMULYO;NEPO;1;0;0;0;1;1;0;1;0;0;0;0;0;1;0;1;0;1;0;1;0;1;0;0;0;0;1;0;1
400;SULAWESI BARAT;POLEWALI MANDAR;WONOMULYO;SUGIHWARAS;5;0;0;4;1;0;5;0;0;0;0;0;0;5;0;5;0;5;0;5;0;5;0;0;0;0;5;2;3
401;SULAWESI BARAT;POLEWALI MANDAR;WONOMULYO;CAMPURJO;0;0;0;0;0;0;0;0;0;0;0;0;0;0;0;0;0;0;0;0;0;0;0;0;0;0;0;0;0
402;SULAWESI BARAT;POLEWALI MANDAR;WONOMULYO;BUMIMULYO;0;0;0;0;0;0;0;0;0;0;0;0;0;0;0;0;0;0;0;0;0;0;0;0;0;0;0;0;0
403;SULAWESI BARAT;POLEWALI MANDAR;WONOMULYO;TUMPILING;5;0;0;5;0;0;5;0;0;0;0;1;0;4;0;4;0;5;0;5;0;5;0;0;0;1;4;0;5
404;SULAWESI BARAT;POLEWALI MANDAR;WONOMULYO;BAKKA-BAKKA;0;0;0;0;0;0;0;0;0;0;0;0;0;0;0;0;0;0;0;0;0;0;0;0;0;0;0;0;0
405;SULAWESI BARAT;POLEWALI MANDAR;WONOMULYO;ARJO SARI;0;0;0;0;0;0;0;0;0;0;0;0;0;0;0;0;0;0;0;0;0;0;0;0;0;0;0;0;0
406;SULAWESI BARAT;POLEWALI MANDAR;WONOMULYO;GALESON;4;0;0;3;1;0;4;0;0;0;0;0;0;4;0;4;0;4;0;4;0;2;2;0;0;3;1;2;2
407;SULAWESI BARAT;MAMASA;MAMASA;MAMASA;0;0;0;0;0;0;0;0;0;0;0;0;0;0;0;0;0;0;0;0;0;0;0;0;0;0;0;0;0
408;SULAWESI BARAT;MAMASA;MAMASA;RAMBUSARATU;0;0;0;0;0;0;0;0;0;0;0;0;0;0;0;0;0;0;0;0;0;0;0;0;0;0;0;0;0
409;SULAWESI BARAT;MAMASA;MAMASA;OSANGO;0;0;0;0;0;0;0;0;0;0;0;0;0;0;0;0;0;0;0;0;0;0;0;0;0;0;0;0;0
410;SULAWESI BARAT;MAMASA;MAMASA;LAMBANAN;0;0;0;0;0;0;0;0;0;0;0;0;0;0;0;0;0;0;0;0;0;0;0;0;0;0;0;0;0
411;SULAWESI BARAT;MAMASA;MAMASA;LEMBANA SALULO;0;0;0;0;0;0;0;0;0;0;0;0;0;0;0;0;0;0;0;0;0;0;0;0;0;0;0;0;0
412;SULAWESI BARAT;MAMASA;MAMASA;TAUPE;0;0;0;0;0;0;0;0;0;0;0;0;0;0;0;0;0;0;0;0;0;0;0;0;0;0;0;0;0
413;SULAWESI BARAT;MAMASA;MAMASA;BUNTU BUDA;0;0;0;0;0;0;0;0;0;0;0;0;0;0;0;0;0;0;0;0;0;0;0;0;0;0;0;0;0
414;SULAWESI BARAT;MAMASA;MAMASA;TONDOK BAKARU;0;0;0;0;0;0;0;0;0;0;0;0;0;0;0;0;0;0;0;0;0;0;0;0;0;0;0;0;0
415;SULAWESI BARAT;MAMASA;MAMASA;PEBASSIAN;0;0;0;0;0;0;0;0;0;0;0;0;0;0;0;0;0;0;0;0;0;0;0;0;0;0;0;0;0
416;SULAWESI BARAT;MAMASA;MAMASA;MAMBULILING;0;0;0;0;0;0;0;0;0;0;0;0;0;0;0;0;0;0;0;0;0;0;0;0;0;0;0;0;0
417;SULAWESI BARAT;MAMASA;MAMASA;BOMBONG LAMBE;0;0;0;0;0;0;0;0;0;0;0;0;0;0;0;0;0;0;0;0;0;0;0;0;0;0;0;0;0
418;SULAWESI BARAT;MAMASA;MAMASA;BUBUN BATU;0;0;0;0;0;0;0;0;0;0;0;0;0;0;0;0;0;0;0;0;0;0;0;0;0;0;0;0;0
419;SULAWESI BARAT;MAMASA;ARALLE;ARALLE;0;0;0;0;0;0;0;0;0;0;0;0;0;0;0;0;0;0;0;0;0;0;0;0;0;0;0;0;0
420;SULAWESI BARAT;MAMASA;ARALLE;RALLE ANAK;4;0;0;2;2;0;4;0;0;0;0;1;0;3;0;3;0;4;0;4;0;4;0;0;0;3;1;4;0
421;SULAWESI BARAT;MAMASA;ARALLE;PANETEAN;2;0;0;1;1;0;2;0;0;0;0;0;0;2;0;2;0;2;0;2;0;2;0;0;0;0;2;1;1
422;SULAWESI BARAT;MAMASA;ARALLE;UHAILANU;0;0;0;0;0;0;0;0;0;0;0;0;0;0;0;0;0;0;0;0;0;0;0;0;0;0;0;0;0
423;SULAWESI BARAT;MAMASA;ARALLE;ARALLE UTARA;3;0;0;1;2;0;3;0;0;0;0;0;0;3;0;3;0;3;0;3;0;3;0;0;0;0;3;0;3
424;SULAWESI BARAT;MAMASA;ARALLE;UHAIDAHO;0;0;0;0;0;0;0;0;0;0;0;0;0;0;0;0;0;0;0;0;0;0;0;0;0;0;0;0;0
425;SULAWESI BARAT;MAMASA;ARALLE;BARURU;0;0;0;0;0;0;0;0;0;0;0;0;0;0;0;0;0;0;0;0;0;0;0;0;0;0;0;0;0
426;SULAWESI BARAT;MAMASA;ARALLE;RALLEANAK UTARA;1;0;0;1;0;0;1;0;0;0;0;0;0;1;0;1;0;1;0;1;0;1;0;0;0;0;1;1;0
427;SULAWESI BARAT;MAMASA;ARALLE;PAMOSEANG PANGGA;0;0;0;0;0;0;0;0;0;0;0;0;0;0;0;0;0;0;0;0;0;0;0;0;0;0;0;0;0
428;SULAWESI BARAT;MAMASA;ARALLE;KALABE;0;0;0;0;0;0;0;0;0;0;0;0;0;0;0;0;0;0;0;0;0;0;0;0;0;0;0;0;0
429;SULAWESI BARAT;MAMASA;ARALLE;ARALLE SELATAN;0;0;0;0;0;0;0;0;0;0;0;0;0;0;0;0;0;0;0;0;0;0;0;0;0;0;0;0;0
430;SULAWESI BARAT;MAMASA;ARALLE;HAHANGAN;1;0;0;1;0;0;1;0;0;0;0;0;0;1;0;1;0;1;0;1;0;1;0;0;0;0;1;1;0
431;SULAWESI BARAT;MAMASA;BALLA;BALLA;0;0;0;0;0;0;0;0;0;0;0;0;0;0;0;0;0;0;0;0;0;0;0;0;0;0;0;0;0
432;SULAWESI BARAT;MAMASA;BALLA;BALLA BARAT;0;0;0;0;0;0;0;0;0;0;0;0;0;0;0;0;0;0;0;0;0;0;0;0;0;0;0;0;0
433;SULAWESI BARAT;MAMASA;BALLA;BALLA SATANETEAN;1;0;0;1;0;0;1;0;0;0;0;0;0;1;0;1;0;1;0;1;0;1;0;0;0;0;1;0;1
434;SULAWESI BARAT;MAMASA;BALLA;BALLA TUMUKA;2;0;0;2;0;0;2;0;0;0;0;0;0;2;0;2;0;2;0;2;0;1;0;1;0;2;0;2;0
435;SULAWESI BARAT;MAMASA;BALLA;SEPAKUAN;0;0;0;0;0;0;0;0;0;0;0;0;0;0;0;0;0;0;0;0;0;0;0;0;0;0;0;0;0
436;SULAWESI BARAT;MAMASA;BALLA;PIDARA;0;0;0;0;0;0;0;0;0;0;0;0;0;0;0;0;0;0;0;0;0;0;0;0;0;0;0;0;0
437;SULAWESI BARAT;MAMASA;BALLA;BAMBAPUANG;0;0;0;0;0;0;0;0;0;0;0;0;0;0;0;0;0;0;0;0;0;0;0;0;0;0;0;0;0
438;SULAWESI BARAT;MAMASA;BALLA;BALLA TIMUR;0;0;0;0;0;0;0;0;0;0;0;0;0;0;0;0;0;0;0;0;0;0;0;0;0;0;0;0;0
439;SULAWESI BARAT;MAMASA;BAMBANG;MOKALLANG;0;0;0;0;0;0;0;0;0;0;0;0;0;0;0;0;0;0;0;0;0;0;0;0;0;0;0;0;0
440;SULAWESI BARAT;MAMASA;BAMBANG;MASOSO;0;0;0;0;0;0;0;0;0;0;0;0;0;0;0;0;0;0;0;0;0;0;0;0;0;0;0;0;0
441;SULAWESI BARAT;MAMASA;BAMBANG;SALUASSING;0;0;0;0;0;0;0;0;0;0;0;0;0;0;0;0;0;0;0;0;0;0;0;0;0;0;0;0;0
442;SULAWESI BARAT;MAMASA;BAMBANG;SALUBULO;0;0;0;0;0;0;0;0;0;0;0;0;0;0;0;0;0;0;0;0;0;0;0;0;0;0;0;0;0
443;SULAWESI BARAT;MAMASA;BAMBANG;SALUKADI;4;0;0;4;0;0;4;0;0;0;0;0;0;4;0;4;0;4;0;4;0;4;0;0;0;0;4;0;4
444;SULAWESI BARAT;MAMASA;BAMBANG;SALUKEPOPOK;4;0;0;3;1;0;4;0;0;0;0;0;0;4;0;4;0;4;0;4;0;4;0;0;0;0;4;4;0
445;SULAWESI BARAT;MAMASA;BAMBANG;ULUMAMBI BARAT;0;0;0;0;0;0;0;0;0;0;0;0;0;0;0;0;0;0;0;0;0;0;0;0;0;0;0;0;0
446;SULAWESI BARAT;MAMASA;BAMBANG;LIMBADEBATA;1;0;0;1;0;0;1;0;0;0;0;0;0;1;0;1;0;1;0;1;0;1;0;0;0;0;1;0;1
447;SULAWESI BARAT;MAMASA;BAMBANG;TANETE TOMBA;2;0;0;2;0;0;2;0;0;0;0;0;0;2;0;2;0;2;0;2;0;1;1;0;0;0;2;1;1
448;SULAWESI BARAT;MAMASA;BAMBANG;BAMBANG;0;0;0;0;0;0;0;0;0;0;0;0;0;0;0;0;0;0;0;0;0;0;0;0;0;0;0;0;0
449;SULAWESI BARAT;MAMASA;BAMBANG;RANTELEMO;0;0;0;0;0;0;0;0;0;0;0;0;0;0;0;0;0;0;0;0;0;0;0;0;0;0;0;0;0
450;SULAWESI BARAT;MAMASA;BAMBANG;SALUDENGEN;1;0;0;1;0;0;1;0;0;0;0;0;0;1;0;1;0;1;0;1;0;0;1;0;0;1;0;0;1
451;SULAWESI BARAT;MAMASA;BAMBANG;ULUMAMBI;0;0;0;0;0;0;0;0;0;0;0;0;0;0;0;0;0;0;0;0;0;0;0;0;0;0;0;0;0
452;SULAWESI BARAT;MAMASA;BAMBANG;BAMBANG TIMUR;0;0;0;0;0;0;0;0;0;0;0;0;0;0;0;0;0;0;0;0;0;0;0;0;0;0;0;0;0
453;SULAWESI BARAT;MAMASA;BAMBANG;MINANGA;0;0;0;0;0;0;0;0;0;0;0;0;0;0;0;0;0;0;0;0;0;0;0;0;0;0;0;0;0
454;SULAWESI BARAT;MAMASA;BAMBANG;SIKAMASE;0;0;0;0;0;0;0;0;0;0;0;0;0;0;0;0;0;0;0;0;0;0;0;0;0;0;0;0;0
455;SULAWESI BARAT;MAMASA;BAMBANG;RANTETARIMA;0;0;0;0;0;0;0;0;0;0;0;0;0;0;0;0;0;0;0;0;0;0;0;0;0;0;0;0;0
456;SULAWESI BARAT;MAMASA;BAMBANG;SALURURU;0;0;0;0;0;0;0;0;0;0;0;0;0;0;0;0;0;0;0;0;0;0;0;0;0;0;0;0;0
457;SULAWESI BARAT;MAMASA;BAMBANG;SALUTABANG;2;0;0;0;2;0;2;0;0;0;0;0;0;2;0;2;0;2;0;2;0;0;0;2;0;2;0;2;0
458;SULAWESI BARAT;MAMASA;BAMBANG;BALATANA;0;0;0;0;0;0;0;0;0;0;0;0;0;0;0;0;0;0;0;0;0;0;0;0;0;0;0;0;0
459;SULAWESI BARAT;MAMASA;BUNTUMALANGKA;BUNTUMALANGKA;6;0;0;2;4;0;6;0;0;0;0;0;0;6;0;6;0;6;0;6;0;6;0;0;0;0;6;0;6
460;SULAWESI BARAT;MAMASA;BUNTUMALANGKA;RANTEBERAN;0;0;0;0;0;0;0;0;0;0;0;0;0;0;0;0;0;0;0;0;0;0;0;0;0;0;0;0;0
461;SULAWESI BARAT;MAMASA;BUNTUMALANGKA;KEBANGA;0;0;0;0;0;0;0;0;0;0;0;0;0;0;0;0;0;0;0;0;0;0;0;0;0;0;0;0;0
462;SULAWESI BARAT;MAMASA;BUNTUMALANGKA;SALURINDU;0;0;0;0;0;0;0;0;0;0;0;0;0;0;0;0;0;0;0;0;0;0;0;0;0;0;0;0;0
463;SULAWESI BARAT;MAMASA;BUNTUMALANGKA;TAORA;0;0;0;0;0;0;0;0;0;0;0;0;0;0;0;0;0;0;0;0;0;0;0;0;0;0;0;0;0
464;SULAWESI BARAT;MAMASA;BUNTUMALANGKA;KABAE;0;0;0;0;0;0;0;0;0;0;0;0;0;0;0;0;0;0;0;0;0;0;0;0;0;0;0;0;0
465;SULAWESI BARAT;MAMASA;BUNTUMALANGKA;SALUTAMBUN BARAT;5;0;0;2;3;0;5;0;0;0;0;0;0;5;0;5;0;5;0;5;0;5;0;0;0;0;5;4;1
466;SULAWESI BARAT;MAMASA;BUNTUMALANGKA;PENATANGAN;0;0;0;0;0;0;0;0;0;0;0;0;0;0;0;0;0;0;0;0;0;0;0;0;0;0;0;0;0
467;SULAWESI BARAT;MAMASA;BUNTUMALANGKA;SALUTAMBUN TIMUR;0;0;0;0;0;0;0;0;0;0;0;0;0;0;0;0;0;0;0;0;0;0;0;0;0;0;0;0;0
468;SULAWESI BARAT;MAMASA;BUNTUMALANGKA;SALUTAMBUN;0;0;0;0;0;0;0;0;0;0;0;0;0;0;0;0;0;0;0;0;0;0;0;0;0;0;0;0;0
469;SULAWESI BARAT;MAMASA;BUNTUMALANGKA;ARALLE TIMUR;0;0;0;0;0;0;0;0;0;0;0;0;0;0;0;0;0;0;0;0;0;0;0;0;0;0;0;0;0
470;SULAWESI BARAT;MAMASA;MAMBI;MAMBI;0;0;0;0;0;0;0;0;0;0;0;0;0;0;0;0;0;0;0;0;0;0;0;0;0;0;0;0;0
471;SULAWESI BARAT;MAMASA;MAMBI;TALIPUKKI;0;0;0;0;0;0;0;0;0;0;0;0;0;0;0;0;0;0;0;0;0;0;0;0;0;0;0;0;0
472;SULAWESI BARAT;MAMASA;MAMBI;RANTEBULAHAN;0;0;0;0;0;0;0;0;0;0;0;0;0;0;0;0;0;0;0;0;0;0;0;0;0;0;0;0;0
473;SULAWESI BARAT;MAMASA;MAMBI;SONDONGLAYU;0;0;0;0;0;0;0;0;0;0;0;0;0;0;0;0;0;0;0;0;0;0;0;0;0;0;0;0;0
474;SULAWESI BARAT;MAMASA;MAMBI;SALUBANUA;0;0;0;0;0;0;0;0;0;0;0;0;0;0;0;0;0;0;0;0;0;0;0;0;0;0;0;0;0
475;SULAWESI BARAT;MAMASA;MAMBI;TAPALINA;0;0;0;0;0;0;0;0;0;0;0;0;0;0;0;0;0;0;0;0;0;0;0;0;0;0;0;0;0
476;SULAWESI BARAT;MAMASA;MAMBI;SENDANA;0;0;0;0;0;0;0;0;0;0;0;0;0;0;0;0;0;0;0;0;0;0;0;0;0;0;0;0;0
477;SULAWESI BARAT;MAMASA;MAMBI;PAMOSEAN;0;0;0;0;0;0;0;0;0;0;0;0;0;0;0;0;0;0;0;0;0;0;0;0;0;0;0;0;0
478;SULAWESI BARAT;MAMASA;MAMBI;SELUMAKA;0;0;0;0;0;0;0;0;0;0;0;0;0;0;0;0;0;0;0;0;0;0;0;0;0;0;0;0;0
479;SULAWESI BARAT;MAMASA;MAMBI;BUJUNG MANURUNG;0;0;0;0;0;0;0;0;0;0;0;0;0;0;0;0;0;0;0;0;0;0;0;0;0;0;0;0;0
480;SULAWESI BARAT;MAMASA;MAMBI;SALU ALO;0;0;0;0;0;0;0;0;0;0;0;0;0;0;0;0;0;0;0;0;0;0;0;0;0;0;0;0;0
481;SULAWESI BARAT;MAMASA;MAMBI;INDOBANUA;0;0;0;0;0;0;0;0;0;0;0;0;0;0;0;0;0;0;0;0;0;0;0;0;0;0;0;0;0
482;SULAWESI BARAT;MAMASA;MAMBI;SALUDURIAN;0;0;0;0;0;0;0;0;0;0;0;0;0;0;0;0;0;0;0;0;0;0;0;0;0;0;0;0;0
483;SULAWESI BARAT;MAMASA;MEHALAAN;MEHALAAN;0;0;0;0;0;0;0;0;0;0;0;0;0;0;0;0;0;0;0;0;0;0;0;0;0;0;0;0;0
484;SULAWESI BARAT;MAMASA;MEHALAAN;BOTTENG;0;0;0;0;0;0;0;0;0;0;0;0;0;0;0;0;0;0;0;0;0;0;0;0;0;0;0;0;0
485;SULAWESI BARAT;MAMASA;MEHALAAN;SALUKONTA;0;0;0;0;0;0;0;0;0;0;0;0;0;0;0;0;0;0;0;0;0;0;0;0;0;0;0;0;0
486;SULAWESI BARAT;MAMASA;MEHALAAN;MESAKADA;0;0;0;0;0;0;0;0;0;0;0;0;0;0;0;0;0;0;0;0;0;0;0;0;0;0;0;0;0
487;SULAWESI BARAT;MAMASA;MEHALAAN;MEHALAAN BARAT;0;0;0;0;0;0;0;0;0;0;0;0;0;0;0;0;0;0;0;0;0;0;0;0;0;0;0;0;0
488;SULAWESI BARAT;MAMASA;MEHALAAN;SALUAHOK;0;0;0;0;0;0;0;0;0;0;0;0;0;0;0;0;0;0;0;0;0;0;0;0;0;0;0;0;0
489;SULAWESI BARAT;MAMASA;MEHALAAN;SALUBALO;0;0;0;0;0;0;0;0;0;0;0;0;0;0;0;0;0;0;0;0;0;0;0;0;0;0;0;0;0
490;SULAWESI BARAT;MAMASA;MEHALAAN;PASSEMBUK;0;0;0;0;0;0;0;0;0;0;0;0;0;0;0;0;0;0;0;0;0;0;0;0;0;0;0;0;0
491;SULAWESI BARAT;MAMASA;MEHALAAN;KONDO;0;0;0;0;0;0;0;0;0;0;0;0;0;0;0;0;0;0;0;0;0;0;0;0;0;0;0;0;0
492;SULAWESI BARAT;MAMASA;MEHALAAN;LEKO SUKAMAJU;0;0;0;0;0;0;0;0;0;0;0;0;0;0;0;0;0;0;0;0;0;0;0;0;0;0;0;0;0
493;SULAWESI BARAT;MAMASA;MEHALAAN;ULUMEA;0;0;0;0;0;0;0;0;0;0;0;0;0;0;0;0;0;0;0;0;0;0;0;0;0;0;0;0;0
494;SULAWESI BARAT;MAMASA;MESSAWA;MESSAWA;0;0;0;0;0;0;0;0;0;0;0;0;0;0;0;0;0;0;0;0;0;0;0;0;0;0;0;0;0
495;SULAWESI BARAT;MAMASA;MESSAWA;RIPPUNG;0;0;0;0;0;0;0;0;0;0;0;0;0;0;0;0;0;0;0;0;0;0;0;0;0;0;0;0;0
496;SULAWESI BARAT;MAMASA;MESSAWA;MAKUANG;0;0;0;0;0;0;0;0;0;0;0;0;0;0;0;0;0;0;0;0;0;0;0;0;0;0;0;0;0
497;SULAWESI BARAT;MAMASA;MESSAWA;SEPANG;0;0;0;0;0;0;0;0;0;0;0;0;0;0;0;0;0;0;0;0;0;0;0;0;0;0;0;0;0
498;SULAWESI BARAT;MAMASA;MESSAWA;MALIMBONG;0;0;0;0;0;0;0;0;0;0;0;0;0;0;0;0;0;0;0;0;0;0;0;0;0;0;0;0;0
499;SULAWESI BARAT;MAMASA;MESSAWA;MATANDE;0;0;0;0;0;0;0;0;0;0;0;0;0;0;0;0;0;0;0;0;0;0;0;0;0;0;0;0;0
500;SULAWESI BARAT;MAMASA;MESSAWA;SIPAI;0;0;0;0;0;0;0;0;0;0;0;0;0;0;0;0;0;0;0;0;0;0;0;0;0;0;0;0;0
501;SULAWESI BARAT;MAMASA;MESSAWA;PASMA MAMBU;0;0;0;0;0;0;0;0;0;0;0;0;0;0;0;0;0;0;0;0;0;0;0;0;0;0;0;0;0
502;SULAWESI BARAT;MAMASA;MESSAWA;TANETE BATU;0;0;0;0;0;0;0;0;0;0;0;0;0;0;0;0;0;0;0;0;0;0;0;0;0;0;0;0;0
503;SULAWESI BARAT;MAMASA;NOSU;NOSU;0;0;0;0;0;0;0;0;0;0;0;0;0;0;0;0;0;0;0;0;0;0;0;0;0;0;0;0;0
504;SULAWESI BARAT;MAMASA;NOSU;MINANGA;0;0;0;0;0;0;0;0;0;0;0;0;0;0;0;0;0;0;0;0;0;0;0;0;0;0;0;0;0
505;SULAWESI BARAT;MAMASA;NOSU;BATUPAPAN;0;0;0;0;0;0;0;0;0;0;0;0;0;0;0;0;0;0;0;0;0;0;0;0;0;0;0;0;0
506;SULAWESI BARAT;MAMASA;NOSU;MASEWWE;0;0;0;0;0;0;0;0;0;0;0;0;0;0;0;0;0;0;0;0;0;0;0;0;0;0;0;0;0
507;SULAWESI BARAT;MAMASA;NOSU;SIWI;0;0;0;0;0;0;0;0;0;0;0;0;0;0;0;0;0;0;0;0;0;0;0;0;0;0;0;0;0
508;SULAWESI BARAT;MAMASA;NOSU;MINANGA TIMUR;0;0;0;0;0;0;0;0;0;0;0;0;0;0;0;0;0;0;0;0;0;0;0;0;0;0;0;0;0
509;SULAWESI BARAT;MAMASA;NOSU;PARINDING;0;0;0;0;0;0;0;0;0;0;0;0;0;0;0;0;0;0;0;0;0;0;0;0;0;0;0;0;0
510;SULAWESI BARAT;MAMASA;PANA;PANA;0;0;0;0;0;0;0;0;0;0;0;0;0;0;0;0;0;0;0;0;0;0;0;0;0;0;0;0;0
511;SULAWESI BARAT;MAMASA;PANA;MANIPI;0;0;0;0;0;0;0;0;0;0;0;0;0;0;0;0;0;0;0;0;0;0;0;0;0;0;0;0;0
512;SULAWESI BARAT;MAMASA;PANA;MAMULLU;0;0;0;0;0;0;0;0;0;0;0;0;0;0;0;0;0;0;0;0;0;0;0;0;0;0;0;0;0
513;SULAWESI BARAT;MAMASA;PANA;SAPAN;0;0;0;0;0;0;0;0;0;0;0;0;0;0;0;0;0;0;0;0;0;0;0;0;0;0;0;0;0
514;SULAWESI BARAT;MAMASA;PANA;DATUBARINGAN;0;0;0;0;0;0;0;0;0;0;0;0;0;0;0;0;0;0;0;0;0;0;0;0;0;0;0;0;0
515;SULAWESI BARAT;MAMASA;PANA;PANURA;0;0;0;0;0;0;0;0;0;0;0;0;0;0;0;0;0;0;0;0;0;0;0;0;0;0;0;0;0
516;SULAWESI BARAT;MAMASA;PANA;TALLANG BULAWAN;0;0;0;0;0;0;0;0;0;0;0;0;0;0;0;0;0;0;0;0;0;0;0;0;0;0;0;0;0
517;SULAWESI BARAT;MAMASA;PANA;KARAKA;0;0;0;0;0;0;0;0;0;0;0;0;0;0;0;0;0;0;0;0;0;0;0;0;0;0;0;0;0
518;SULAWESI BARAT;MAMASA;PANA;ULUSALU;0;0;0;0;0;0;0;0;0;0;0;0;0;0;0;0;0;0;0;0;0;0;0;0;0;0;0;0;0
519;SULAWESI BARAT;MAMASA;PANA;WERI;0;0;0;0;0;0;0;0;0;0;0;0;0;0;0;0;0;0;0;0;0;0;0;0;0;0;0;0;0
520;SULAWESI BARAT;MAMASA;PANA;SALUTAMBUN;0;0;0;0;0;0;0;0;0;0;0;0;0;0;0;0;0;0;0;0;0;0;0;0;0;0;0;0;0
521;SULAWESI BARAT;MAMASA;PANA;SALOAN;0;0;0;0;0;0;0;0;0;0;0;0;0;0;0;0;0;0;0;0;0;0;0;0;0;0;0;0;0
522;SULAWESI BARAT;MAMASA;PANA;ULUSALU INDAH;0;0;0;0;0;0;0;0;0;0;0;0;0;0;0;0;0;0;0;0;0;0;0;0;0;0;0;0;0
523;SULAWESI BARAT;MAMASA;RANTEBULAHAN TIMUR;SALUMOKANAN;0;0;0;0;0;0;0;0;0;0;0;0;0;0;0;0;0;0;0;0;0;0;0;0;0;0;0;0;0
524;SULAWESI BARAT;MAMASA;RANTEBULAHAN TIMUR;SALUMOKANAN BARAT;0;0;0;0;0;0;0;0;0;0;0;0;0;0;0;0;0;0;0;0;0;0;0;0;0;0;0;0;0
525;SULAWESI BARAT;MAMASA;RANTEBULAHAN TIMUR;BUANGIN;0;0;0;0;0;0;0;0;0;0;0;0;0;0;0;0;0;0;0;0;0;0;0;0;0;0;0;0;0
526;SULAWESI BARAT;MAMASA;RANTEBULAHAN TIMUR;BAMBANG BUDA;0;0;0;0;0;0;0;0;0;0;0;0;0;0;0;0;0;0;0;0;0;0;0;0;0;0;0;0;0
527;SULAWESI BARAT;MAMASA;RANTEBULAHAN TIMUR;LEKO;0;0;0;0;0;0;0;0;0;0;0;0;0;0;0;0;0;0;0;0;0;0;0;0;0;0;0;0;0
528;SULAWESI BARAT;MAMASA;RANTEBULAHAN TIMUR;KIRAK;0;0;0;0;0;0;0;0;0;0;0;0;0;0;0;0;0;0;0;0;0;0;0;0;0;0;0;0;0
529;SULAWESI BARAT;MAMASA;RANTEBULAHAN TIMUR;SALUMOKANAN UTARA;0;0;0;0;0;0;0;0;0;0;0;0;0;0;0;0;0;0;0;0;0;0;0;0;0;0;0;0;0
530;SULAWESI BARAT;MAMASA;RANTEBULAHAN TIMUR;SAMPALE;0;0;0;0;0;0;0;0;0;0;0;0;0;0;0;0;0;0;0;0;0;0;0;0;0;0;0;0;0
531;SULAWESI BARAT;MAMASA;SESENAPADANG;OROBUA;0;0;0;0;0;0;0;0;0;0;0;0;0;0;0;0;0;0;0;0;0;0;0;0;0;0;0;0;0
532;SULAWESI BARAT;MAMASA;SESENAPADANG;PALADAN;0;0;0;0;0;0;0;0;0;0;0;0;0;0;0;0;0;0;0;0;0;0;0;0;0;0;0;0;0
533;SULAWESI BARAT;MAMASA;SESENAPADANG;OROBUA TIMUR;0;0;0;0;0;0;0;0;0;0;0;0;0;0;0;0;0;0;0;0;0;0;0;0;0;0;0;0;0
534;SULAWESI BARAT;MAMASA;SESENAPADANG;RANTE PUANG;0;0;0;0;0;0;0;0;0;0;0;0;0;0;0;0;0;0;0;0;0;0;0;0;0;0;0;0;0
535;SULAWESI BARAT;MAMASA;SESENAPADANG;SATENETEAN;0;0;0;0;0;0;0;0;0;0;0;0;0;0;0;0;0;0;0;0;0;0;0;0;0;0;0;0;0
536;SULAWESI BARAT;MAMASA;SESENAPADANG;LISUAN ADA;0;0;0;0;0;0;0;0;0;0;0;0;0;0;0;0;0;0;0;0;0;0;0;0;0;0;0;0;0
537;SULAWESI BARAT;MAMASA;SESENAPADANG;OROBUA SELATAN;0;0;0;0;0;0;0;0;0;0;0;0;0;0;0;0;0;0;0;0;0;0;0;0;0;0;0;0;0
538;SULAWESI BARAT;MAMASA;SESENAPADANG;MALANGKENA PADANG;0;0;0;0;0;0;0;0;0;0;0;0;0;0;0;0;0;0;0;0;0;0;0;0;0;0;0;0;0
539;SULAWESI BARAT;MAMASA;SESENAPADANG;MALIMBONG;0;0;0;0;0;0;0;0;0;0;0;0;0;0;0;0;0;0;0;0;0;0;0;0;0;0;0;0;0
540;SULAWESI BARAT;MAMASA;SESENAPADANG;MARAMPAN OROBUA;0;0;0;0;0;0;0;0;0;0;0;0;0;0;0;0;0;0;0;0;0;0;0;0;0;0;0;0;0
541;SULAWESI BARAT;MAMASA;SUMARORONG;SUMARORONG;0;0;0;0;0;0;0;0;0;0;0;0;0;0;0;0;0;0;0;0;0;0;0;0;0;0;0;0;0
542;SULAWESI BARAT;MAMASA;SUMARORONG;TABONE;0;0;0;0;0;0;0;0;0;0;0;0;0;0;0;0;0;0;0;0;0;0;0;0;0;0;0;0;0
543;SULAWESI BARAT;MAMASA;SUMARORONG;BATANG URU;0;0;0;0;0;0;0;0;0;0;0;0;0;0;0;0;0;0;0;0;0;0;0;0;0;0;0;0;0
544;SULAWESI BARAT;MAMASA;SUMARORONG;SASAKAN;0;0;0;0;0;0;0;0;0;0;0;0;0;0;0;0;0;0;0;0;0;0;0;0;0;0;0;0;0
545;SULAWESI BARAT;MAMASA;SUMARORONG;TADISI;0;0;0;0;0;0;0;0;0;0;0;0;0;0;0;0;0;0;0;0;0;0;0;0;0;0;0;0;0
546;SULAWESI BARAT;MAMASA;SUMARORONG;SIBANAWA;0;0;0;0;0;0;0;0;0;0;0;0;0;0;0;0;0;0;0;0;0;0;0;0;0;0;0;0;0
547;SULAWESI BARAT;MAMASA;SUMARORONG;BATANGNGURU TIMUR;0;0;0;0;0;0;0;0;0;0;0;0;0;0;0;0;0;0;0;0;0;0;0;0;0;0;0;0;0
548;SULAWESI BARAT;MAMASA;SUMARORONG;SALUBALO;0;0;0;0;0;0;0;0;0;0;0;0;0;0;0;0;0;0;0;0;0;0;0;0;0;0;0;0;0
549;SULAWESI BARAT;MAMASA;SUMARORONG;BANEA;0;0;0;0;0;0;0;0;0;0;0;0;0;0;0;0;0;0;0;0;0;0;0;0;0;0;0;0;0
550;SULAWESI BARAT;MAMASA;SUMARORONG;RANTE KAMASE;0;0;0;0;0;0;0;0;0;0;0;0;0;0;0;0;0;0;0;0;0;0;0;0;0;0;0;0;0
551;SULAWESI BARAT;MAMASA;TABANG;TABANG;0;0;0;0;0;0;0;0;0;0;0;0;0;0;0;0;0;0;0;0;0;0;0;0;0;0;0;0;0
552;SULAWESI BARAT;MAMASA;TABANG;TADOKALUA;0;0;0;0;0;0;0;0;0;0;0;0;0;0;0;0;0;0;0;0;0;0;0;0;0;0;0;0;0
553;SULAWESI BARAT;MAMASA;TABANG;TABANG BARAT;0;0;0;0;0;0;0;0;0;0;0;0;0;0;0;0;0;0;0;0;0;0;0;0;0;0;0;0;0
554;SULAWESI BARAT;MAMASA;TABANG;MASUPU;0;0;0;0;0;0;0;0;0;0;0;0;0;0;0;0;0;0;0;0;0;0;0;0;0;0;0;0;0
555;SULAWESI BARAT;MAMASA;TABANG;KALAMA;0;0;0;0;0;0;0;0;0;0;0;0;0;0;0;0;0;0;0;0;0;0;0;0;0;0;0;0;0
556;SULAWESI BARAT;MAMASA;TABANG;BAKADISURA;0;0;0;0;0;0;0;0;0;0;0;0;0;0;0;0;0;0;0;0;0;0;0;0;0;0;0;0;0
557;SULAWESI BARAT;MAMASA;TABANG;SALUKONA;0;0;0;0;0;0;0;0;0;0;0;0;0;0;0;0;0;0;0;0;0;0;0;0;0;0;0;0;0
558;SULAWESI BARAT;MAMASA;TABULAHAN;LAKAHANG;0;0;0;0;0;0;0;0;0;0;0;0;0;0;0;0;0;0;0;0;0;0;0;0;0;0;0;0;0
559;SULAWESI BARAT;MAMASA;TABULAHAN;PERIANGAN;0;0;0;0;0;0;0;0;0;0;0;0;0;0;0;0;0;0;0;0;0;0;0;0;0;0;0;0;0
560;SULAWESI BARAT;MAMASA;TABULAHAN;MALATIRO;0;0;0;0;0;0;0;0;0;0;0;0;0;0;0;0;0;0;0;0;0;0;0;0;0;0;0;0;0
561;SULAWESI BARAT;MAMASA;TABULAHAN;TABULAHAN;0;0;0;0;0;0;0;0;0;0;0;0;0;0;0;0;0;0;0;0;0;0;0;0;0;0;0;0;0
562;SULAWESI BARAT;MAMASA;TABULAHAN;SALULEANG;0;0;0;0;0;0;0;0;0;0;0;0;0;0;0;0;0;0;0;0;0;0;0;0;0;0;0;0;0
563;SULAWESI BARAT;MAMASA;TABULAHAN;TAMPAK KURRA;0;0;0;0;0;0;0;0;0;0;0;0;0;0;0;0;0;0;0;0;0;0;0;0;0;0;0;0;0
564;SULAWESI BARAT;MAMASA;TABULAHAN;GANDANG DEWATA;0;0;0;0;0;0;0;0;0;0;0;0;0;0;0;0;0;0;0;0;0;0;0;0;0;0;0;0;0
565;SULAWESI BARAT;MAMASA;TABULAHAN;BURANA;0;0;0;0;0;0;0;0;0;0;0;0;0;0;0;0;0;0;0;0;0;0;0;0;0;0;0;0;0
566;SULAWESI BARAT;MAMASA;TABULAHAN;SALUBAKKA;0;0;0;0;0;0;0;0;0;0;0;0;0;0;0;0;0;0;0;0;0;0;0;0;0;0;0;0;0
567;SULAWESI BARAT;MAMASA;TABULAHAN;PANGANDARAN;0;0;0;0;0;0;0;0;0;0;0;0;0;0;0;0;0;0;0;0;0;0;0;0;0;0;0;0;0
568;SULAWESI BARAT;MAMASA;TABULAHAN;TALOPAK;0;0;0;0;0;0;0;0;0;0;0;0;0;0;0;0;0;0;0;0;0;0;0;0;0;0;0;0;0
569;SULAWESI BARAT;MAMASA;TABULAHAN;PEU';0;0;0;0;0;0;0;0;0;0;0;0;0;0;0;0;0;0;0;0;0;0;0;0;0;0;0;0;0
570;SULAWESI BARAT;MAMASA;TABULAHAN;TIMORO;0;0;0;0;0;0;0;0;0;0;0;0;0;0;0;0;0;0;0;0;0;0;0;0;0;0;0;0;0
571;SULAWESI BARAT;MAMASA;TABULAHAN;LAKAHANG UTAMA;0;0;0;0;0;0;0;0;0;0;0;0;0;0;0;0;0;0;0;0;0;0;0;0;0;0;0;0;0
572;SULAWESI BARAT;MAMASA;TANDUK KALUA;MINAKE;0;0;0;0;0;0;0;0;0;0;0;0;0;0;0;0;0;0;0;0;0;0;0;0;0;0;0;0;0
573;SULAWESI BARAT;MAMASA;TANDUK KALUA;MALABO;0;0;0;0;0;0;0;0;0;0;0;0;0;0;0;0;0;0;0;0;0;0;0;0;0;0;0;0;0
574;SULAWESI BARAT;MAMASA;TANDUK KALUA;SINDAGAMANIK;4;0;0;3;1;0;4;0;0;0;0;0;0;4;0;4;0;4;0;4;0;4;0;0;0;4;0;0;4
575;SULAWESI BARAT;MAMASA;TANDUK KALUA;PARONDOBULAWAN;0;0;0;0;0;0;0;0;0;0;0;0;0;0;0;0;0;0;0;0;0;0;0;0;0;0;0;0;0
576;SULAWESI BARAT;MAMASA;TANDUK KALUA;TAMALANTIK;7;0;0;6;1;0;7;0;0;0;0;0;0;7;0;7;0;7;0;7;0;2;5;0;0;0;7;0;7
577;SULAWESI BARAT;MAMASA;TANDUK KALUA;MANNABABA;0;0;0;0;0;0;0;0;0;0;0;0;0;0;0;0;0;0;0;0;0;0;0;0;0;0;0;0;0
578;SULAWESI BARAT;MAMASA;TANDUK KALUA;MESAKADA;0;0;0;0;0;0;0;0;0;0;0;0;0;0;0;0;0;0;0;0;0;0;0;0;0;0;0;0;0
579;SULAWESI BARAT;MAMASA;TANDUK KALUA;BALLABATU;0;0;0;0;0;0;0;0;0;0;0;0;0;0;0;0;0;0;0;0;0;0;0;0;0;0;0;0;0
580;SULAWESI BARAT;MAMASA;TANDUK KALUA;PAMBE;0;0;0;0;0;0;0;0;0;0;0;0;0;0;0;0;0;0;0;0;0;0;0;0;0;0;0;0;0
581;SULAWESI BARAT;MAMASA;TANDUK KALUA;SALURANO;0;0;0;0;0;0;0;0;0;0;0;0;0;0;0;0;0;0;0;0;0;0;0;0;0;0;0;0;0
582;SULAWESI BARAT;MAMASA;TANDUK KALUA;TALIMBUNG;0;0;0;0;0;0;0;0;0;0;0;0;0;0;0;0;0;0;0;0;0;0;0;0;0;0;0;0;0
583;SULAWESI BARAT;MAMASA;TANDUK KALUA;KANAN;1;0;0;0;1;0;1;0;0;0;0;0;0;0;1;0;1;1;0;1;0;1;0;0;0;1;0;0;1
584;SULAWESI BARAT;MAMASA;TAWALIAN;TAWALIAN;0;0;0;0;0;0;0;0;0;0;0;0;0;0;0;0;0;0;0;0;0;0;0;0;0;0;0;0;0
585;SULAWESI BARAT;MAMASA;TAWALIAN;TAWALIAN TIMUR;0;0;0;0;0;0;0;0;0;0;0;0;0;0;0;0;0;0;0;0;0;0;0;0;0;0;0;0;0
586;SULAWESI BARAT;MAMASA;TAWALIAN;KARIANGO;0;0;0;0;0;0;0;0;0;0;0;0;0;0;0;0;0;0;0;0;0;0;0;0;0;0;0;0;0
587;SULAWESI BARAT;MAMASA;TAWALIAN;RANTETANGNGA;0;0;0;0;0;0;0;0;0;0;0;0;0;0;0;0;0;0;0;0;0;0;0;0;0;0;0;0;0
588;SULAWESI BARAT;MAMUJU TENGAH;TOBADAK;MAHAHE;42;0;0;27;15;0;42;0;0;0;0;0;0;42;0;42;0;42;0;42;0;42;0;0;0;0;42;0;42
589;SULAWESI BARAT;MAMUJU TENGAH;TOBADAK;SALOBAJA;23;0;0;12;11;0;23;0;0;0;0;1;0;22;0;22;0;23;0;23;0;23;0;0;0;1;22;2;21
590;SULAWESI BARAT;MAMUJU TENGAH;TOBADAK;TOBADAK;1;0;0;1;0;0;1;0;0;0;0;0;0;1;0;1;0;1;0;1;0;1;0;0;0;0;1;0;1
591;SULAWESI BARAT;MAMUJU TENGAH;TOBADAK;PALONGAAN;3;0;0;2;1;0;3;0;0;0;0;0;0;3;0;3;0;3;0;3;0;3;0;0;0;0;3;0;3
592;SULAWESI BARAT;MAMUJU TENGAH;TOBADAK;BATU PARIGI;4;0;0;4;0;0;4;0;0;0;0;0;0;4;0;4;0;4;0;4;0;2;2;0;0;0;4;0;4
593;SULAWESI BARAT;MAMUJU TENGAH;TOBADAK;BAMBADARU;12;0;0;8;4;1;11;1;0;0;1;0;0;12;0;12;0;11;1;11;1;11;0;0;1;7;5;1;11
594;SULAWESI BARAT;MAMUJU TENGAH;TOBADAK;SEJATI;9;0;0;7;2;0;9;0;0;0;0;0;0;9;0;9;0;9;0;9;0;9;0;0;0;0;9;2;7
595;SULAWESI BARAT;MAMUJU TENGAH;TOBADAK;SALOADAK;8;0;0;4;4;0;8;0;0;0;0;0;0;8;0;8;0;8;0;8;0;8;0;0;0;0;8;0;8
596;SULAWESI BARAT;MAMUJU TENGAH;PANGALE;POLO PANGALE;0;0;0;0;0;0;0;0;0;0;0;0;0;0;0;0;0;0;0;0;0;0;0;0;0;0;0;0;0
597;SULAWESI BARAT;MAMUJU TENGAH;PANGALE;PANGALE;0;0;0;0;0;0;0;0;0;0;0;0;0;0;0;0;0;0;0;0;0;0;0;0;0;0;0;0;0
598;SULAWESI BARAT;MAMUJU TENGAH;PANGALE;SARTANAMAJU;0;0;0;0;0;0;0;0;0;0;0;0;0;0;0;0;0;0;0;0;0;0;0;0;0;0;0;0;0
599;SULAWESI BARAT;MAMUJU TENGAH;PANGALE;POLO LERENG;6;0;0;4;2;0;6;0;0;0;0;0;0;6;0;6;0;6;0;6;0;6;0;0;0;3;3;5;1
600;SULAWESI BARAT;MAMUJU TENGAH;PANGALE;KUO;0;0;0;0;0;0;0;0;0;0;0;0;0;0;0;0;0;0;0;0;0;0;0;0;0;0;0;0;0
601;SULAWESI BARAT;MAMUJU TENGAH;PANGALE;POLO CAMBA;0;0;0;0;0;0;0;0;0;0;0;0;0;0;0;0;0;0;0;0;0;0;0;0;0;0;0;0;0
602;SULAWESI BARAT;MAMUJU TENGAH;PANGALE;LAMBA-LAMBA;0;0;0;0;0;0;0;0;0;0;0;0;0;0;0;0;0;0;0;0;0;0;0;0;0;0;0;0;0
603;SULAWESI BARAT;MAMUJU TENGAH;PANGALE;KOMBILING;0;0;0;0;0;0;0;0;0;0;0;0;0;0;0;0;0;0;0;0;0;0;0;0;0;0;0;0;0
604;SULAWESI BARAT;MAMUJU TENGAH;PANGALE;LEMO-LEMO;0;0;0;0;0;0;0;0;0;0;0;0;0;0;0;0;0;0;0;0;0;0;0;0;0;0;0;0;0
605;SULAWESI BARAT;MAMUJU TENGAH;BUDONG-BUDONG;BABANA;2;0;0;2;0;0;2;0;0;0;0;0;0;2;0;2;0;2;0;2;0;2;0;0;0;2;0;0;2
606;SULAWESI BARAT;MAMUJU TENGAH;BUDONG-BUDONG;LUMU;0;0;0;0;0;0;0;0;0;0;0;0;0;0;0;0;0;0;0;0;0;0;0;0;0;0;0;0;0
607;SULAWESI BARAT;MAMUJU TENGAH;BUDONG-BUDONG;PONTANAKAYANG;2;0;0;1;1;0;2;0;0;0;0;0;0;2;0;2;0;2;0;2;0;2;0;0;0;1;1;1;1
608;SULAWESI BARAT;MAMUJU TENGAH;BUDONG-BUDONG;SALOGATTA;0;0;0;0;0;0;0;0;0;0;0;0;0;0;0;0;0;0;0;0;0;0;0;0;0;0;0;0;0
609;SULAWESI BARAT;MAMUJU TENGAH;BUDONG-BUDONG;KIRE;2;0;0;1;1;0;2;0;0;0;0;0;0;2;0;2;0;2;0;2;0;2;0;0;0;0;2;0;2
610;SULAWESI BARAT;MAMUJU TENGAH;BUDONG-BUDONG;TINALI;3;0;0;0;3;0;3;0;0;0;0;0;0;3;0;3;0;3;0;3;0;3;0;0;0;3;0;0;3
611;SULAWESI BARAT;MAMUJU TENGAH;BUDONG-BUDONG;SALUMANURUNG;1;0;0;0;1;0;1;0;0;0;0;0;0;1;0;1;0;1;0;1;0;1;0;0;0;1;0;0;1
612;SULAWESI BARAT;MAMUJU TENGAH;BUDONG-BUDONG;PASAPA;0;0;0;0;0;0;0;0;0;0;0;0;0;0;0;0;0;0;0;0;0;0;0;0;0;0;0;0;0
613;SULAWESI BARAT;MAMUJU TENGAH;BUDONG-BUDONG;BOJO;0;0;0;0;0;0;0;0;0;0;0;0;0;0;0;0;0;0;0;0;0;0;0;0;0;0;0;0;0
614;SULAWESI BARAT;MAMUJU TENGAH;BUDONG-BUDONG;BARAKKANG;0;0;0;0;0;0;0;0;0;0;0;0;0;0;0;0;0;0;0;0;0;0;0;0;0;0;0;0;0
615;SULAWESI BARAT;MAMUJU TENGAH;BUDONG-BUDONG;LEMBAH HADA;2;0;0;1;1;0;2;0;0;0;0;0;0;2;0;2;0;2;0;2;0;2;0;0;0;2;0;0;2
616;SULAWESI BARAT;MAMUJU TENGAH;TOPOYO;BUDONG-BUDONG;8;0;0;6;2;0;8;0;0;0;0;0;0;8;0;8;0;8;0;8;0;8;0;0;0;0;8;0;8
617;SULAWESI BARAT;MAMUJU TENGAH;TOPOYO;TOPOYO;0;0;0;0;0;0;0;0;0;0;0;0;0;0;0;0;0;0;0;0;0;0;0;0;0;0;0;0;0
618;SULAWESI BARAT;MAMUJU TENGAH;TOPOYO;TUMBU;5;0;0;1;4;0;5;0;0;0;0;0;0;5;0;5;0;5;0;5;0;5;0;0;0;0;5;0;5
619;SULAWESI BARAT;MAMUJU TENGAH;TOPOYO;KABUBU;5;0;0;2;3;0;5;0;0;0;0;0;0;5;0;5;0;5;0;5;0;5;0;0;0;0;5;0;5
620;SULAWESI BARAT;MAMUJU TENGAH;TOPOYO;WAEPUTEH;1;0;0;1;0;0;1;0;0;0;0;0;0;1;0;1;0;1;0;1;0;1;0;0;0;0;1;0;1
621;SULAWESI BARAT;MAMUJU TENGAH;TOPOYO;TANGKOU;0;0;0;0;0;0;0;0;0;0;0;0;0;0;0;0;0;0;0;0;0;0;0;0;0;0;0;0;0
622;SULAWESI BARAT;MAMUJU TENGAH;TOPOYO;TABOLANG;5;0;0;2;3;0;5;0;0;0;0;1;0;4;0;4;0;5;0;5;0;1;0;4;0;2;3;4;1
623;SULAWESI BARAT;MAMUJU TENGAH;TOPOYO;PARAILI;0;0;0;0;0;0;0;0;0;0;0;0;0;0;0;0;0;0;0;0;0;0;0;0;0;0;0;0;0
624;SULAWESI BARAT;MAMUJU TENGAH;TOPOYO;SALUPANGKANG;4;0;0;4;0;0;4;0;0;0;0;0;0;4;0;4;0;4;0;4;0;4;0;0;0;0;4;0;4
625;SULAWESI BARAT;MAMUJU TENGAH;TOPOYO;SALUPANGKANG IV;0;0;0;0;0;0;0;0;0;0;0;0;0;0;0;0;0;0;0;0;0;0;0;0;0;0;0;0;0
626;SULAWESI BARAT;MAMUJU TENGAH;TOPOYO;TAPPILINA;4;0;0;2;2;0;4;0;0;0;0;0;0;4;0;4;0;4;0;4;0;4;0;0;0;0;4;0;4
627;SULAWESI BARAT;MAMUJU TENGAH;TOPOYO;BAMBAMANURUNG;0;0;0;0;0;0;0;0;0;0;0;0;0;0;0;0;0;0;0;0;0;0;0;0;0;0;0;0;0
628;SULAWESI BARAT;MAMUJU TENGAH;TOPOYO;SALULEKBO;0;0;0;0;0;0;0;0;0;0;0;0;0;0;0;0;0;0;0;0;0;0;0;0;0;0;0;0;0
629;SULAWESI BARAT;MAMUJU TENGAH;TOPOYO;PANGALLOANG;0;0;0;0;0;0;0;0;0;0;0;0;0;0;0;0;0;0;0;0;0;0;0;0;0;0;0;0;0
630;SULAWESI BARAT;MAMUJU TENGAH;TOPOYO;SINABATTA;0;0;0;0;0;0;0;0;0;0;0;0;0;0;0;0;0;0;0;0;0;0;0;0;0;0;0;0;0
631;SULAWESI BARAT;MAMUJU TENGAH;KAROSSA;KAROSSA;0;0;0;0;0;0;0;0;0;0;0;0;0;0;0;0;0;0;0;0;0;0;0;0;0;0;0;0;0
632;SULAWESI BARAT;MAMUJU TENGAH;KAROSSA;TASOKKO;1;0;0;1;0;0;1;0;0;0;0;1;0;0;0;0;0;1;0;1;0;1;0;0;0;0;1;0;1
633;SULAWESI BARAT;MAMUJU TENGAH;KAROSSA;LARA;0;0;0;0;0;0;0;0;0;0;0;0;0;0;0;0;0;0;0;0;0;0;0;0;0;0;0;0;0
634;SULAWESI BARAT;MAMUJU TENGAH;KAROSSA;KADAILA;0;0;0;0;0;0;0;0;0;0;0;0;0;0;0;0;0;0;0;0;0;0;0;0;0;0;0;0;0
635;SULAWESI BARAT;MAMUJU TENGAH;KAROSSA;KAYU CALLA;0;0;0;0;0;0;0;0;0;0;0;0;0;0;0;0;0;0;0;0;0;0;0;0;0;0;0;0;0
636;SULAWESI BARAT;MAMUJU TENGAH;KAROSSA;LEMBAH HOPO;12;0;0;8;4;0;12;0;0;0;0;1;0;11;0;11;0;12;0;12;0;12;0;0;0;0;12;0;12
637;SULAWESI BARAT;MAMUJU TENGAH;KAROSSA;BENGGAULU;1;0;0;1;0;0;1;0;0;0;0;0;0;1;0;1;0;1;0;1;0;1;0;0;0;0;1;0;1
638;SULAWESI BARAT;MAMUJU TENGAH;KAROSSA;SUKA MAJU;0;0;0;0;0;0;0;0;0;0;0;0;0;0;0;0;0;0;0;0;0;0;0;0;0;0;0;0;0
639;SULAWESI BARAT;MAMUJU TENGAH;KAROSSA;KAMBUNONG;8;0;0;6;2;0;8;0;0;0;0;0;0;8;0;8;0;8;0;8;0;8;0;0;0;8;0;7;1
640;SULAWESI BARAT;MAMUJU TENGAH;KAROSSA;SALUBIRO;0;0;0;0;0;0;0;0;0;0;0;0;0;0;0;0;0;0;0;0;0;0;0;0;0;0;0;0;0
641;SULAWESI BARAT;MAMUJU TENGAH;KAROSSA;SANJANGO;0;0;0;0;0;0;0;0;0;0;0;0;0;0;0;0;0;0;0;0;0;0;0;0;0;0;0;0;0
