PROVINSI;KABUPATEN;KECAMATAN;KODE;KELURAHAN;JUMLAH KELURAHAN/DESA;JUMLAH KAMPUNG KB;2016;2017;2018;2019;> 2019;KAMPUNG KB MANDIRI;KAMPUNG KB PERCONTOHAN
SULAWESI BARAT;PASANGKAYU;BAMBAIRA;2001;BAMBAIRA;1;1;0;0;1;0;0;0;0
SULAWESI BARAT;PASANGKAYU;BAMBAIRA;2002;KASOLOANG;1;1;0;0;0;0;1;0;0
SULAWESI BARAT;PASANGKAYU;BAMBAIRA;2003;TAMPAURE;1;1;0;1;0;0;0;0;0
SULAWESI BARAT;PASANGKAYU;BAMBAIRA;2004;KALUKU NANGKA;1;0;0;0;0;0;0;0;0
SULAWESI BARAT;PASANGKAYU;BAMBALAMOTU;1006;BAMBALAMOTU;1;1;0;0;0;0;1;0;0
SULAWESI BARAT;PASANGKAYU;BAMBALAMOTU;2003;POLEWALI;1;1;0;0;0;0;1;0;0
SULAWESI BARAT;PASANGKAYU;BAMBALAMOTU;2004;RANDOMAYANG;1;1;0;1;0;0;0;0;1
SULAWESI BARAT;PASANGKAYU;BAMBALAMOTU;2007;PANGIANG;1;1;0;0;1;0;0;0;0
SULAWESI BARAT;PASANGKAYU;BAMBALAMOTU;2008;KALOLA;1;1;0;0;0;0;1;0;0
SULAWESI BARAT;PASANGKAYU;BAMBALAMOTU;2009;WULAI;1;1;0;0;0;0;1;0;0
SULAWESI BARAT;PASANGKAYU;BARAS;1001;BARAS;1;1;0;0;1;0;0;0;0
SULAWESI BARAT;PASANGKAYU;BARAS;2002;BALANTI;1;1;0;0;0;0;1;0;0
SULAWESI BARAT;PASANGKAYU;BARAS;2003;MOTU;1;1;0;0;0;0;1;0;0
SULAWESI BARAT;PASANGKAYU;BARAS;2012;BULU PARIGI;1;1;0;1;0;0;0;0;0
SULAWESI BARAT;PASANGKAYU;BARAS;2013;TOWONI;1;1;0;0;0;0;1;0;0
SULAWESI BARAT;PASANGKAYU;BARAS;2016;KASANO;1;1;0;0;0;0;1;0;0
SULAWESI BARAT;PASANGKAYU;BULU TABA;2001;LILIMORI;1;1;0;0;0;0;1;0;0
SULAWESI BARAT;PASANGKAYU;BULU TABA;2002;KARAVE;1;1;0;0;0;0;1;0;0
SULAWESI BARAT;PASANGKAYU;BULU TABA;2003;BUKIT HARAPAN;1;1;0;0;1;0;0;0;0
SULAWESI BARAT;PASANGKAYU;BULU TABA;2004;KASTABUANA;1;1;0;0;0;0;1;0;0
SULAWESI BARAT;PASANGKAYU;BULU TABA;2005;SUMBER SARI;1;1;0;0;0;0;1;0;0
SULAWESI BARAT;PASANGKAYU;BULU TABA;2006;LELEJAE;1;1;0;1;0;0;0;0;0
SULAWESI BARAT;PASANGKAYU;BULU TABA;2007;OMPI;1;1;0;0;0;0;1;0;0
SULAWESI BARAT;PASANGKAYU;DAPURANG;2001;DAPURANG;1;1;0;0;0;1;0;0;0
SULAWESI BARAT;PASANGKAYU;DAPURANG;2002;BENGGAULU;1;1;0;0;0;0;1;0;0
SULAWESI BARAT;PASANGKAYU;DAPURANG;2003;TIRTABUANA;1;1;0;0;0;0;1;0;0
SULAWESI BARAT;PASANGKAYU;DAPURANG;2004;BULU BONGGU;1;1;0;0;0;0;1;0;0
SULAWESI BARAT;PASANGKAYU;DAPURANG;2005;SARASA;1;1;0;1;0;0;0;0;0
SULAWESI BARAT;PASANGKAYU;DURIPOKU;2001;TAMMARUNANG;1;1;0;0;0;1;0;0;0
SULAWESI BARAT;PASANGKAYU;DURIPOKU;2002;SAPTANAJAYA;1;1;0;0;1;0;0;0;0
SULAWESI BARAT;PASANGKAYU;DURIPOKU;2003;TARANGGI;1;1;0;1;0;0;0;0;0
SULAWESI BARAT;PASANGKAYU;DURIPOKU;2004;SIPAKAINGA;1;1;0;0;0;0;1;0;0
SULAWESI BARAT;PASANGKAYU;LARIANG;2001;PARABU;1;1;0;0;0;0;1;0;0
SULAWESI BARAT;PASANGKAYU;LARIANG;2002;KENANGAN;1;0;0;0;0;0;0;0;0
SULAWESI BARAT;PASANGKAYU;LARIANG;2003;BAJAWALI;1;1;0;0;0;0;1;0;0
SULAWESI BARAT;PASANGKAYU;LARIANG;2004;SINGGANI;1;1;0;0;0;0;1;0;0
SULAWESI BARAT;PASANGKAYU;LARIANG;2005;KULU;1;1;0;1;0;0;0;0;0
SULAWESI BARAT;PASANGKAYU;LARIANG;2006;BATU MATORU;1;1;0;0;0;1;0;0;0
SULAWESI BARAT;PASANGKAYU;LARIANG;2007;BAMBAKORO;1;1;0;0;1;0;0;0;0
SULAWESI BARAT;PASANGKAYU;PASANGKAYU;1001;PASANGKAYU;1;1;0;0;0;0;1;0;0
SULAWESI BARAT;PASANGKAYU;PASANGKAYU;1002;MARTAJAYA;1;1;0;0;0;0;1;0;0
SULAWESI BARAT;PASANGKAYU;PASANGKAYU;2010;PAKAVA;1;1;0;1;0;0;0;0;0
SULAWESI BARAT;PASANGKAYU;PASANGKAYU;2014;KARYA BERSAMA;1;1;1;0;0;0;0;0;1
SULAWESI BARAT;PASANGKAYU;PASANGKAYU;2015;AKO;1;1;0;0;1;0;0;0;0
SULAWESI BARAT;PASANGKAYU;PASANGKAYU;2016;GUNUNG SARI;1;1;0;0;0;0;1;0;0
SULAWESI BARAT;PASANGKAYU;PEDONGGA;2001;MALEI;1;1;0;0;0;0;1;0;1
SULAWESI BARAT;PASANGKAYU;PEDONGGA;2002;PEDANDA;1;1;0;0;0;0;1;0;0
SULAWESI BARAT;PASANGKAYU;PEDONGGA;2003;BATU OGE;1;1;0;1;0;0;0;0;0
SULAWESI BARAT;PASANGKAYU;PEDONGGA;2004;MARTASARI;1;1;0;0;1;0;0;0;0
SULAWESI BARAT;PASANGKAYU;SARJO;2001;SARJO;1;1;0;0;1;0;0;0;0
SULAWESI BARAT;PASANGKAYU;SARJO;2002;MAPONU;1;1;0;1;0;0;0;0;0
SULAWESI BARAT;PASANGKAYU;SARJO;2003;LETAWA;1;0;0;0;0;0;0;0;0
SULAWESI BARAT;PASANGKAYU;SARJO;2004;SARUDE;1;0;0;0;0;0;0;0;0
SULAWESI BARAT;PASANGKAYU;SARUDU;2001;SARUDU;1;1;0;0;1;0;0;0;0
SULAWESI BARAT;PASANGKAYU;SARUDU;2003;BULU MARIO;1;1;0;0;0;0;1;0;0
SULAWESI BARAT;PASANGKAYU;SARUDU;2005;KUMASARI;1;1;0;0;0;0;1;0;0
SULAWESI BARAT;PASANGKAYU;SARUDU;2011;PATIKA;1;1;0;0;0;0;1;0;0
SULAWESI BARAT;PASANGKAYU;SARUDU;2012;DODA;1;1;0;1;0;0;0;0;0
SULAWESI BARAT;PASANGKAYU;TIKKE RAYA;2001;TIKKE;1;1;0;0;0;0;1;0;0
SULAWESI BARAT;PASANGKAYU;TIKKE RAYA;2002;MAKMUR JAYA;1;1;0;0;1;0;0;0;0
SULAWESI BARAT;PASANGKAYU;TIKKE RAYA;2003;LARIANG;1;1;0;1;0;0;0;0;0
SULAWESI BARAT;PASANGKAYU;TIKKE RAYA;2004;PAJALELE;1;1;0;0;0;0;1;0;0
SULAWESI BARAT;PASANGKAYU;TIKKE RAYA;2005;JENGENG RAYA;1;1;0;0;0;0;1;0;0
SULAWESI BARAT;MAMUJU;MAMUJU;1002;BINANGA;1;1;0;0;0;0;1;0;0
SULAWESI BARAT;MAMUJU;MAMUJU;1003;MAMUNYU;1;1;0;1;0;0;0;0;0
SULAWESI BARAT;MAMUJU;MAMUJU;1012;KAREMA;1;1;0;0;0;0;1;0;0
SULAWESI BARAT;MAMUJU;MAMUJU;1013;RIMUKU;1;1;0;0;0;0;1;0;0
SULAWESI BARAT;MAMUJU;MAMUJU;2005;BAMBU;1;1;0;0;0;0;1;0;0
SULAWESI BARAT;MAMUJU;MAMUJU;2006;KARAMPUANG;1;1;0;0;1;0;0;0;0
SULAWESI BARAT;MAMUJU;MAMUJU;2010;TADUI;1;1;0;0;0;0;1;0;0
SULAWESI BARAT;MAMUJU;MAMUJU;2014;BATU PANNU;1;1;0;0;1;0;0;0;0
SULAWESI BARAT;MAMUJU;TAPALANG;1001;GALUNG;1;1;0;0;0;0;1;0;0
SULAWESI BARAT;MAMUJU;TAPALANG;1002;KASAMBANG;1;1;0;0;0;0;1;0;0
SULAWESI BARAT;MAMUJU;TAPALANG;1014;DAYANGINNA;1;1;0;0;0;0;1;0;0
SULAWESI BARAT;MAMUJU;TAPALANG;2003;OROBATU;1;1;0;0;0;0;1;0;0
SULAWESI BARAT;MAMUJU;TAPALANG;2006;TAKANDEANG;1;1;0;0;0;0;1;0;0
SULAWESI BARAT;MAMUJU;TAPALANG;2009;BELA;1;1;0;0;0;0;1;0;0
SULAWESI BARAT;MAMUJU;TAPALANG;2010;TAAN;1;1;0;0;1;0;0;0;0
SULAWESI BARAT;MAMUJU;TAPALANG;2011;TAMPALANG;1;1;0;1;0;0;0;0;0
SULAWESI BARAT;MAMUJU;TAPALANG;2012;RANTEDODA;1;1;1;0;0;0;0;0;0
SULAWESI BARAT;MAMUJU;TAPALANG;2013;KOPEANG;1;1;0;0;0;1;0;0;0
SULAWESI BARAT;MAMUJU;KALUKKU;1001;SINYONYOI;1;1;0;0;1;0;0;0;0
SULAWESI BARAT;MAMUJU;KALUKKU;1002;BEBANGA;1;1;0;0;0;0;1;0;0
SULAWESI BARAT;MAMUJU;KALUKKU;1003;KALUKKU;1;1;0;0;0;0;1;0;0
SULAWESI BARAT;MAMUJU;KALUKKU;1014;SINYONYOI SELATAN;1;1;0;0;0;0;1;0;0
SULAWESI BARAT;MAMUJU;KALUKKU;2004;SONDOANG;1;1;0;0;0;0;1;0;0
SULAWESI BARAT;MAMUJU;KALUKKU;2005;BERU-BERU;1;1;0;0;0;0;1;0;0
SULAWESI BARAT;MAMUJU;KALUKKU;2006;BELANG BELANG;1;1;0;0;0;0;1;0;0
SULAWESI BARAT;MAMUJU;KALUKKU;2007;KABULOANG;1;1;0;0;0;0;1;0;0
SULAWESI BARAT;MAMUJU;KALUKKU;2008;KEANG;1;1;0;0;1;0;0;0;0
SULAWESI BARAT;MAMUJU;KALUKKU;2009;POKKANG;1;1;0;0;0;0;1;0;0
SULAWESI BARAT;MAMUJU;KALUKKU;2010;GULILING;1;1;0;0;0;0;1;0;0
SULAWESI BARAT;MAMUJU;KALUKKU;2011;UHAIMATE;1;1;0;0;0;0;1;0;0
SULAWESI BARAT;MAMUJU;KALUKKU;2012;KALUKKU BARAT;1;1;0;1;0;0;0;0;1
SULAWESI BARAT;MAMUJU;KALUKKU;2013;PAMMULUKANG;1;1;0;0;0;0;1;0;0
SULAWESI BARAT;MAMUJU;BONEHAU;2001;BONEHAU;1;1;0;0;0;0;1;0;0
SULAWESI BARAT;MAMUJU;BONEHAU;2002;SALUTIWO;1;1;0;1;0;0;0;0;0
SULAWESI BARAT;MAMUJU;BONEHAU;2003;BUTTUADA;1;1;0;0;0;0;1;0;0
SULAWESI BARAT;MAMUJU;BONEHAU;2004;TAMALEA;1;1;0;0;0;0;1;0;0
SULAWESI BARAT;MAMUJU;BONEHAU;2005;LUMIKA;1;1;0;0;0;0;1;0;0
SULAWESI BARAT;MAMUJU;BONEHAU;2006;MAPPU;1;1;0;0;0;1;0;0;0
SULAWESI BARAT;MAMUJU;BONEHAU;2009;BANUADA;1;1;0;0;1;0;0;0;0
SULAWESI BARAT;MAMUJU;BONEHAU;2010;HINUA;1;1;0;0;1;0;0;0;0
SULAWESI BARAT;MAMUJU;BONEHAU;2011;KINATANG;1;1;0;0;0;0;1;0;0
SULAWESI BARAT;MAMUJU;KALUMPANG;2001;KALUMPANG;1;1;0;0;0;0;1;0;0
SULAWESI BARAT;MAMUJU;KALUMPANG;2003;KARATAUN;1;1;0;0;0;0;1;0;0
SULAWESI BARAT;MAMUJU;KALUMPANG;2004;KARAMA;1;1;0;0;0;0;1;0;0
SULAWESI BARAT;MAMUJU;KALUMPANG;2006;SIRAUN;1;1;0;0;0;0;1;0;0
SULAWESI BARAT;MAMUJU;KALUMPANG;2007;TUMOGA;1;2;0;0;0;0;2;0;0
SULAWESI BARAT;MAMUJU;KALUMPANG;2010;SALUMAKKI;1;1;0;0;0;0;1;0;0
SULAWESI BARAT;MAMUJU;KALUMPANG;2011;POLIO;1;1;0;0;0;0;1;0;0
SULAWESI BARAT;MAMUJU;KALUMPANG;2012;LIMBONG;1;1;0;0;0;0;1;0;0
SULAWESI BARAT;MAMUJU;KALUMPANG;2013;SANDAPANG;1;1;0;0;0;0;1;0;0
SULAWESI BARAT;MAMUJU;KALUMPANG;2014;KONDO BULO;1;1;0;0;0;0;1;0;0
SULAWESI BARAT;MAMUJU;KALUMPANG;2015;MAKKALIKI;1;1;0;0;0;0;1;0;0
SULAWESI BARAT;MAMUJU;KALUMPANG;2016;BATU MAKKADA;1;1;0;0;0;0;1;0;0
SULAWESI BARAT;MAMUJU;KALUMPANG;2017;LASA';1;1;0;0;0;0;1;0;0
SULAWESI BARAT;MAMUJU;KEP. BALA BALAKANG;2001;BALA BALAKANG;1;1;0;1;0;0;0;0;0
SULAWESI BARAT;MAMUJU;KEP. BALA BALAKANG;2002;BALA-BALAKANG TIMUR;1;0;0;0;0;0;0;0;0
SULAWESI BARAT;MAMUJU;SAMPAGA;2001;BUNDE;1;1;0;0;1;0;0;0;0
SULAWESI BARAT;MAMUJU;SAMPAGA;2002;KALONDING;1;1;0;0;0;0;1;0;0
SULAWESI BARAT;MAMUJU;SAMPAGA;2003;TARAILU;1;1;0;0;0;0;1;0;0
SULAWESI BARAT;MAMUJU;SAMPAGA;2004;SAMPAGA;1;1;0;1;0;0;0;0;0
SULAWESI BARAT;MAMUJU;SAMPAGA;2005;TANAMBUAH;1;1;0;0;0;0;1;0;0
SULAWESI BARAT;MAMUJU;SAMPAGA;2006;SALUBARANA;1;1;0;0;0;0;1;0;0
SULAWESI BARAT;MAMUJU;SAMPAGA;2007;LOSSO;1;1;0;0;0;0;1;0;0
SULAWESI BARAT;MAMUJU;PAPALANG;2001;TOABO;1;1;0;0;0;0;1;0;0
SULAWESI BARAT;MAMUJU;PAPALANG;2002;PAPALANG;1;1;0;0;1;0;0;0;1
SULAWESI BARAT;MAMUJU;PAPALANG;2003;BONDA;1;1;0;1;0;0;0;0;1
SULAWESI BARAT;MAMUJU;PAPALANG;2004;TOPORE;1;1;0;0;0;0;1;0;0
SULAWESI BARAT;MAMUJU;PAPALANG;2005;SALUKAYU;1;1;0;0;0;0;1;0;0
SULAWESI BARAT;MAMUJU;PAPALANG;2006;SUKADAMAI;1;1;0;0;0;0;1;0;0
SULAWESI BARAT;MAMUJU;PAPALANG;2007;BODA-BODA;1;1;0;0;0;0;1;0;0
SULAWESI BARAT;MAMUJU;PAPALANG;2008;SISANGO;1;1;0;0;0;0;1;0;0
SULAWESI BARAT;MAMUJU;PAPALANG;2009;BATU AMPA;1;1;0;0;0;0;1;0;0
SULAWESI BARAT;MAMUJU;SIMBORO;1001;SIMBORO;1;1;0;0;0;0;1;0;0
SULAWESI BARAT;MAMUJU;SIMBORO;1002;RANGAS;1;1;0;0;0;0;1;0;0
SULAWESI BARAT;MAMUJU;SIMBORO;2003;BOTTENG;1;1;0;0;0;0;1;0;0
SULAWESI BARAT;MAMUJU;SIMBORO;2004;SALETTO;1;1;0;1;0;0;0;0;1
SULAWESI BARAT;MAMUJU;SIMBORO;2005;SUMARE;1;1;0;0;0;0;1;0;0
SULAWESI BARAT;MAMUJU;SIMBORO;2007;BOTTENG UTARA;1;1;0;0;1;0;0;0;0
SULAWESI BARAT;MAMUJU;SIMBORO;2008;TAPANDULLU;1;1;0;0;0;0;1;0;0
SULAWESI BARAT;MAMUJU;SIMBORO;2009;PATI'DI;1;1;0;0;0;0;1;0;0
SULAWESI BARAT;MAMUJU;TAPALANG BARAT;2001;DUNGKAIT;1;1;1;0;0;0;0;0;0
SULAWESI BARAT;MAMUJU;TAPALANG BARAT;2002;LEBANI;1;1;0;0;1;0;0;0;0
SULAWESI BARAT;MAMUJU;TAPALANG BARAT;2003;LABUANG RANO;1;1;0;0;1;0;0;0;0
SULAWESI BARAT;MAMUJU;TAPALANG BARAT;2004;PASABU;1;1;0;1;0;0;0;0;0
SULAWESI BARAT;MAMUJU;TAPALANG BARAT;2005;TANETE PAO;1;1;0;0;0;0;1;0;0
SULAWESI BARAT;MAMUJU;TAPALANG BARAT;2006;PANGASAAN;1;1;0;0;1;0;0;0;0
SULAWESI BARAT;MAMUJU;TAPALANG BARAT;2007;AHU;1;1;0;0;0;0;1;0;0
SULAWESI BARAT;MAMUJU;TOMMO;2001;TOMMO;1;1;0;0;0;0;1;0;0
SULAWESI BARAT;MAMUJU;TOMMO;2002;CAMPALOGA;1;1;0;0;0;0;1;0;0
SULAWESI BARAT;MAMUJU;TOMMO;2003;BUANA SAKTI;1;1;0;0;0;0;1;0;0
SULAWESI BARAT;MAMUJU;TOMMO;2004;TAMEMONGGA;1;1;0;0;0;0;1;0;0
SULAWESI BARAT;MAMUJU;TOMMO;2005;TAMEJARRA;1;1;0;0;0;0;1;0;0
SULAWESI BARAT;MAMUJU;TOMMO;2006;RANTEMARIO;1;1;0;0;1;0;0;0;0
SULAWESI BARAT;MAMUJU;TOMMO;2007;MALINO;1;1;0;0;0;0;1;0;0
SULAWESI BARAT;MAMUJU;TOMMO;2008;KAKULLASANG;1;1;0;0;0;0;1;0;0
SULAWESI BARAT;MAMUJU;TOMMO;2009;LELING;1;1;0;0;0;0;1;0;0
SULAWESI BARAT;MAMUJU;TOMMO;2010;KALEPU;1;1;0;0;0;0;1;0;0
SULAWESI BARAT;MAMUJU;TOMMO;2011;SANDANA;1;1;0;0;0;0;1;0;0
SULAWESI BARAT;MAMUJU;TOMMO;2012;LELING BARAT;1;1;0;0;0;0;1;0;0
SULAWESI BARAT;MAMUJU;TOMMO;2013;LELING UTARA;1;1;0;0;0;0;1;0;0
SULAWESI BARAT;MAMUJU;TOMMO;2014;SALUDENGEN;1;1;0;0;0;0;1;0;0
SULAWESI BARAT;MAJENE;BANGGAE;1001;BANGGAE;1;1;0;0;0;0;1;0;0
SULAWESI BARAT;MAJENE;BANGGAE;1003;BARU;1;1;0;0;0;0;1;0;0
SULAWESI BARAT;MAJENE;BANGGAE;1007;PANGALI ALI;1;1;0;0;0;0;1;0;0
SULAWESI BARAT;MAJENE;BANGGAE;1009;TOTOLI;1;1;0;1;0;0;0;0;0
SULAWESI BARAT;MAJENE;BANGGAE;1010;RANGAS;1;1;0;0;1;0;0;0;0
SULAWESI BARAT;MAJENE;BANGGAE;1013;GALUNG;1;1;0;0;0;0;1;0;0
SULAWESI BARAT;MAJENE;BANGGAE;2011;PALIPI SOREANG;1;1;0;1;0;0;0;0;0
SULAWESI BARAT;MAJENE;BANGGAE;2012;PAMBOBORANG;1;1;1;0;0;0;0;0;0
SULAWESI BARAT;MAJENE;MALUNDA;1001;MALUNDA;1;1;0;0;0;0;1;0;0
SULAWESI BARAT;MAJENE;MALUNDA;1015;LAMUNGANG BATU;1;1;0;0;0;0;1;0;0
SULAWESI BARAT;MAJENE;MALUNDA;2002;BAMBANGAN;1;1;0;0;0;1;0;0;0
SULAWESI BARAT;MAJENE;MALUNDA;2004;LOMBANG;1;1;0;0;1;0;0;0;0
SULAWESI BARAT;MAJENE;MALUNDA;2005;LOMBONG;1;1;0;0;1;0;0;0;0
SULAWESI BARAT;MAJENE;MALUNDA;2006;MEKKATTA;1;1;0;0;0;0;1;0;0
SULAWESI BARAT;MAJENE;MALUNDA;2010;MALIAYA;1;1;0;1;0;0;0;0;0
SULAWESI BARAT;MAJENE;MALUNDA;2011;LOMBANG TIMUR;1;1;0;0;0;0;1;0;0
SULAWESI BARAT;MAJENE;MALUNDA;2012;SALUTAHONGAN;1;1;0;0;0;1;0;0;0
SULAWESI BARAT;MAJENE;MALUNDA;2013;LOMBONG TIMUR;1;1;0;0;0;0;1;0;0
SULAWESI BARAT;MAJENE;MALUNDA;2014;MEKKATTA SELATAN;1;1;0;0;0;0;1;0;0
SULAWESI BARAT;MAJENE;MALUNDA;2016;KAYUANGIN;1;1;0;0;0;0;1;0;0
SULAWESI BARAT;MAJENE;BANGGAE TIMUR;1001;BAURUNG;1;1;0;0;1;0;0;0;1
SULAWESI BARAT;MAJENE;BANGGAE TIMUR;1002;BARUGA;1;1;0;0;0;0;1;0;0
SULAWESI BARAT;MAJENE;BANGGAE TIMUR;1003;BARUGA DHUA;1;1;0;0;0;0;1;0;0
SULAWESI BARAT;MAJENE;BANGGAE TIMUR;1004;LABUANG;1;1;0;0;0;0;1;0;0
SULAWESI BARAT;MAJENE;BANGGAE TIMUR;1005;TANDE;1;1;0;1;0;0;0;0;0
SULAWESI BARAT;MAJENE;BANGGAE TIMUR;1006;LEMBANG;1;1;0;0;0;0;1;0;0
SULAWESI BARAT;MAJENE;BANGGAE TIMUR;1007;LABUANG UTARA;1;1;0;0;1;0;0;0;0
SULAWESI BARAT;MAJENE;BANGGAE TIMUR;1008;TANDE TIMUR;1;1;0;0;0;0;1;0;0
SULAWESI BARAT;MAJENE;BANGGAE TIMUR;2009;BUTTU BARUGA;1;1;1;0;0;0;0;0;0
SULAWESI BARAT;MAJENE;PAMBOANG;1001;LALAMPANUA;1;1;0;0;0;0;1;0;0
SULAWESI BARAT;MAJENE;PAMBOANG;1002;SIRINDU;1;1;0;0;0;0;1;0;0
SULAWESI BARAT;MAJENE;PAMBOANG;2003;ADOLANG;1;1;0;0;0;0;1;0;0
SULAWESI BARAT;MAJENE;PAMBOANG;2004;BABABULO;1;1;0;0;0;0;1;0;0
SULAWESI BARAT;MAJENE;PAMBOANG;2005;BONDE;1;1;0;0;0;0;1;0;0
SULAWESI BARAT;MAJENE;PAMBOANG;2006;BETTENG;1;1;0;0;1;0;0;0;0
SULAWESI BARAT;MAJENE;PAMBOANG;2007;SIMBANG;1;1;0;0;0;0;1;0;0
SULAWESI BARAT;MAJENE;PAMBOANG;2008;BONDE UTARA;1;1;0;0;1;0;0;0;1
SULAWESI BARAT;MAJENE;PAMBOANG;2009;BABABULO UTARA;1;1;0;0;0;0;1;0;0
SULAWESI BARAT;MAJENE;PAMBOANG;2010;BUTTU PAMBOANG;1;1;0;1;0;0;0;0;0
SULAWESI BARAT;MAJENE;PAMBOANG;2011;BANUA ADOLANG;1;1;0;0;0;1;0;0;0
SULAWESI BARAT;MAJENE;PAMBOANG;2012;ADOLANG DHUA;1;1;0;0;0;1;0;0;0
SULAWESI BARAT;MAJENE;PAMBOANG;2013;TINAMBUNG;1;1;0;0;0;0;1;0;0
SULAWESI BARAT;MAJENE;PAMBOANG;2014;PESULOANG;1;1;0;0;1;0;0;0;0
SULAWESI BARAT;MAJENE;PAMBOANG;2015;BALOMBONG;1;1;0;0;0;0;1;0;0
SULAWESI BARAT;MAJENE;SENDANA;1001;MOSSO;1;1;0;0;1;0;0;0;0
SULAWESI BARAT;MAJENE;SENDANA;1002;MOSSO DHUA;1;1;0;0;0;0;1;0;0
SULAWESI BARAT;MAJENE;SENDANA;2004;TOTOLISI SENDANA;1;1;0;0;0;0;1;0;0
SULAWESI BARAT;MAJENE;SENDANA;2007;TALLUBANUA;1;1;0;0;0;0;1;0;0
SULAWESI BARAT;MAJENE;SENDANA;2015;LALATEDZONG;1;1;0;0;0;1;0;0;0
SULAWESI BARAT;MAJENE;SENDANA;2016;BINANGA;1;1;0;0;0;0;1;0;0
SULAWESI BARAT;MAJENE;SENDANA;2017;PUTTADA;1;1;0;0;0;0;1;0;0
SULAWESI BARAT;MAJENE;SENDANA;2018;PAMINGGALAN;1;1;0;0;0;0;1;0;0
SULAWESI BARAT;MAJENE;SENDANA;2019;LEPPANGANG;1;1;0;0;0;0;1;0;0
SULAWESI BARAT;MAJENE;SENDANA;2020;PUNDAU;1;1;0;0;0;1;0;0;0
SULAWESI BARAT;MAJENE;SENDANA;2021;SENDANA;1;1;0;0;0;0;1;0;0
SULAWESI BARAT;MAJENE;SENDANA;2022;BANUA SENDANA;1;1;0;0;0;0;1;0;0
SULAWESI BARAT;MAJENE;SENDANA;2023;TALLUBANUA UTARA;1;1;0;0;0;0;1;0;0
SULAWESI BARAT;MAJENE;SENDANA;2024;LIMBORO RAMBU-RAMBU;1;1;0;0;0;0;1;0;0
SULAWESI BARAT;MAJENE;SENDANA;2025;LIMBUA;1;1;0;1;0;0;0;0;1
SULAWESI BARAT;MAJENE;SENDANA;2026;BUKIT SAMANG;1;1;0;0;0;0;1;0;0
SULAWESI BARAT;MAJENE;TAMMERODO SENDANA;2001;SEPPONG;1;1;0;0;0;0;1;0;0
SULAWESI BARAT;MAJENE;TAMMERODO SENDANA;2002;TAMMERODO;1;1;0;1;0;0;0;0;1
SULAWESI BARAT;MAJENE;TAMMERODO SENDANA;2003;ULIDANG;1;1;0;0;0;0;1;0;1
SULAWESI BARAT;MAJENE;TAMMERODO SENDANA;2004;TALLAMBALAO;1;1;0;0;0;0;1;0;1
SULAWESI BARAT;MAJENE;TAMMERODO SENDANA;2005;TAMMERODO UTARA;1;1;0;0;0;0;1;0;1
SULAWESI BARAT;MAJENE;TAMMERODO SENDANA;2006;MANYAMBA;1;1;0;0;0;0;1;0;1
SULAWESI BARAT;MAJENE;TAMMERODO SENDANA;2007;AWO;1;1;0;0;1;0;0;0;0
SULAWESI BARAT;MAJENE;TUBO SENDANA;2001;ONANG;1;1;0;0;1;0;0;0;0
SULAWESI BARAT;MAJENE;TUBO SENDANA;2002;TUBO;1;1;0;0;0;0;1;0;0
SULAWESI BARAT;MAJENE;TUBO SENDANA;2003;ONANG UTARA;1;1;0;0;0;1;0;0;0
SULAWESI BARAT;MAJENE;TUBO SENDANA;2004;TUBO SELATAN;1;1;0;0;0;0;1;0;0
SULAWESI BARAT;MAJENE;TUBO SENDANA;2005;BONDE BONDE;1;1;0;0;0;0;1;0;0
SULAWESI BARAT;MAJENE;TUBO SENDANA;2006;TUBO TENGAH;1;1;0;0;0;1;0;0;0
SULAWESI BARAT;MAJENE;TUBO SENDANA;2007;TUBO POANG;1;1;0;0;0;0;1;0;0
SULAWESI BARAT;MAJENE;ULUMANDA;2001;KABIRAAN;1;1;0;0;0;1;0;0;0
SULAWESI BARAT;MAJENE;ULUMANDA;2002;SAMBABO;1;1;0;0;1;0;0;0;0
SULAWESI BARAT;MAJENE;ULUMANDA;2003;TANDEALLO;1;1;0;0;0;0;1;0;0
SULAWESI BARAT;MAJENE;ULUMANDA;2004;ULUMANDA;1;1;0;0;0;0;1;0;0
SULAWESI BARAT;MAJENE;ULUMANDA;2005;SALUTAMBUNG;1;1;0;1;0;0;0;0;0
SULAWESI BARAT;MAJENE;ULUMANDA;2006;POPENGA;1;1;0;0;0;0;1;0;0
SULAWESI BARAT;MAJENE;ULUMANDA;2007;SULAI;1;1;0;0;0;0;1;0;0
SULAWESI BARAT;MAJENE;ULUMANDA;2008;PANGGALO;1;1;0;0;0;0;1;0;0
SULAWESI BARAT;POLEWALI MANDAR;ALLU;1009;PETOOSANG;1;1;0;0;0;0;1;0;0
SULAWESI BARAT;POLEWALI MANDAR;ALLU;2002;MOMBI;1;1;0;0;0;0;1;0;0
SULAWESI BARAT;POLEWALI MANDAR;ALLU;2003;KALUMAMMANG;1;1;0;0;0;1;0;0;0
SULAWESI BARAT;POLEWALI MANDAR;ALLU;2004;PAO-PAO;1;1;0;0;0;0;1;0;0
SULAWESI BARAT;POLEWALI MANDAR;ALLU;2005;PUPPU URING;1;1;0;0;0;0;1;0;0
SULAWESI BARAT;POLEWALI MANDAR;ALLU;2006;SARAGIAN;1;1;0;0;0;0;1;0;0
SULAWESI BARAT;POLEWALI MANDAR;ALLU;2007;SAYOANG;1;1;0;0;0;0;1;0;0
SULAWESI BARAT;POLEWALI MANDAR;ALLU;2008;ALU;1;1;0;0;0;1;0;0;0
SULAWESI BARAT;POLEWALI MANDAR;ANREAPI;1001;ANREAPI;1;1;0;0;0;0;1;0;0
SULAWESI BARAT;POLEWALI MANDAR;ANREAPI;2002;DUAMPANUA;1;1;0;1;0;0;0;0;0
SULAWESI BARAT;POLEWALI MANDAR;ANREAPI;2003;KELAPA DUA;1;1;0;0;0;0;1;0;0
SULAWESI BARAT;POLEWALI MANDAR;ANREAPI;2004;PAPPANDANGAN;1;1;0;0;0;0;1;0;0
SULAWESI BARAT;POLEWALI MANDAR;ANREAPI;2005;KUNYI;1;1;0;0;1;0;0;0;0
SULAWESI BARAT;POLEWALI MANDAR;BALANIPA;1002;BALANIPA;1;1;0;0;0;0;1;0;0
SULAWESI BARAT;POLEWALI MANDAR;BALANIPA;2001;TAMMAJARRA;1;1;0;0;0;0;1;0;0
SULAWESI BARAT;POLEWALI MANDAR;BALANIPA;2003;TAMANGGALLE;1;1;0;0;0;0;1;0;0
SULAWESI BARAT;POLEWALI MANDAR;BALANIPA;2004;MOSSO;1;1;0;0;0;0;1;0;0
SULAWESI BARAT;POLEWALI MANDAR;BALANIPA;2005;GALUNG TULUK;1;1;0;0;0;0;1;0;0
SULAWESI BARAT;POLEWALI MANDAR;BALANIPA;2006;SABANG SUBIK;1;1;1;0;0;0;0;0;1
SULAWESI BARAT;POLEWALI MANDAR;BALANIPA;2007;PAMBUSUANG;1;1;0;0;1;0;0;0;0
SULAWESI BARAT;POLEWALI MANDAR;BALANIPA;2008;BALA;1;1;0;0;1;0;0;0;0
SULAWESI BARAT;POLEWALI MANDAR;BALANIPA;2009;LAMBANAN;1;1;0;0;1;0;0;0;0
SULAWESI BARAT;POLEWALI MANDAR;BALANIPA;2010;LEGO;1;1;0;0;1;0;0;0;0
SULAWESI BARAT;POLEWALI MANDAR;BALANIPA;2011;PALLIS;1;1;0;0;0;0;1;0;0
SULAWESI BARAT;POLEWALI MANDAR;BINUANG;1005;AMASSANGAN;1;1;0;0;0;0;1;0;0
SULAWESI BARAT;POLEWALI MANDAR;BINUANG;2001;TONYAMAN;1;1;0;0;0;0;1;0;0
SULAWESI BARAT;POLEWALI MANDAR;BINUANG;2002;KUAJANG;1;1;0;0;0;0;1;0;0
SULAWESI BARAT;POLEWALI MANDAR;BINUANG;2003;PAKU;1;1;0;0;0;0;1;0;0
SULAWESI BARAT;POLEWALI MANDAR;BINUANG;2004;MIRRING;1;1;0;0;0;0;1;0;0
SULAWESI BARAT;POLEWALI MANDAR;BINUANG;2006;BATETANGNGA;1;1;0;0;0;0;1;0;0
SULAWESI BARAT;POLEWALI MANDAR;BINUANG;2007;MAMMI;1;1;0;0;0;0;1;0;0
SULAWESI BARAT;POLEWALI MANDAR;BINUANG;2008;KALEOK;1;1;0;0;0;0;1;0;0
SULAWESI BARAT;POLEWALI MANDAR;BINUANG;2009;AMOLA;1;1;0;0;0;0;1;0;0
SULAWESI BARAT;POLEWALI MANDAR;BINUANG;2010;REA;1;1;0;0;0;0;1;0;0
SULAWESI BARAT;POLEWALI MANDAR;BULO;2001;BULO;1;1;0;0;0;0;1;0;0
SULAWESI BARAT;POLEWALI MANDAR;BULO;2002;PULLIWA;1;1;0;0;1;0;0;0;0
SULAWESI BARAT;POLEWALI MANDAR;BULO;2003;PATAMBANUA;1;1;0;0;0;0;1;0;0
SULAWESI BARAT;POLEWALI MANDAR;BULO;2004;KAROMBANG;1;1;0;0;0;0;1;0;1
SULAWESI BARAT;POLEWALI MANDAR;BULO;2005;DAALA TIMUR;1;1;0;0;0;0;1;0;0
SULAWESI BARAT;POLEWALI MANDAR;BULO;2006;LENGGO;1;1;0;0;0;0;1;0;0
SULAWESI BARAT;POLEWALI MANDAR;BULO;2007;SABURA;1;1;0;0;0;0;1;0;0
SULAWESI BARAT;POLEWALI MANDAR;BULO;2008;SEPPORRAKI;1;1;0;0;0;0;1;0;0
SULAWESI BARAT;POLEWALI MANDAR;BULO;2009;IHING;1;1;0;0;0;0;1;0;0
SULAWESI BARAT;POLEWALI MANDAR;CAMPALAGIAN;1001;PAPPANG;1;1;0;0;0;0;1;0;0
SULAWESI BARAT;POLEWALI MANDAR;CAMPALAGIAN;2002;LALIKO;1;1;0;0;0;0;1;0;0
SULAWESI BARAT;POLEWALI MANDAR;CAMPALAGIAN;2003;BONDE;1;1;0;0;0;0;1;0;0
SULAWESI BARAT;POLEWALI MANDAR;CAMPALAGIAN;2004;KATUMBANGAN LEMO;1;1;0;0;1;0;0;0;0
SULAWESI BARAT;POLEWALI MANDAR;CAMPALAGIAN;2005;PANYAMPA;1;1;0;0;0;0;1;0;0
SULAWESI BARAT;POLEWALI MANDAR;CAMPALAGIAN;2006;SURUANG;1;1;0;0;0;0;1;0;0
SULAWESI BARAT;POLEWALI MANDAR;CAMPALAGIAN;2007;LAMPOKO;1;1;0;0;0;0;1;0;0
SULAWESI BARAT;POLEWALI MANDAR;CAMPALAGIAN;2008;KATUMBANGAN;1;1;0;0;0;0;1;0;0
SULAWESI BARAT;POLEWALI MANDAR;CAMPALAGIAN;2009;LAPEO;1;1;0;0;0;0;1;0;0
SULAWESI BARAT;POLEWALI MANDAR;CAMPALAGIAN;2010;PARAPPE;1;1;0;0;0;0;1;0;0
SULAWESI BARAT;POLEWALI MANDAR;CAMPALAGIAN;2011;ONGKO;1;1;0;0;0;0;1;0;0
SULAWESI BARAT;POLEWALI MANDAR;CAMPALAGIAN;2012;KENJE;1;1;1;0;0;0;0;0;1
SULAWESI BARAT;POLEWALI MANDAR;CAMPALAGIAN;2013;SUMARRANG;1;1;1;0;0;0;0;0;0
SULAWESI BARAT;POLEWALI MANDAR;CAMPALAGIAN;2014;BOTTO;1;1;0;0;0;0;1;0;0
SULAWESI BARAT;POLEWALI MANDAR;CAMPALAGIAN;2015;GATTUNGAN;1;1;0;0;0;0;1;0;0
SULAWESI BARAT;POLEWALI MANDAR;CAMPALAGIAN;2016;PADANG TIMUR;1;1;0;0;1;0;0;0;0
SULAWESI BARAT;POLEWALI MANDAR;CAMPALAGIAN;2017;PADANG;1;1;0;0;0;1;0;0;0
SULAWESI BARAT;POLEWALI MANDAR;CAMPALAGIAN;2018;LAGI-AGI;1;1;0;0;0;0;1;0;0
SULAWESI BARAT;POLEWALI MANDAR;LIMBORO;1001;LIMBORO;1;1;0;0;0;0;1;0;0
SULAWESI BARAT;POLEWALI MANDAR;LIMBORO;2002;LEMBANG LEMBANG;1;1;0;0;0;0;1;0;0
SULAWESI BARAT;POLEWALI MANDAR;LIMBORO;2003;TANDASURA;1;1;0;0;0;0;1;0;0
SULAWESI BARAT;POLEWALI MANDAR;LIMBORO;2004;SAMASUNDU;1;1;0;0;1;0;0;0;0
SULAWESI BARAT;POLEWALI MANDAR;LIMBORO;2005;NAPO;1;1;0;0;0;0;1;0;0
SULAWESI BARAT;POLEWALI MANDAR;LIMBORO;2006;TODANG TODANG;1;1;0;0;0;0;1;0;0
SULAWESI BARAT;POLEWALI MANDAR;LIMBORO;2007;PENDULANGAN;1;1;0;0;0;0;1;0;0
SULAWESI BARAT;POLEWALI MANDAR;LIMBORO;2008;RENGGEANG;1;1;0;0;0;0;1;0;0
SULAWESI BARAT;POLEWALI MANDAR;LIMBORO;2009;SALARRI;1;1;0;0;1;0;0;0;0
SULAWESI BARAT;POLEWALI MANDAR;LIMBORO;2010;TANGAN BARU;1;1;0;0;1;0;0;0;0
SULAWESI BARAT;POLEWALI MANDAR;LIMBORO;2011;PALECE;1;1;0;0;0;0;1;0;0
SULAWESI BARAT;POLEWALI MANDAR;LUYO;1004;BATUPANGA;1;1;0;0;0;0;1;0;0
SULAWESI BARAT;POLEWALI MANDAR;LUYO;2001;MAMBU;1;1;0;0;0;0;1;0;0
SULAWESI BARAT;POLEWALI MANDAR;LUYO;2002;TENGGELANG;1;1;0;1;0;0;0;0;1
SULAWESI BARAT;POLEWALI MANDAR;LUYO;2003;BARU;1;1;0;0;0;0;1;0;0
SULAWESI BARAT;POLEWALI MANDAR;LUYO;2005;PUSSUI;1;1;0;0;0;0;1;0;0
SULAWESI BARAT;POLEWALI MANDAR;LUYO;2006;MAPILI BARAT;1;1;0;0;0;0;1;0;0
SULAWESI BARAT;POLEWALI MANDAR;LUYO;2007;SAMBALI WALI;1;1;0;0;0;0;1;0;0
SULAWESI BARAT;POLEWALI MANDAR;LUYO;2008;BATUPANGA DAALA;1;1;0;0;0;0;1;0;0
SULAWESI BARAT;POLEWALI MANDAR;LUYO;2009;LUYO;1;1;0;0;0;1;0;0;0
SULAWESI BARAT;POLEWALI MANDAR;LUYO;2010;PUSSUI BARAT;1;1;0;0;0;0;1;0;0
SULAWESI BARAT;POLEWALI MANDAR;LUYO;2011;PUCCADI;1;1;1;0;0;0;0;0;0
SULAWESI BARAT;POLEWALI MANDAR;MAPILLI;1001;MAPILI;1;1;0;0;0;0;1;0;0
SULAWESI BARAT;POLEWALI MANDAR;MAPILLI;2002;UGIBARU;1;1;0;0;0;0;1;0;0
SULAWESI BARAT;POLEWALI MANDAR;MAPILLI;2003;RUMPA;1;1;0;0;0;0;1;0;0
SULAWESI BARAT;POLEWALI MANDAR;MAPILLI;2005;KURMA;1;1;0;0;1;0;0;0;0
SULAWESI BARAT;POLEWALI MANDAR;MAPILLI;2007;BUKU;1;1;0;0;1;0;0;0;0
SULAWESI BARAT;POLEWALI MANDAR;MAPILLI;2009;BONNE BONNE;1;1;0;0;0;0;1;0;0
SULAWESI BARAT;POLEWALI MANDAR;MAPILLI;2011;BEROANGIN;1;1;0;0;0;0;1;0;0
SULAWESI BARAT;POLEWALI MANDAR;MAPILLI;2015;SEGERANG;1;1;0;0;0;0;1;0;0
SULAWESI BARAT;POLEWALI MANDAR;MAPILLI;2016;BONRA;1;1;0;0;0;0;1;0;0
SULAWESI BARAT;POLEWALI MANDAR;MAPILLI;2017;SATTOKO;1;1;0;0;1;0;0;0;0
SULAWESI BARAT;POLEWALI MANDAR;MAPILLI;2018;RAPPANG BARAT;1;1;0;0;0;0;1;0;0
SULAWESI BARAT;POLEWALI MANDAR;MAPILLI;2019;LANDI KANUSUANG;1;1;0;0;0;0;1;0;0
SULAWESI BARAT;POLEWALI MANDAR;MATAKALI;1001;MATAKALI;1;1;0;0;0;0;1;0;0
SULAWESI BARAT;POLEWALI MANDAR;MATAKALI;2002;PETAMPANUA;1;1;0;0;0;1;0;0;0
SULAWESI BARAT;POLEWALI MANDAR;MATAKALI;2003;BARUMBUNG;1;1;0;0;0;0;1;0;0
SULAWESI BARAT;POLEWALI MANDAR;MATAKALI;2004;PASIANG;1;1;0;0;0;0;1;0;1
SULAWESI BARAT;POLEWALI MANDAR;MATAKALI;2005;TONROLIMA;1;1;1;0;0;0;0;0;1
SULAWESI BARAT;POLEWALI MANDAR;MATAKALI;2006;INDOMAKKOMBONG;1;1;0;0;0;0;1;0;0
SULAWESI BARAT;POLEWALI MANDAR;MATAKALI;2007;BUNGA-BUNGA;1;1;0;0;0;1;0;0;0
SULAWESI BARAT;POLEWALI MANDAR;MATANGNGA;1001;MATANGNGA;1;1;0;0;0;0;1;0;0
SULAWESI BARAT;POLEWALI MANDAR;MATANGNGA;2002;LILLI;1;1;0;0;0;0;1;0;0
SULAWESI BARAT;POLEWALI MANDAR;MATANGNGA;2003;RANGOAN;1;1;0;0;0;0;1;0;1
SULAWESI BARAT;POLEWALI MANDAR;MATANGNGA;2004;TAPUA;1;1;1;0;0;0;0;0;0
SULAWESI BARAT;POLEWALI MANDAR;MATANGNGA;2005;MAMBU TAPUA;1;1;0;1;0;0;0;0;0
SULAWESI BARAT;POLEWALI MANDAR;MATANGNGA;2006;BA'BA TAPUA;1;1;0;0;0;0;1;0;0
SULAWESI BARAT;POLEWALI MANDAR;MATANGNGA;2007;KATIMBANG;1;1;0;0;0;0;1;0;0
SULAWESI BARAT;POLEWALI MANDAR;POLEWALI;1001;POLEWALI;1;1;0;1;0;0;0;0;1
SULAWESI BARAT;POLEWALI MANDAR;POLEWALI;1002;WATTANG;1;1;0;0;0;0;1;0;0
SULAWESI BARAT;POLEWALI MANDAR;POLEWALI;1003;SULEWATANG;1;1;0;0;0;1;0;0;0
SULAWESI BARAT;POLEWALI MANDAR;POLEWALI;1004;LANTORA;1;1;0;0;0;0;1;0;0
SULAWESI BARAT;POLEWALI MANDAR;POLEWALI;1005;TAKATIDUNG;1;1;1;0;0;0;0;0;0
SULAWESI BARAT;POLEWALI MANDAR;POLEWALI;1006;PEKKABATA;1;1;0;0;0;0;1;0;0
SULAWESI BARAT;POLEWALI MANDAR;POLEWALI;1007;MADATE;1;1;0;0;0;1;0;0;0
SULAWESI BARAT;POLEWALI MANDAR;POLEWALI;1008;MANDING;1;1;0;0;0;1;0;0;0
SULAWESI BARAT;POLEWALI MANDAR;POLEWALI;1009;DARMA;1;1;0;0;0;1;0;0;0
SULAWESI BARAT;POLEWALI MANDAR;TAPANGO;1001;PELITAKAN;1;1;0;0;0;0;1;0;0
SULAWESI BARAT;POLEWALI MANDAR;TAPANGO;2002;TAPANGO;1;1;0;0;0;0;1;0;0
SULAWESI BARAT;POLEWALI MANDAR;TAPANGO;2003;RAPPANG;1;1;0;0;0;0;1;0;1
SULAWESI BARAT;POLEWALI MANDAR;TAPANGO;2004;DAKKA;1;1;0;0;0;0;1;0;0
SULAWESI BARAT;POLEWALI MANDAR;TAPANGO;2005;BATU;1;1;0;0;0;0;1;0;1
SULAWESI BARAT;POLEWALI MANDAR;TAPANGO;2006;RISO;1;1;0;0;0;0;1;0;0
SULAWESI BARAT;POLEWALI MANDAR;TAPANGO;2007;PALATTA;1;1;0;0;0;0;1;0;0
SULAWESI BARAT;POLEWALI MANDAR;TAPANGO;2008;TAPANGO BARAT;1;1;0;0;0;0;1;0;0
SULAWESI BARAT;POLEWALI MANDAR;TAPANGO;2009;KURRAK;1;1;0;0;0;0;1;0;0
SULAWESI BARAT;POLEWALI MANDAR;TAPANGO;2010;BUSSU;1;1;0;1;0;0;0;0;0
SULAWESI BARAT;POLEWALI MANDAR;TAPANGO;2011;TUTTULA;1;1;0;0;0;0;1;0;0
SULAWESI BARAT;POLEWALI MANDAR;TAPANGO;2012;JAMBU MALEA;1;1;0;1;0;0;0;0;0
SULAWESI BARAT;POLEWALI MANDAR;TAPANGO;2013;KALIMBUA;1;1;0;0;0;0;1;0;0
SULAWESI BARAT;POLEWALI MANDAR;TAPANGO;2014;BANATO REJO;1;1;0;0;0;0;1;0;0
SULAWESI BARAT;POLEWALI MANDAR;TINAMBUNG;1001;TINAMBUNG;1;1;0;0;0;0;1;0;0
SULAWESI BARAT;POLEWALI MANDAR;TINAMBUNG;2002;KARAMA;1;1;0;0;0;0;1;0;0
SULAWESI BARAT;POLEWALI MANDAR;TINAMBUNG;2003;TANGNGA TANGNGA;1;1;1;0;0;0;0;0;0
SULAWESI BARAT;POLEWALI MANDAR;TINAMBUNG;2004;LEKOPADIS;1;1;0;1;0;0;0;0;0
SULAWESI BARAT;POLEWALI MANDAR;TINAMBUNG;2005;GALUNG LOMBOK;1;1;0;0;0;0;1;0;0
SULAWESI BARAT;POLEWALI MANDAR;TINAMBUNG;2006;TANDUNG;1;1;0;0;0;0;1;0;0
SULAWESI BARAT;POLEWALI MANDAR;TINAMBUNG;2007;BATULAYA;1;1;0;0;0;0;1;0;0
SULAWESI BARAT;POLEWALI MANDAR;TINAMBUNG;2008;SEPABATU;1;1;0;0;1;0;0;0;1
SULAWESI BARAT;POLEWALI MANDAR;TUTAR;1001;TARAMANU;1;1;0;1;0;0;0;0;0
SULAWESI BARAT;POLEWALI MANDAR;TUTAR;2002;AMBOPADANG;1;1;0;0;0;0;1;0;0
SULAWESI BARAT;POLEWALI MANDAR;TUTAR;2003;TUBBI;1;1;0;0;0;0;1;0;0
SULAWESI BARAT;POLEWALI MANDAR;TUTAR;2004;RATTE;1;1;0;0;0;0;1;0;0
SULAWESI BARAT;POLEWALI MANDAR;TUTAR;2005;BESOANGIN;1;1;0;0;0;0;1;0;0
SULAWESI BARAT;POLEWALI MANDAR;TUTAR;2006;PIRIANG TAPIKO;1;1;0;0;0;0;1;0;0
SULAWESI BARAT;POLEWALI MANDAR;TUTAR;2007;PEBURRU;1;1;0;0;0;0;1;0;0
SULAWESI BARAT;POLEWALI MANDAR;TUTAR;2008;TALOBA;1;1;0;0;0;0;1;0;0
SULAWESI BARAT;POLEWALI MANDAR;TUTAR;2009;POLLEWANI;1;1;0;0;0;0;1;0;0
SULAWESI BARAT;POLEWALI MANDAR;TUTAR;2010;ARABUA;1;1;1;0;0;0;0;0;0
SULAWESI BARAT;POLEWALI MANDAR;TUTAR;2011;BESOANGIN UTARA;1;1;0;0;0;0;1;0;0
SULAWESI BARAT;POLEWALI MANDAR;TUTAR;2012;PODA;1;1;0;0;0;0;1;0;0
SULAWESI BARAT;POLEWALI MANDAR;TUTAR;2013;TARAMANU TUA;1;1;1;0;0;0;0;0;0
SULAWESI BARAT;POLEWALI MANDAR;WONOMULYO;1001;SIDODADI;1;1;0;0;0;0;1;0;0
SULAWESI BARAT;POLEWALI MANDAR;WONOMULYO;2002;SIDOREJO;1;1;0;1;0;0;0;0;1
SULAWESI BARAT;POLEWALI MANDAR;WONOMULYO;2003;SUMBEREJO;1;1;0;0;0;0;1;0;0
SULAWESI BARAT;POLEWALI MANDAR;WONOMULYO;2004;BUMIAYU;1;1;0;0;0;0;1;0;0
SULAWESI BARAT;POLEWALI MANDAR;WONOMULYO;2005;KEBUNSARI;1;1;0;0;0;0;1;0;0
SULAWESI BARAT;POLEWALI MANDAR;WONOMULYO;2006;BANUA BARU;1;1;0;0;0;0;1;0;0
SULAWESI BARAT;POLEWALI MANDAR;WONOMULYO;2007;NEPO;1;1;1;0;0;0;0;0;0
SULAWESI BARAT;POLEWALI MANDAR;WONOMULYO;2008;SUGIHWARAS;1;1;0;0;0;0;1;0;0
SULAWESI BARAT;POLEWALI MANDAR;WONOMULYO;2009;CAMPURJO;1;1;0;0;0;0;1;0;0
SULAWESI BARAT;POLEWALI MANDAR;WONOMULYO;2010;BUMIMULYO;1;1;0;0;0;0;1;0;0
SULAWESI BARAT;POLEWALI MANDAR;WONOMULYO;2011;TUMPILING;1;1;0;0;1;0;0;0;0
SULAWESI BARAT;POLEWALI MANDAR;WONOMULYO;2012;BAKKA-BAKKA;1;1;0;0;0;0;1;0;0
SULAWESI BARAT;POLEWALI MANDAR;WONOMULYO;2013;ARJO SARI;1;1;0;0;0;0;1;0;0
SULAWESI BARAT;POLEWALI MANDAR;WONOMULYO;2014;GALESON;1;1;0;0;0;0;1;0;0
SULAWESI BARAT;MAMASA;MAMASA;1001;MAMASA;1;1;0;0;0;0;1;0;0
SULAWESI BARAT;MAMASA;MAMASA;2002;RAMBUSARATU;1;0;0;0;0;0;0;0;0
SULAWESI BARAT;MAMASA;MAMASA;2003;OSANGO;1;1;0;0;0;0;1;0;0
SULAWESI BARAT;MAMASA;MAMASA;2004;LAMBANAN;1;0;0;0;0;0;0;0;0
SULAWESI BARAT;MAMASA;MAMASA;2005;LEMBANA SALULO;1;1;0;0;0;0;1;0;0
SULAWESI BARAT;MAMASA;MAMASA;2006;TAUPE;1;0;0;0;0;0;0;0;0
SULAWESI BARAT;MAMASA;MAMASA;2007;BUNTU BUDA;1;1;0;0;0;0;1;0;0
SULAWESI BARAT;MAMASA;MAMASA;2008;TONDOK BAKARU;1;1;0;0;0;0;1;0;0
SULAWESI BARAT;MAMASA;MAMASA;2009;PEBASSIAN;1;1;0;1;0;0;0;0;1
SULAWESI BARAT;MAMASA;MAMASA;2010;MAMBULILING;1;0;0;0;0;0;0;0;0
SULAWESI BARAT;MAMASA;MAMASA;2011;BOMBONG LAMBE;1;1;0;0;0;0;1;0;0
SULAWESI BARAT;MAMASA;MAMASA;2012;BUBUN BATU;1;1;0;0;0;0;1;0;0
SULAWESI BARAT;MAMASA;ARALLE;1001;ARALLE;1;0;0;0;0;0;0;0;0
SULAWESI BARAT;MAMASA;ARALLE;2003;RALLE ANAK;1;2;0;0;0;0;2;0;0
SULAWESI BARAT;MAMASA;ARALLE;2004;PANETEAN;1;1;0;1;0;0;0;0;1
SULAWESI BARAT;MAMASA;ARALLE;2005;UHAILANU;1;1;0;0;1;0;0;0;1
SULAWESI BARAT;MAMASA;ARALLE;2007;ARALLE UTARA;1;0;0;0;0;0;0;0;0
SULAWESI BARAT;MAMASA;ARALLE;2009;UHAIDAHO;1;0;0;0;0;0;0;0;0
SULAWESI BARAT;MAMASA;ARALLE;2010;BARURU;1;1;0;0;0;0;1;0;0
SULAWESI BARAT;MAMASA;ARALLE;2015;RALLEANAK UTARA;1;0;0;0;0;0;0;0;0
SULAWESI BARAT;MAMASA;ARALLE;2016;PAMOSEANG PANGGA;1;0;0;0;0;0;0;0;0
SULAWESI BARAT;MAMASA;ARALLE;2017;KALABE;1;0;0;0;0;0;0;0;0
SULAWESI BARAT;MAMASA;ARALLE;2018;ARALLE SELATAN;1;0;0;0;0;0;0;0;0
SULAWESI BARAT;MAMASA;ARALLE;2019;HAHANGAN;1;0;0;0;0;0;0;0;0
SULAWESI BARAT;MAMASA;BALLA;2001;BALLA;1;1;0;0;0;0;1;0;0
SULAWESI BARAT;MAMASA;BALLA;2002;BALLA BARAT;1;1;0;0;0;0;1;0;0
SULAWESI BARAT;MAMASA;BALLA;2003;BALLA SATANETEAN;1;1;0;1;0;0;0;0;1
SULAWESI BARAT;MAMASA;BALLA;2004;BALLA TUMUKA;1;1;0;0;1;0;0;0;0
SULAWESI BARAT;MAMASA;BALLA;2005;SEPAKUAN;1;1;0;0;0;0;1;0;0
SULAWESI BARAT;MAMASA;BALLA;2006;PIDARA;1;1;0;0;0;0;1;0;0
SULAWESI BARAT;MAMASA;BALLA;2007;BAMBAPUANG;1;1;0;0;0;0;1;0;0
SULAWESI BARAT;MAMASA;BALLA;2008;BALLA TIMUR;1;1;0;0;0;0;1;0;0
SULAWESI BARAT;MAMASA;BAMBANG;2001;MOKALLANG;1;1;0;0;1;0;0;0;1
SULAWESI BARAT;MAMASA;BAMBANG;2002;MASOSO;1;1;0;0;0;0;1;0;0
SULAWESI BARAT;MAMASA;BAMBANG;2003;SALUASSING;1;1;0;0;0;0;1;0;0
SULAWESI BARAT;MAMASA;BAMBANG;2004;SALUBULO;1;1;0;0;0;0;1;0;0
SULAWESI BARAT;MAMASA;BAMBANG;2005;SALUKADI;1;1;0;0;0;0;1;0;0
SULAWESI BARAT;MAMASA;BAMBANG;2006;SALUKEPOPOK;1;1;0;0;0;0;1;0;0
SULAWESI BARAT;MAMASA;BAMBANG;2007;ULUMAMBI BARAT;1;1;0;0;0;0;1;0;0
SULAWESI BARAT;MAMASA;BAMBANG;2008;LIMBADEBATA;1;1;0;0;0;0;1;0;0
SULAWESI BARAT;MAMASA;BAMBANG;2009;TANETE TOMBA;1;1;0;0;0;0;1;0;0
SULAWESI BARAT;MAMASA;BAMBANG;2010;BAMBANG;1;1;0;0;0;0;1;0;0
SULAWESI BARAT;MAMASA;BAMBANG;2011;RANTELEMO;1;1;1;0;0;0;0;0;0
SULAWESI BARAT;MAMASA;BAMBANG;2012;SALUDENGEN;1;1;0;0;0;0;1;0;0
SULAWESI BARAT;MAMASA;BAMBANG;2013;ULUMAMBI;1;1;0;0;0;0;1;0;0
SULAWESI BARAT;MAMASA;BAMBANG;2014;BAMBANG TIMUR;1;1;0;0;0;0;1;0;0
SULAWESI BARAT;MAMASA;BAMBANG;2015;MINANGA;1;1;0;0;0;0;1;0;0
SULAWESI BARAT;MAMASA;BAMBANG;2016;SIKAMASE;1;1;0;0;0;0;1;0;0
SULAWESI BARAT;MAMASA;BAMBANG;2017;RANTETARIMA;1;1;0;0;0;0;1;0;0
SULAWESI BARAT;MAMASA;BAMBANG;2018;SALURURU;1;1;0;0;0;0;1;0;0
SULAWESI BARAT;MAMASA;BAMBANG;2019;SALUTABANG;1;1;0;0;0;0;1;0;0
SULAWESI BARAT;MAMASA;BAMBANG;2020;BALATANA;1;1;0;0;0;0;1;0;0
SULAWESI BARAT;MAMASA;BUNTUMALANGKA;2001;BUNTUMALANGKA;1;1;0;0;1;0;0;0;0
SULAWESI BARAT;MAMASA;BUNTUMALANGKA;2002;RANTEBERAN;1;1;0;0;0;0;1;0;0
SULAWESI BARAT;MAMASA;BUNTUMALANGKA;2003;KEBANGA;1;1;0;0;0;0;1;0;0
SULAWESI BARAT;MAMASA;BUNTUMALANGKA;2004;SALURINDU;1;1;0;0;0;0;1;0;0
SULAWESI BARAT;MAMASA;BUNTUMALANGKA;2005;TAORA;1;1;0;0;0;0;1;0;0
SULAWESI BARAT;MAMASA;BUNTUMALANGKA;2006;KABAE;1;1;0;0;0;0;1;0;0
SULAWESI BARAT;MAMASA;BUNTUMALANGKA;2007;SALUTAMBUN BARAT;1;0;0;0;0;0;0;0;0
SULAWESI BARAT;MAMASA;BUNTUMALANGKA;2008;PENATANGAN;1;1;0;0;0;0;1;0;0
SULAWESI BARAT;MAMASA;BUNTUMALANGKA;2009;SALUTAMBUN TIMUR;1;0;0;0;0;0;0;0;0
SULAWESI BARAT;MAMASA;BUNTUMALANGKA;2010;SALUTAMBUN;1;0;0;0;0;0;0;0;0
SULAWESI BARAT;MAMASA;BUNTUMALANGKA;2011;ARALLE TIMUR;1;0;0;0;0;0;0;0;0
SULAWESI BARAT;MAMASA;MAMBI;1001;MAMBI;1;1;0;0;0;0;1;0;0
SULAWESI BARAT;MAMASA;MAMBI;1002;TALIPUKKI;1;0;0;0;0;0;0;0;0
SULAWESI BARAT;MAMASA;MAMBI;2004;RANTEBULAHAN;1;0;0;0;0;0;0;0;0
SULAWESI BARAT;MAMASA;MAMBI;2008;SONDONGLAYU;1;1;0;0;0;0;1;0;0
SULAWESI BARAT;MAMASA;MAMBI;2016;SALUBANUA;1;0;0;0;0;0;0;0;0
SULAWESI BARAT;MAMASA;MAMBI;2017;TAPALINA;1;0;0;0;0;0;0;0;0
SULAWESI BARAT;MAMASA;MAMBI;2019;SENDANA;1;1;0;0;1;0;0;0;0
SULAWESI BARAT;MAMASA;MAMBI;2024;PAMOSEAN;1;0;0;0;0;0;0;0;0
SULAWESI BARAT;MAMASA;MAMBI;2025;SELUMAKA;1;0;0;0;0;0;0;0;0
SULAWESI BARAT;MAMASA;MAMBI;2026;BUJUNG MANURUNG;1;1;0;1;0;0;0;0;1
SULAWESI BARAT;MAMASA;MAMBI;2027;SALU ALO;1;0;0;0;0;0;0;0;0
SULAWESI BARAT;MAMASA;MAMBI;2029;INDOBANUA;1;0;0;0;0;0;0;0;0
SULAWESI BARAT;MAMASA;MAMBI;2030;SALUDURIAN;1;1;0;0;0;0;1;0;0
SULAWESI BARAT;MAMASA;MEHALAAN;2001;MEHALAAN;1;1;0;0;0;0;1;0;0
SULAWESI BARAT;MAMASA;MEHALAAN;2002;BOTTENG;1;1;0;0;1;0;0;0;0
SULAWESI BARAT;MAMASA;MEHALAAN;2003;SALUKONTA;1;1;0;0;0;0;1;0;0
SULAWESI BARAT;MAMASA;MEHALAAN;2004;MESAKADA;1;1;0;0;0;0;1;0;0
SULAWESI BARAT;MAMASA;MEHALAAN;2005;MEHALAAN BARAT;1;1;0;0;0;0;1;0;0
SULAWESI BARAT;MAMASA;MEHALAAN;2006;SALUAHOK;1;1;0;0;0;0;1;0;0
SULAWESI BARAT;MAMASA;MEHALAAN;2007;SALUBALO;1;1;0;0;0;0;1;0;0
SULAWESI BARAT;MAMASA;MEHALAAN;2008;PASSEMBUK;1;1;0;0;0;0;1;0;0
SULAWESI BARAT;MAMASA;MEHALAAN;2009;KONDO;1;1;0;0;0;0;1;0;0
SULAWESI BARAT;MAMASA;MEHALAAN;2010;LEKO SUKAMAJU;1;1;0;0;0;0;1;0;0
SULAWESI BARAT;MAMASA;MEHALAAN;2011;ULUMEA;1;1;0;0;0;0;1;0;0
SULAWESI BARAT;MAMASA;MESSAWA;1001;MESSAWA;1;1;0;0;0;0;1;0;0
SULAWESI BARAT;MAMASA;MESSAWA;2002;RIPPUNG;1;0;0;0;0;0;0;0;0
SULAWESI BARAT;MAMASA;MESSAWA;2003;MAKUANG;1;1;0;0;0;0;1;0;1
SULAWESI BARAT;MAMASA;MESSAWA;2004;SEPANG;1;0;0;0;0;0;0;0;0
SULAWESI BARAT;MAMASA;MESSAWA;2005;MALIMBONG;1;2;0;0;0;0;2;0;0
SULAWESI BARAT;MAMASA;MESSAWA;2006;MATANDE;1;1;0;0;0;0;1;0;0
SULAWESI BARAT;MAMASA;MESSAWA;2007;SIPAI;1;0;0;0;0;0;0;0;0
SULAWESI BARAT;MAMASA;MESSAWA;2008;PASMA MAMBU;1;1;0;0;1;0;0;0;0
SULAWESI BARAT;MAMASA;MESSAWA;2009;TANETE BATU;1;1;0;0;0;0;1;0;0
SULAWESI BARAT;MAMASA;NOSU;1001;NOSU;1;1;0;0;0;0;1;0;0
SULAWESI BARAT;MAMASA;NOSU;2002;MINANGA;1;1;0;0;0;0;1;0;0
SULAWESI BARAT;MAMASA;NOSU;2003;BATUPAPAN;1;1;0;0;0;0;1;0;0
SULAWESI BARAT;MAMASA;NOSU;2004;MASEWWE;1;1;0;1;0;0;0;0;0
SULAWESI BARAT;MAMASA;NOSU;2005;SIWI;1;1;0;0;0;0;1;0;0
SULAWESI BARAT;MAMASA;NOSU;2006;MINANGA TIMUR;1;1;0;0;0;0;1;0;0
SULAWESI BARAT;MAMASA;NOSU;2007;PARINDING;1;1;0;0;0;0;1;0;0
SULAWESI BARAT;MAMASA;PANA;1001;PANA;1;1;0;0;0;0;1;0;0
SULAWESI BARAT;MAMASA;PANA;2003;MANIPI;1;1;0;0;0;0;1;0;0
SULAWESI BARAT;MAMASA;PANA;2005;MAMULLU;1;1;0;0;0;0;1;0;0
SULAWESI BARAT;MAMASA;PANA;2006;SAPAN;1;0;0;0;0;0;0;0;0
SULAWESI BARAT;MAMASA;PANA;2009;DATUBARINGAN;1;1;0;1;0;0;0;0;0
SULAWESI BARAT;MAMASA;PANA;2010;PANURA;1;0;0;0;0;0;0;0;0
SULAWESI BARAT;MAMASA;PANA;2011;TALLANG BULAWAN;1;0;0;0;0;0;0;0;0
SULAWESI BARAT;MAMASA;PANA;2012;KARAKA;1;0;0;0;0;0;0;0;0
SULAWESI BARAT;MAMASA;PANA;2013;ULUSALU;1;0;0;0;0;0;0;0;0
SULAWESI BARAT;MAMASA;PANA;2014;WERI;1;1;0;0;0;0;1;0;0
SULAWESI BARAT;MAMASA;PANA;2015;SALUTAMBUN;1;0;0;0;0;0;0;0;0
SULAWESI BARAT;MAMASA;PANA;2016;SALOAN;1;1;0;0;0;0;1;0;0
SULAWESI BARAT;MAMASA;PANA;2017;ULUSALU INDAH;1;0;0;0;0;0;0;0;0
SULAWESI BARAT;MAMASA;RANTEBULAHAN TIMUR;2001;SALUMOKANAN;1;1;0;0;0;0;1;0;0
SULAWESI BARAT;MAMASA;RANTEBULAHAN TIMUR;2003;SALUMOKANAN BARAT;1;0;0;0;0;0;0;0;0
SULAWESI BARAT;MAMASA;RANTEBULAHAN TIMUR;2004;BUANGIN;1;1;0;0;1;0;0;0;0
SULAWESI BARAT;MAMASA;RANTEBULAHAN TIMUR;2005;BAMBANG BUDA;1;1;0;0;0;0;1;0;0
SULAWESI BARAT;MAMASA;RANTEBULAHAN TIMUR;2006;LEKO;1;0;0;0;0;0;0;0;0
SULAWESI BARAT;MAMASA;RANTEBULAHAN TIMUR;2007;KIRAK;1;1;0;0;0;0;1;0;0
SULAWESI BARAT;MAMASA;RANTEBULAHAN TIMUR;2008;SALUMOKANAN UTARA;1;1;0;1;0;0;0;0;0
SULAWESI BARAT;MAMASA;RANTEBULAHAN TIMUR;2009;SAMPALE;1;1;0;0;0;0;1;0;0
SULAWESI BARAT;MAMASA;SESENAPADANG;2002;OROBUA;1;1;0;0;1;0;0;0;0
SULAWESI BARAT;MAMASA;SESENAPADANG;2003;PALADAN;1;1;0;0;0;0;1;0;0
SULAWESI BARAT;MAMASA;SESENAPADANG;2004;OROBUA TIMUR;1;1;0;0;0;0;1;0;0
SULAWESI BARAT;MAMASA;SESENAPADANG;2006;RANTE PUANG;1;1;0;0;0;0;1;0;0
SULAWESI BARAT;MAMASA;SESENAPADANG;2007;SATENETEAN;1;1;0;0;0;0;1;0;0
SULAWESI BARAT;MAMASA;SESENAPADANG;2008;LISUAN ADA;1;1;0;0;0;0;1;0;0
SULAWESI BARAT;MAMASA;SESENAPADANG;2010;OROBUA SELATAN;1;1;0;0;0;1;0;0;0
SULAWESI BARAT;MAMASA;SESENAPADANG;2012;MALANGKENA PADANG;1;1;0;0;0;0;1;0;0
SULAWESI BARAT;MAMASA;SESENAPADANG;2013;MALIMBONG;1;1;0;0;0;0;1;0;0
SULAWESI BARAT;MAMASA;SESENAPADANG;2014;MARAMPAN OROBUA;1;1;0;0;0;0;1;0;0
SULAWESI BARAT;MAMASA;SUMARORONG;1001;SUMARORONG;1;1;0;0;0;0;1;0;0
SULAWESI BARAT;MAMASA;SUMARORONG;1002;TABONE;1;1;0;0;0;0;1;0;0
SULAWESI BARAT;MAMASA;SUMARORONG;2003;BATANG URU;1;1;0;0;0;0;1;0;0
SULAWESI BARAT;MAMASA;SUMARORONG;2004;SASAKAN;1;1;0;1;0;0;0;0;0
SULAWESI BARAT;MAMASA;SUMARORONG;2005;TADISI;1;1;0;0;0;0;1;0;0
SULAWESI BARAT;MAMASA;SUMARORONG;2006;SIBANAWA;1;1;0;0;0;0;1;0;0
SULAWESI BARAT;MAMASA;SUMARORONG;2007;BATANGNGURU TIMUR;1;1;0;0;0;0;1;0;0
SULAWESI BARAT;MAMASA;SUMARORONG;2008;SALUBALO;1;1;0;1;0;0;0;0;0
SULAWESI BARAT;MAMASA;SUMARORONG;2009;BANEA;1;1;0;0;0;0;1;0;0
SULAWESI BARAT;MAMASA;SUMARORONG;2010;RANTE KAMASE;1;0;0;0;0;0;0;0;0
SULAWESI BARAT;MAMASA;TABANG;1001;TABANG;1;2;0;0;0;0;2;0;2
SULAWESI BARAT;MAMASA;TABANG;2003;TADOKALUA;1;1;0;0;0;1;0;0;0
SULAWESI BARAT;MAMASA;TABANG;2004;TABANG BARAT;1;1;0;0;1;0;0;0;0
SULAWESI BARAT;MAMASA;TABANG;2005;MASUPU;1;1;0;0;0;0;1;0;0
SULAWESI BARAT;MAMASA;TABANG;2006;KALAMA;1;1;0;0;0;0;1;0;0
SULAWESI BARAT;MAMASA;TABANG;2007;BAKADISURA;1;0;0;0;0;0;0;0;0
SULAWESI BARAT;MAMASA;TABANG;2008;SALUKONA;1;1;0;0;0;0;1;0;0
SULAWESI BARAT;MAMASA;TABULAHAN;1001;LAKAHANG;1;0;0;0;0;0;0;0;0
SULAWESI BARAT;MAMASA;TABULAHAN;2002;PERIANGAN;1;0;0;0;0;0;0;0;0
SULAWESI BARAT;MAMASA;TABULAHAN;2003;MALATIRO;1;1;0;0;0;0;1;0;0
SULAWESI BARAT;MAMASA;TABULAHAN;2004;TABULAHAN;1;0;0;0;0;0;0;0;0
SULAWESI BARAT;MAMASA;TABULAHAN;2005;SALULEANG;1;0;0;0;0;0;0;0;0
SULAWESI BARAT;MAMASA;TABULAHAN;2007;TAMPAK KURRA;1;0;0;0;0;0;0;0;0
SULAWESI BARAT;MAMASA;TABULAHAN;2008;GANDANG DEWATA;1;0;0;0;0;0;0;0;0
SULAWESI BARAT;MAMASA;TABULAHAN;2009;BURANA;1;1;0;1;0;0;0;0;1
SULAWESI BARAT;MAMASA;TABULAHAN;2010;SALUBAKKA;1;0;0;0;0;0;0;0;0
SULAWESI BARAT;MAMASA;TABULAHAN;2011;PANGANDARAN;1;0;0;0;0;0;0;0;0
SULAWESI BARAT;MAMASA;TABULAHAN;2012;TALOPAK;1;0;0;0;0;0;0;0;0
SULAWESI BARAT;MAMASA;TABULAHAN;2013;PEU';1;0;0;0;0;0;0;0;0
SULAWESI BARAT;MAMASA;TABULAHAN;2014;TIMORO;1;0;0;0;0;0;0;0;0
SULAWESI BARAT;MAMASA;TABULAHAN;2015;LAKAHANG UTAMA;1;0;0;0;0;0;0;0;0
SULAWESI BARAT;MAMASA;TANDUK KALUA;1011;MINAKE;1;0;0;0;0;0;0;0;0
SULAWESI BARAT;MAMASA;TANDUK KALUA;2001;MALABO;1;0;0;0;0;0;0;0;0
SULAWESI BARAT;MAMASA;TANDUK KALUA;2005;SINDAGAMANIK;1;0;0;0;0;0;0;0;0
SULAWESI BARAT;MAMASA;TANDUK KALUA;2006;PARONDOBULAWAN;1;0;0;0;0;0;0;0;0
SULAWESI BARAT;MAMASA;TANDUK KALUA;2007;TAMALANTIK;1;1;0;1;0;0;0;0;1
SULAWESI BARAT;MAMASA;TANDUK KALUA;2008;MANNABABA;1;0;0;0;0;0;0;0;0
SULAWESI BARAT;MAMASA;TANDUK KALUA;2009;MESAKADA;1;1;0;0;0;0;1;0;0
SULAWESI BARAT;MAMASA;TANDUK KALUA;2010;BALLABATU;1;0;0;0;0;0;0;0;0
SULAWESI BARAT;MAMASA;TANDUK KALUA;2012;PAMBE;1;1;0;0;0;0;1;0;0
SULAWESI BARAT;MAMASA;TANDUK KALUA;2013;SALURANO;1;0;0;0;0;0;0;0;0
SULAWESI BARAT;MAMASA;TANDUK KALUA;2014;TALIMBUNG;1;1;0;0;0;0;1;0;0
SULAWESI BARAT;MAMASA;TANDUK KALUA;2015;KANAN;1;1;0;0;0;0;1;0;0
SULAWESI BARAT;MAMASA;TAWALIAN;1001;TAWALIAN;1;1;0;0;0;0;1;0;0
SULAWESI BARAT;MAMASA;TAWALIAN;2002;TAWALIAN TIMUR;1;1;0;0;0;0;1;0;0
SULAWESI BARAT;MAMASA;TAWALIAN;2003;KARIANGO;1;0;0;0;0;0;0;0;0
SULAWESI BARAT;MAMASA;TAWALIAN;2004;RANTETANGNGA;1;1;0;0;1;0;0;0;0
SULAWESI BARAT;MAMUJU TENGAH;TOBADAK;2001;MAHAHE;1;1;0;0;0;0;1;0;0
SULAWESI BARAT;MAMUJU TENGAH;TOBADAK;2002;SALOBAJA;1;1;0;0;0;0;1;0;0
SULAWESI BARAT;MAMUJU TENGAH;TOBADAK;2003;TOBADAK;1;1;0;0;0;0;1;0;0
SULAWESI BARAT;MAMUJU TENGAH;TOBADAK;2004;PALONGAAN;1;1;0;0;0;0;1;0;0
SULAWESI BARAT;MAMUJU TENGAH;TOBADAK;2005;BATU PARIGI;1;1;0;0;1;0;0;0;0
SULAWESI BARAT;MAMUJU TENGAH;TOBADAK;2006;BAMBADARU;1;1;0;1;0;0;0;0;1
SULAWESI BARAT;MAMUJU TENGAH;TOBADAK;2007;SEJATI;1;1;0;0;1;0;0;0;0
SULAWESI BARAT;MAMUJU TENGAH;TOBADAK;2008;SALOADAK;1;1;0;0;1;0;0;0;0
SULAWESI BARAT;MAMUJU TENGAH;PANGALE;2001;POLO PANGALE;1;1;0;0;0;0;1;0;0
SULAWESI BARAT;MAMUJU TENGAH;PANGALE;2002;PANGALE;1;1;0;0;0;0;1;0;0
SULAWESI BARAT;MAMUJU TENGAH;PANGALE;2003;SARTANAMAJU;1;1;0;0;1;0;0;0;0
SULAWESI BARAT;MAMUJU TENGAH;PANGALE;2004;POLO LERENG;1;1;0;0;0;0;1;0;0
SULAWESI BARAT;MAMUJU TENGAH;PANGALE;2005;KUO;1;1;0;0;0;0;1;0;0
SULAWESI BARAT;MAMUJU TENGAH;PANGALE;2006;POLO CAMBA;1;1;0;0;0;0;1;0;0
SULAWESI BARAT;MAMUJU TENGAH;PANGALE;2007;LAMBA-LAMBA;1;1;0;1;0;0;0;0;0
SULAWESI BARAT;MAMUJU TENGAH;PANGALE;2008;KOMBILING;1;1;0;0;1;0;0;0;0
SULAWESI BARAT;MAMUJU TENGAH;PANGALE;2009;LEMO-LEMO;1;1;0;0;0;0;1;0;0
SULAWESI BARAT;MAMUJU TENGAH;BUDONG-BUDONG;2001;BABANA;1;1;0;0;1;0;0;0;0
SULAWESI BARAT;MAMUJU TENGAH;BUDONG-BUDONG;2002;LUMU;1;1;0;1;0;0;0;0;0
SULAWESI BARAT;MAMUJU TENGAH;BUDONG-BUDONG;2003;PONTANAKAYANG;1;1;0;0;0;0;1;0;1
SULAWESI BARAT;MAMUJU TENGAH;BUDONG-BUDONG;2004;SALOGATTA;1;1;0;0;0;0;1;0;0
SULAWESI BARAT;MAMUJU TENGAH;BUDONG-BUDONG;2005;KIRE;1;1;1;0;0;0;0;0;0
SULAWESI BARAT;MAMUJU TENGAH;BUDONG-BUDONG;2006;TINALI;1;1;0;0;0;0;1;0;0
SULAWESI BARAT;MAMUJU TENGAH;BUDONG-BUDONG;2007;SALUMANURUNG;1;1;0;0;0;0;1;0;0
SULAWESI BARAT;MAMUJU TENGAH;BUDONG-BUDONG;2008;PASAPA;1;1;0;0;0;0;1;0;0
SULAWESI BARAT;MAMUJU TENGAH;BUDONG-BUDONG;2009;BOJO;1;1;0;0;0;0;1;0;0
SULAWESI BARAT;MAMUJU TENGAH;BUDONG-BUDONG;2010;BARAKKANG;1;1;0;0;0;0;1;0;0
SULAWESI BARAT;MAMUJU TENGAH;BUDONG-BUDONG;2011;LEMBAH HADA;1;1;0;0;0;0;1;0;0
SULAWESI BARAT;MAMUJU TENGAH;TOPOYO;2001;BUDONG-BUDONG;1;1;0;0;1;0;0;0;0
SULAWESI BARAT;MAMUJU TENGAH;TOPOYO;2002;TOPOYO;1;1;0;0;0;0;1;0;0
SULAWESI BARAT;MAMUJU TENGAH;TOPOYO;2003;TUMBU;1;1;0;1;0;0;0;0;0
SULAWESI BARAT;MAMUJU TENGAH;TOPOYO;2004;KABUBU;1;1;0;0;0;0;1;0;0
SULAWESI BARAT;MAMUJU TENGAH;TOPOYO;2005;WAEPUTEH;1;1;0;0;0;0;1;0;0
SULAWESI BARAT;MAMUJU TENGAH;TOPOYO;2006;TANGKOU;1;1;0;0;0;0;1;0;0
SULAWESI BARAT;MAMUJU TENGAH;TOPOYO;2007;TABOLANG;1;1;0;0;0;0;1;0;0
SULAWESI BARAT;MAMUJU TENGAH;TOPOYO;2008;PARAILI;1;1;0;0;0;0;1;0;0
SULAWESI BARAT;MAMUJU TENGAH;TOPOYO;2009;SALUPANGKANG;1;1;0;0;0;0;1;0;0
SULAWESI BARAT;MAMUJU TENGAH;TOPOYO;2010;SALUPANGKANG IV;1;1;0;0;0;0;1;0;0
SULAWESI BARAT;MAMUJU TENGAH;TOPOYO;2011;TAPPILINA;1;1;0;0;0;0;1;0;0
SULAWESI BARAT;MAMUJU TENGAH;TOPOYO;2012;BAMBAMANURUNG;1;1;0;0;0;0;1;0;0
SULAWESI BARAT;MAMUJU TENGAH;TOPOYO;2013;SALULEKBO;1;1;0;0;0;0;1;0;0
SULAWESI BARAT;MAMUJU TENGAH;TOPOYO;2014;PANGALLOANG;1;1;0;0;0;0;1;0;0
SULAWESI BARAT;MAMUJU TENGAH;TOPOYO;2015;SINABATTA;1;1;0;1;0;0;0;0;0
SULAWESI BARAT;MAMUJU TENGAH;KAROSSA;2001;KAROSSA;1;1;1;0;0;0;0;0;0
SULAWESI BARAT;MAMUJU TENGAH;KAROSSA;2002;TASOKKO;1;1;0;0;1;0;0;0;0
SULAWESI BARAT;MAMUJU TENGAH;KAROSSA;2003;LARA;1;1;0;0;0;1;0;0;0
SULAWESI BARAT;MAMUJU TENGAH;KAROSSA;2004;KADAILA;1;1;0;0;0;0;1;0;0
SULAWESI BARAT;MAMUJU TENGAH;KAROSSA;2005;KAYU CALLA;1;1;0;0;0;0;1;0;0
SULAWESI BARAT;MAMUJU TENGAH;KAROSSA;2006;LEMBAH HOPO;1;1;0;0;0;0;1;0;0
SULAWESI BARAT;MAMUJU TENGAH;KAROSSA;2007;BENGGAULU;1;1;0;0;0;0;1;0;0
SULAWESI BARAT;MAMUJU TENGAH;KAROSSA;2008;SUKA MAJU;1;1;0;0;0;0;1;0;0
SULAWESI BARAT;MAMUJU TENGAH;KAROSSA;2009;KAMBUNONG;1;1;1;0;0;0;0;0;0
SULAWESI BARAT;MAMUJU TENGAH;KAROSSA;2010;SALUBIRO;1;1;0;0;0;0;1;0;0
SULAWESI BARAT;MAMUJU TENGAH;KAROSSA;2011;SANJANGO;1;1;0;0;0;0;1;0;0
