;PROVINSI;KABUPATEN;KECAMATAN;KELURAHAN;SIDAYA;BULAN
1;SULAWESI BARAT;MAJENE;BANGGAE;BANGGAE;0;SEPTEMBER
2;SULAWESI BARAT;MAJENE;BANGGAE;BARU;31;SEPTEMBER
3;SULAWESI BARAT;MAJENE;BANGGAE;GALUNG;28;SEPTEMBER
4;SULAWESI BARAT;MAJENE;BANGGAE;PALIPI SOREANG;0;SEPTEMBER
5;SULAWESI BARAT;MAJENE;BANGGAE;PAMBOBORANG;13;SEPTEMBER
6;SULAWESI BARAT;MAJENE;BANGGAE;PANGALI ALI;14;SEPTEMBER
7;SULAWESI BARAT;MAJENE;BANGGAE;RANGAS;26;SEPTEMBER
8;SULAWESI BARAT;MAJENE;BANGGAE;TOTOLI;10;SEPTEMBER
9;SULAWESI BARAT;MAJENE;BANGGAE TIMUR;BARUGA;8;SEPTEMBER
10;SULAWESI BARAT;MAJENE;BANGGAE TIMUR;BARUGA DHUA;7;SEPTEMBER
11;SULAWESI BARAT;MAJENE;BANGGAE TIMUR;BAURUNG;16;SEPTEMBER
12;SULAWESI BARAT;MAJENE;BANGGAE TIMUR;BUTTU BARUGA;3;SEPTEMBER
13;SULAWESI BARAT;MAJENE;BANGGAE TIMUR;LABUANG;9;SEPTEMBER
14;SULAWESI BARAT;MAJENE;BANGGAE TIMUR;LABUANG UTARA;9;SEPTEMBER
15;SULAWESI BARAT;MAJENE;BANGGAE TIMUR;LEMBANG;10;SEPTEMBER
16;SULAWESI BARAT;MAJENE;BANGGAE TIMUR;TANDE;7;SEPTEMBER
17;SULAWESI BARAT;MAJENE;BANGGAE TIMUR;TANDE TIMUR;9;SEPTEMBER
18;SULAWESI BARAT;MAJENE;MALUNDA;BAMBANGAN;6;SEPTEMBER
19;SULAWESI BARAT;MAJENE;MALUNDA;KAYUANGIN;5;SEPTEMBER
20;SULAWESI BARAT;MAJENE;MALUNDA;LAMUNGANG BATU;8;SEPTEMBER
21;SULAWESI BARAT;MAJENE;MALUNDA;LOMBANG;2;SEPTEMBER
22;SULAWESI BARAT;MAJENE;MALUNDA;LOMBANG TIMUR;2;SEPTEMBER
23;SULAWESI BARAT;MAJENE;MALUNDA;LOMBONG;11;SEPTEMBER
24;SULAWESI BARAT;MAJENE;MALUNDA;LOMBONG TIMUR;6;SEPTEMBER
25;SULAWESI BARAT;MAJENE;MALUNDA;MALIAYA;4;SEPTEMBER
26;SULAWESI BARAT;MAJENE;MALUNDA;MALUNDA;2;SEPTEMBER
27;SULAWESI BARAT;MAJENE;MALUNDA;MEKKATTA;6;SEPTEMBER
28;SULAWESI BARAT;MAJENE;MALUNDA;MEKKATTA SELATAN;4;SEPTEMBER
29;SULAWESI BARAT;MAJENE;MALUNDA;SALUTAHONGAN;0;SEPTEMBER
30;SULAWESI BARAT;MAJENE;PAMBOANG;ADOLANG;10;SEPTEMBER
31;SULAWESI BARAT;MAJENE;PAMBOANG;ADOLANG DHUA;8;SEPTEMBER
32;SULAWESI BARAT;MAJENE;PAMBOANG;BABABULO;5;SEPTEMBER
33;SULAWESI BARAT;MAJENE;PAMBOANG;BABABULO UTARA;2;SEPTEMBER
34;SULAWESI BARAT;MAJENE;PAMBOANG;BALOMBONG;1;SEPTEMBER
35;SULAWESI BARAT;MAJENE;PAMBOANG;BANUA ADOLANG;5;SEPTEMBER
36;SULAWESI BARAT;MAJENE;PAMBOANG;BETTENG;4;SEPTEMBER
37;SULAWESI BARAT;MAJENE;PAMBOANG;BONDE;13;SEPTEMBER
38;SULAWESI BARAT;MAJENE;PAMBOANG;BONDE UTARA;9;SEPTEMBER
39;SULAWESI BARAT;MAJENE;PAMBOANG;BUTTU PAMBOANG;6;SEPTEMBER
40;SULAWESI BARAT;MAJENE;PAMBOANG;LALAMPANUA;10;SEPTEMBER
41;SULAWESI BARAT;MAJENE;PAMBOANG;PESULOANG;6;SEPTEMBER
42;SULAWESI BARAT;MAJENE;PAMBOANG;SIMBANG;5;SEPTEMBER
43;SULAWESI BARAT;MAJENE;PAMBOANG;SIRINDU;7;SEPTEMBER
44;SULAWESI BARAT;MAJENE;PAMBOANG;TINAMBUNG;16;SEPTEMBER
45;SULAWESI BARAT;MAJENE;SENDANA;BANUA SENDANA;11;SEPTEMBER
46;SULAWESI BARAT;MAJENE;SENDANA;BINANGA;6;SEPTEMBER
47;SULAWESI BARAT;MAJENE;SENDANA;BUKIT SAMANG;7;SEPTEMBER
48;SULAWESI BARAT;MAJENE;SENDANA;LALATEDZONG;5;SEPTEMBER
49;SULAWESI BARAT;MAJENE;SENDANA;LEPPANGANG;3;SEPTEMBER
50;SULAWESI BARAT;MAJENE;SENDANA;LIMBORO RAMBU-RAMBU;3;SEPTEMBER
51;SULAWESI BARAT;MAJENE;SENDANA;LIMBUA;11;SEPTEMBER
52;SULAWESI BARAT;MAJENE;SENDANA;MOSSO;19;SEPTEMBER
53;SULAWESI BARAT;MAJENE;SENDANA;MOSSO DHUA;6;SEPTEMBER
54;SULAWESI BARAT;MAJENE;SENDANA;PAMINGGALAN;7;SEPTEMBER
55;SULAWESI BARAT;MAJENE;SENDANA;PUNDAU;11;SEPTEMBER
56;SULAWESI BARAT;MAJENE;SENDANA;PUTTADA;5;SEPTEMBER
57;SULAWESI BARAT;MAJENE;SENDANA;SENDANA;9;SEPTEMBER
58;SULAWESI BARAT;MAJENE;SENDANA;TALLUBANUA;4;SEPTEMBER
59;SULAWESI BARAT;MAJENE;SENDANA;TALLUBANUA UTARA;10;SEPTEMBER
60;SULAWESI BARAT;MAJENE;SENDANA;TOTOLISI SENDANA;15;SEPTEMBER
61;SULAWESI BARAT;MAJENE;TAMMERODO SENDANA;AWO;0;SEPTEMBER
62;SULAWESI BARAT;MAJENE;TAMMERODO SENDANA;MANYAMBA;0;SEPTEMBER
63;SULAWESI BARAT;MAJENE;TAMMERODO SENDANA;SEPPONG;0;SEPTEMBER
64;SULAWESI BARAT;MAJENE;TAMMERODO SENDANA;TALLAMBALAO;0;SEPTEMBER
65;SULAWESI BARAT;MAJENE;TAMMERODO SENDANA;TAMMERODO;0;SEPTEMBER
66;SULAWESI BARAT;MAJENE;TAMMERODO SENDANA;TAMMERODO UTARA;0;SEPTEMBER
67;SULAWESI BARAT;MAJENE;TAMMERODO SENDANA;ULIDANG;0;SEPTEMBER
68;SULAWESI BARAT;MAJENE;TUBO SENDANA;BONDE BONDE;4;SEPTEMBER
69;SULAWESI BARAT;MAJENE;TUBO SENDANA;ONANG;1;SEPTEMBER
70;SULAWESI BARAT;MAJENE;TUBO SENDANA;ONANG UTARA;5;SEPTEMBER
71;SULAWESI BARAT;MAJENE;TUBO SENDANA;TUBO;12;SEPTEMBER
72;SULAWESI BARAT;MAJENE;TUBO SENDANA;TUBO POANG;4;SEPTEMBER
73;SULAWESI BARAT;MAJENE;TUBO SENDANA;TUBO SELATAN;9;SEPTEMBER
74;SULAWESI BARAT;MAJENE;TUBO SENDANA;TUBO TENGAH;7;SEPTEMBER
75;SULAWESI BARAT;MAJENE;ULUMANDA;KABIRAAN;3;SEPTEMBER
76;SULAWESI BARAT;MAJENE;ULUMANDA;PANGGALO;6;SEPTEMBER
77;SULAWESI BARAT;MAJENE;ULUMANDA;POPENGA;5;SEPTEMBER
78;SULAWESI BARAT;MAJENE;ULUMANDA;SALUTAMBUNG;4;SEPTEMBER
79;SULAWESI BARAT;MAJENE;ULUMANDA;SAMBABO;3;SEPTEMBER
80;SULAWESI BARAT;MAJENE;ULUMANDA;SULAI;8;SEPTEMBER
81;SULAWESI BARAT;MAJENE;ULUMANDA;TANDEALLO;0;SEPTEMBER
82;SULAWESI BARAT;MAJENE;ULUMANDA;ULUMANDA;6;SEPTEMBER
83;SULAWESI BARAT;MAMASA;ARALLE;ARALLE;0;SEPTEMBER
84;SULAWESI BARAT;MAMASA;ARALLE;ARALLE SELATAN;0;SEPTEMBER
85;SULAWESI BARAT;MAMASA;ARALLE;ARALLE UTARA;0;SEPTEMBER
86;SULAWESI BARAT;MAMASA;ARALLE;BARURU;0;SEPTEMBER
87;SULAWESI BARAT;MAMASA;ARALLE;HAHANGAN;0;SEPTEMBER
88;SULAWESI BARAT;MAMASA;ARALLE;KALABE;0;SEPTEMBER
89;SULAWESI BARAT;MAMASA;ARALLE;PAMOSEANG PANGGA;0;SEPTEMBER
90;SULAWESI BARAT;MAMASA;ARALLE;PANETEAN;0;SEPTEMBER
91;SULAWESI BARAT;MAMASA;ARALLE;RALLE ANAK;0;SEPTEMBER
92;SULAWESI BARAT;MAMASA;ARALLE;RALLEANAK UTARA;0;SEPTEMBER
93;SULAWESI BARAT;MAMASA;ARALLE;UHAIDAHO;0;SEPTEMBER
94;SULAWESI BARAT;MAMASA;ARALLE;UHAILANU;0;SEPTEMBER
95;SULAWESI BARAT;MAMASA;BALLA;BALLA;2;SEPTEMBER
96;SULAWESI BARAT;MAMASA;BALLA;BALLA BARAT;0;SEPTEMBER
97;SULAWESI BARAT;MAMASA;BALLA;BALLA SATANETEAN;0;SEPTEMBER
98;SULAWESI BARAT;MAMASA;BALLA;BALLA TIMUR;0;SEPTEMBER
99;SULAWESI BARAT;MAMASA;BALLA;BALLA TUMUKA;10;SEPTEMBER
100;SULAWESI BARAT;MAMASA;BALLA;BAMBAPUANG;0;SEPTEMBER
101;SULAWESI BARAT;MAMASA;BALLA;PIDARA;0;SEPTEMBER
102;SULAWESI BARAT;MAMASA;BALLA;SEPAKUAN;7;SEPTEMBER
103;SULAWESI BARAT;MAMASA;BAMBANG;BALATANA;0;SEPTEMBER
104;SULAWESI BARAT;MAMASA;BAMBANG;BAMBANG;0;SEPTEMBER
105;SULAWESI BARAT;MAMASA;BAMBANG;BAMBANG TIMUR;0;SEPTEMBER
106;SULAWESI BARAT;MAMASA;BAMBANG;LIMBADEBATA;0;SEPTEMBER
107;SULAWESI BARAT;MAMASA;BAMBANG;MASOSO;0;SEPTEMBER
108;SULAWESI BARAT;MAMASA;BAMBANG;MINANGA;0;SEPTEMBER
109;SULAWESI BARAT;MAMASA;BAMBANG;MOKALLANG;0;SEPTEMBER
110;SULAWESI BARAT;MAMASA;BAMBANG;RANTELEMO;0;SEPTEMBER
111;SULAWESI BARAT;MAMASA;BAMBANG;RANTETARIMA;0;SEPTEMBER
112;SULAWESI BARAT;MAMASA;BAMBANG;SALUASSING;0;SEPTEMBER
113;SULAWESI BARAT;MAMASA;BAMBANG;SALUBULO;0;SEPTEMBER
114;SULAWESI BARAT;MAMASA;BAMBANG;SALUDENGEN;0;SEPTEMBER
115;SULAWESI BARAT;MAMASA;BAMBANG;SALUKADI;3;SEPTEMBER
116;SULAWESI BARAT;MAMASA;BAMBANG;SALUKEPOPOK;0;SEPTEMBER
117;SULAWESI BARAT;MAMASA;BAMBANG;SALURURU;0;SEPTEMBER
118;SULAWESI BARAT;MAMASA;BAMBANG;SALUTABANG;0;SEPTEMBER
119;SULAWESI BARAT;MAMASA;BAMBANG;SIKAMASE;0;SEPTEMBER
120;SULAWESI BARAT;MAMASA;BAMBANG;TANETE TOMBA;0;SEPTEMBER
121;SULAWESI BARAT;MAMASA;BAMBANG;ULUMAMBI;0;SEPTEMBER
122;SULAWESI BARAT;MAMASA;BAMBANG;ULUMAMBI BARAT;0;SEPTEMBER
123;SULAWESI BARAT;MAMASA;BUNTUMALANGKA;ARALLE TIMUR;0;SEPTEMBER
124;SULAWESI BARAT;MAMASA;BUNTUMALANGKA;BUNTUMALANGKA;0;SEPTEMBER
125;SULAWESI BARAT;MAMASA;BUNTUMALANGKA;KABAE;0;SEPTEMBER
126;SULAWESI BARAT;MAMASA;BUNTUMALANGKA;KEBANGA;0;SEPTEMBER
127;SULAWESI BARAT;MAMASA;BUNTUMALANGKA;PENATANGAN;0;SEPTEMBER
128;SULAWESI BARAT;MAMASA;BUNTUMALANGKA;RANTEBERAN;0;SEPTEMBER
129;SULAWESI BARAT;MAMASA;BUNTUMALANGKA;SALURINDU;0;SEPTEMBER
130;SULAWESI BARAT;MAMASA;BUNTUMALANGKA;SALUTAMBUN;0;SEPTEMBER
131;SULAWESI BARAT;MAMASA;BUNTUMALANGKA;SALUTAMBUN BARAT;0;SEPTEMBER
132;SULAWESI BARAT;MAMASA;BUNTUMALANGKA;SALUTAMBUN TIMUR;0;SEPTEMBER
133;SULAWESI BARAT;MAMASA;BUNTUMALANGKA;TAORA;0;SEPTEMBER
134;SULAWESI BARAT;MAMASA;MAMASA;BOMBONG LAMBE;9;SEPTEMBER
135;SULAWESI BARAT;MAMASA;MAMASA;BUBUN BATU;0;SEPTEMBER
136;SULAWESI BARAT;MAMASA;MAMASA;BUNTU BUDA;9;SEPTEMBER
137;SULAWESI BARAT;MAMASA;MAMASA;LAMBANAN;0;SEPTEMBER
138;SULAWESI BARAT;MAMASA;MAMASA;LEMBANA SALULO;9;SEPTEMBER
139;SULAWESI BARAT;MAMASA;MAMASA;MAMASA;3;SEPTEMBER
140;SULAWESI BARAT;MAMASA;MAMASA;MAMBULILING;0;SEPTEMBER
141;SULAWESI BARAT;MAMASA;MAMASA;OSANGO;0;SEPTEMBER
142;SULAWESI BARAT;MAMASA;MAMASA;PEBASSIAN;0;SEPTEMBER
143;SULAWESI BARAT;MAMASA;MAMASA;RAMBUSARATU;0;SEPTEMBER
144;SULAWESI BARAT;MAMASA;MAMASA;TAUPE;0;SEPTEMBER
145;SULAWESI BARAT;MAMASA;MAMASA;TONDOK BAKARU;0;SEPTEMBER
146;SULAWESI BARAT;MAMASA;MAMBI;BUJUNG MANURUNG;0;SEPTEMBER
147;SULAWESI BARAT;MAMASA;MAMBI;INDOBANUA;0;SEPTEMBER
148;SULAWESI BARAT;MAMASA;MAMBI;MAMBI;0;SEPTEMBER
149;SULAWESI BARAT;MAMASA;MAMBI;PAMOSEAN;0;SEPTEMBER
150;SULAWESI BARAT;MAMASA;MAMBI;RANTEBULAHAN;0;SEPTEMBER
151;SULAWESI BARAT;MAMASA;MAMBI;SALU ALO;0;SEPTEMBER
152;SULAWESI BARAT;MAMASA;MAMBI;SALUBANUA;0;SEPTEMBER
153;SULAWESI BARAT;MAMASA;MAMBI;SALUDURIAN;0;SEPTEMBER
154;SULAWESI BARAT;MAMASA;MAMBI;SELUMAKA;0;SEPTEMBER
155;SULAWESI BARAT;MAMASA;MAMBI;SENDANA;0;SEPTEMBER
156;SULAWESI BARAT;MAMASA;MAMBI;SONDONGLAYU;0;SEPTEMBER
157;SULAWESI BARAT;MAMASA;MAMBI;TALIPUKKI;0;SEPTEMBER
158;SULAWESI BARAT;MAMASA;MAMBI;TAPALINA;0;SEPTEMBER
159;SULAWESI BARAT;MAMASA;MEHALAAN;BOTTENG;0;SEPTEMBER
160;SULAWESI BARAT;MAMASA;MEHALAAN;KONDO;0;SEPTEMBER
161;SULAWESI BARAT;MAMASA;MEHALAAN;LEKO SUKAMAJU;0;SEPTEMBER
162;SULAWESI BARAT;MAMASA;MEHALAAN;MEHALAAN;0;SEPTEMBER
163;SULAWESI BARAT;MAMASA;MEHALAAN;MEHALAAN BARAT;0;SEPTEMBER
164;SULAWESI BARAT;MAMASA;MEHALAAN;MESAKADA;0;SEPTEMBER
165;SULAWESI BARAT;MAMASA;MEHALAAN;PASSEMBUK;0;SEPTEMBER
166;SULAWESI BARAT;MAMASA;MEHALAAN;SALUAHOK;0;SEPTEMBER
167;SULAWESI BARAT;MAMASA;MEHALAAN;SALUBALO;0;SEPTEMBER
168;SULAWESI BARAT;MAMASA;MEHALAAN;SALUKONTA;0;SEPTEMBER
169;SULAWESI BARAT;MAMASA;MEHALAAN;ULUMEA;0;SEPTEMBER
170;SULAWESI BARAT;MAMASA;MESSAWA;MAKUANG;0;SEPTEMBER
171;SULAWESI BARAT;MAMASA;MESSAWA;MALIMBONG;0;SEPTEMBER
172;SULAWESI BARAT;MAMASA;MESSAWA;MATANDE;0;SEPTEMBER
173;SULAWESI BARAT;MAMASA;MESSAWA;MESSAWA;0;SEPTEMBER
174;SULAWESI BARAT;MAMASA;MESSAWA;PASMA MAMBU;0;SEPTEMBER
175;SULAWESI BARAT;MAMASA;MESSAWA;RIPPUNG;0;SEPTEMBER
176;SULAWESI BARAT;MAMASA;MESSAWA;SEPANG;0;SEPTEMBER
177;SULAWESI BARAT;MAMASA;MESSAWA;SIPAI;0;SEPTEMBER
178;SULAWESI BARAT;MAMASA;MESSAWA;TANETE BATU;0;SEPTEMBER
179;SULAWESI BARAT;MAMASA;NOSU;BATUPAPAN;0;SEPTEMBER
180;SULAWESI BARAT;MAMASA;NOSU;MASEWWE;0;SEPTEMBER
181;SULAWESI BARAT;MAMASA;NOSU;MINANGA;0;SEPTEMBER
182;SULAWESI BARAT;MAMASA;NOSU;MINANGA TIMUR;0;SEPTEMBER
183;SULAWESI BARAT;MAMASA;NOSU;NOSU;0;SEPTEMBER
184;SULAWESI BARAT;MAMASA;NOSU;PARINDING;0;SEPTEMBER
185;SULAWESI BARAT;MAMASA;NOSU;SIWI;0;SEPTEMBER
186;SULAWESI BARAT;MAMASA;PANA;DATUBARINGAN;0;SEPTEMBER
187;SULAWESI BARAT;MAMASA;PANA;KARAKA;0;SEPTEMBER
188;SULAWESI BARAT;MAMASA;PANA;MAMULLU;0;SEPTEMBER
189;SULAWESI BARAT;MAMASA;PANA;MANIPI;0;SEPTEMBER
190;SULAWESI BARAT;MAMASA;PANA;PANA;0;SEPTEMBER
191;SULAWESI BARAT;MAMASA;PANA;PANURA;0;SEPTEMBER
192;SULAWESI BARAT;MAMASA;PANA;SALOAN;0;SEPTEMBER
193;SULAWESI BARAT;MAMASA;PANA;SALUTAMBUN;0;SEPTEMBER
194;SULAWESI BARAT;MAMASA;PANA;SAPAN;0;SEPTEMBER
195;SULAWESI BARAT;MAMASA;PANA;TALLANG BULAWAN;0;SEPTEMBER
196;SULAWESI BARAT;MAMASA;PANA;ULUSALU;0;SEPTEMBER
197;SULAWESI BARAT;MAMASA;PANA;ULUSALU INDAH;0;SEPTEMBER
198;SULAWESI BARAT;MAMASA;PANA;WERI;0;SEPTEMBER
199;SULAWESI BARAT;MAMASA;RANTEBULAHAN TIMUR;BAMBANG BUDA;0;SEPTEMBER
200;SULAWESI BARAT;MAMASA;RANTEBULAHAN TIMUR;BUANGIN;0;SEPTEMBER
201;SULAWESI BARAT;MAMASA;RANTEBULAHAN TIMUR;KIRAK;0;SEPTEMBER
202;SULAWESI BARAT;MAMASA;RANTEBULAHAN TIMUR;LEKO;0;SEPTEMBER
203;SULAWESI BARAT;MAMASA;RANTEBULAHAN TIMUR;SALUMOKANAN;6;SEPTEMBER
204;SULAWESI BARAT;MAMASA;RANTEBULAHAN TIMUR;SALUMOKANAN BARAT;0;SEPTEMBER
205;SULAWESI BARAT;MAMASA;RANTEBULAHAN TIMUR;SALUMOKANAN UTARA;0;SEPTEMBER
206;SULAWESI BARAT;MAMASA;RANTEBULAHAN TIMUR;SAMPALE;0;SEPTEMBER
207;SULAWESI BARAT;MAMASA;SESENAPADANG;LISUAN ADA;0;SEPTEMBER
208;SULAWESI BARAT;MAMASA;SESENAPADANG;MALANGKENA PADANG;0;SEPTEMBER
209;SULAWESI BARAT;MAMASA;SESENAPADANG;MALIMBONG;0;SEPTEMBER
210;SULAWESI BARAT;MAMASA;SESENAPADANG;MARAMPAN OROBUA;0;SEPTEMBER
211;SULAWESI BARAT;MAMASA;SESENAPADANG;OROBUA;0;SEPTEMBER
212;SULAWESI BARAT;MAMASA;SESENAPADANG;OROBUA SELATAN;0;SEPTEMBER
213;SULAWESI BARAT;MAMASA;SESENAPADANG;OROBUA TIMUR;0;SEPTEMBER
214;SULAWESI BARAT;MAMASA;SESENAPADANG;PALADAN;0;SEPTEMBER
215;SULAWESI BARAT;MAMASA;SESENAPADANG;RANTE PUANG;0;SEPTEMBER
216;SULAWESI BARAT;MAMASA;SESENAPADANG;SATENETEAN;0;SEPTEMBER
217;SULAWESI BARAT;MAMASA;SUMARORONG;BANEA;0;SEPTEMBER
218;SULAWESI BARAT;MAMASA;SUMARORONG;BATANG URU;0;SEPTEMBER
219;SULAWESI BARAT;MAMASA;SUMARORONG;BATANGNGURU TIMUR;0;SEPTEMBER
220;SULAWESI BARAT;MAMASA;SUMARORONG;RANTE KAMASE;0;SEPTEMBER
221;SULAWESI BARAT;MAMASA;SUMARORONG;SALUBALO;0;SEPTEMBER
222;SULAWESI BARAT;MAMASA;SUMARORONG;SASAKAN;0;SEPTEMBER
223;SULAWESI BARAT;MAMASA;SUMARORONG;SIBANAWA;0;SEPTEMBER
224;SULAWESI BARAT;MAMASA;SUMARORONG;SUMARORONG;0;SEPTEMBER
225;SULAWESI BARAT;MAMASA;SUMARORONG;TABONE;0;SEPTEMBER
226;SULAWESI BARAT;MAMASA;SUMARORONG;TADISI;0;SEPTEMBER
227;SULAWESI BARAT;MAMASA;TABANG;BAKADISURA;0;SEPTEMBER
228;SULAWESI BARAT;MAMASA;TABANG;KALAMA;0;SEPTEMBER
229;SULAWESI BARAT;MAMASA;TABANG;MASUPU;0;SEPTEMBER
230;SULAWESI BARAT;MAMASA;TABANG;SALUKONA;0;SEPTEMBER
231;SULAWESI BARAT;MAMASA;TABANG;TABANG;0;SEPTEMBER
232;SULAWESI BARAT;MAMASA;TABANG;TABANG BARAT;0;SEPTEMBER
233;SULAWESI BARAT;MAMASA;TABANG;TADOKALUA;0;SEPTEMBER
234;SULAWESI BARAT;MAMASA;TABULAHAN;BURANA;0;SEPTEMBER
235;SULAWESI BARAT;MAMASA;TABULAHAN;GANDANG DEWATA;0;SEPTEMBER
236;SULAWESI BARAT;MAMASA;TABULAHAN;LAKAHANG;0;SEPTEMBER
237;SULAWESI BARAT;MAMASA;TABULAHAN;LAKAHANG UTAMA;0;SEPTEMBER
238;SULAWESI BARAT;MAMASA;TABULAHAN;MALATIRO;0;SEPTEMBER
239;SULAWESI BARAT;MAMASA;TABULAHAN;PANGANDARAN;0;SEPTEMBER
240;SULAWESI BARAT;MAMASA;TABULAHAN;PERIANGAN;0;SEPTEMBER
241;SULAWESI BARAT;MAMASA;TABULAHAN;PEU';0;SEPTEMBER
242;SULAWESI BARAT;MAMASA;TABULAHAN;SALUBAKKA;0;SEPTEMBER
243;SULAWESI BARAT;MAMASA;TABULAHAN;SALULEANG;0;SEPTEMBER
244;SULAWESI BARAT;MAMASA;TABULAHAN;TABULAHAN;0;SEPTEMBER
245;SULAWESI BARAT;MAMASA;TABULAHAN;TALOPAK;0;SEPTEMBER
246;SULAWESI BARAT;MAMASA;TABULAHAN;TAMPAK KURRA;0;SEPTEMBER
247;SULAWESI BARAT;MAMASA;TABULAHAN;TIMORO;0;SEPTEMBER
248;SULAWESI BARAT;MAMASA;TANDUK KALUA;BALLABATU;0;SEPTEMBER
249;SULAWESI BARAT;MAMASA;TANDUK KALUA;KANAN;0;SEPTEMBER
250;SULAWESI BARAT;MAMASA;TANDUK KALUA;MALABO;0;SEPTEMBER
251;SULAWESI BARAT;MAMASA;TANDUK KALUA;MANNABABA;0;SEPTEMBER
252;SULAWESI BARAT;MAMASA;TANDUK KALUA;MESAKADA;0;SEPTEMBER
253;SULAWESI BARAT;MAMASA;TANDUK KALUA;MINAKE;0;SEPTEMBER
254;SULAWESI BARAT;MAMASA;TANDUK KALUA;PAMBE;0;SEPTEMBER
255;SULAWESI BARAT;MAMASA;TANDUK KALUA;PARONDOBULAWAN;0;SEPTEMBER
256;SULAWESI BARAT;MAMASA;TANDUK KALUA;SALURANO;0;SEPTEMBER
257;SULAWESI BARAT;MAMASA;TANDUK KALUA;SINDAGAMANIK;0;SEPTEMBER
258;SULAWESI BARAT;MAMASA;TANDUK KALUA;TALIMBUNG;0;SEPTEMBER
259;SULAWESI BARAT;MAMASA;TANDUK KALUA;TAMALANTIK;0;SEPTEMBER
260;SULAWESI BARAT;MAMASA;TAWALIAN;KARIANGO;0;SEPTEMBER
261;SULAWESI BARAT;MAMASA;TAWALIAN;RANTETANGNGA;7;SEPTEMBER
262;SULAWESI BARAT;MAMASA;TAWALIAN;TAWALIAN;0;SEPTEMBER
263;SULAWESI BARAT;MAMASA;TAWALIAN;TAWALIAN TIMUR;0;SEPTEMBER
264;SULAWESI BARAT;MAMUJU;BONEHAU;BANUADA;0;SEPTEMBER
265;SULAWESI BARAT;MAMUJU;BONEHAU;BONEHAU;0;SEPTEMBER
266;SULAWESI BARAT;MAMUJU;BONEHAU;BUTTUADA;0;SEPTEMBER
267;SULAWESI BARAT;MAMUJU;BONEHAU;HINUA;6;SEPTEMBER
268;SULAWESI BARAT;MAMUJU;BONEHAU;KINATANG;3;SEPTEMBER
269;SULAWESI BARAT;MAMUJU;BONEHAU;LUMIKA;0;SEPTEMBER
270;SULAWESI BARAT;MAMUJU;BONEHAU;MAPPU;0;SEPTEMBER
271;SULAWESI BARAT;MAMUJU;BONEHAU;SALUTIWO;1;SEPTEMBER
272;SULAWESI BARAT;MAMUJU;BONEHAU;TAMALEA;0;SEPTEMBER
273;SULAWESI BARAT;MAMUJU;KALUKKU;BEBANGA;0;SEPTEMBER
274;SULAWESI BARAT;MAMUJU;KALUKKU;BELANG BELANG;11;SEPTEMBER
275;SULAWESI BARAT;MAMUJU;KALUKKU;BERU-BERU;0;SEPTEMBER
276;SULAWESI BARAT;MAMUJU;KALUKKU;GULILING;0;SEPTEMBER
277;SULAWESI BARAT;MAMUJU;KALUKKU;KABULOANG;4;SEPTEMBER
278;SULAWESI BARAT;MAMUJU;KALUKKU;KALUKKU;0;SEPTEMBER
279;SULAWESI BARAT;MAMUJU;KALUKKU;KALUKKU BARAT;0;SEPTEMBER
280;SULAWESI BARAT;MAMUJU;KALUKKU;KEANG;0;SEPTEMBER
281;SULAWESI BARAT;MAMUJU;KALUKKU;PAMMULUKANG;4;SEPTEMBER
282;SULAWESI BARAT;MAMUJU;KALUKKU;POKKANG;0;SEPTEMBER
283;SULAWESI BARAT;MAMUJU;KALUKKU;SINYONYOI;0;SEPTEMBER
284;SULAWESI BARAT;MAMUJU;KALUKKU;SINYONYOI SELATAN;0;SEPTEMBER
285;SULAWESI BARAT;MAMUJU;KALUKKU;SONDOANG;0;SEPTEMBER
286;SULAWESI BARAT;MAMUJU;KALUKKU;UHAIMATE;0;SEPTEMBER
287;SULAWESI BARAT;MAMUJU;KALUMPANG;BATU MAKKADA;0;SEPTEMBER
288;SULAWESI BARAT;MAMUJU;KALUMPANG;KALUMPANG;0;SEPTEMBER
289;SULAWESI BARAT;MAMUJU;KALUMPANG;KARAMA;0;SEPTEMBER
290;SULAWESI BARAT;MAMUJU;KALUMPANG;KARATAUN;0;SEPTEMBER
291;SULAWESI BARAT;MAMUJU;KALUMPANG;KONDO BULO;0;SEPTEMBER
292;SULAWESI BARAT;MAMUJU;KALUMPANG;LASA';0;SEPTEMBER
293;SULAWESI BARAT;MAMUJU;KALUMPANG;LIMBONG;0;SEPTEMBER
294;SULAWESI BARAT;MAMUJU;KALUMPANG;MAKKALIKI;0;SEPTEMBER
295;SULAWESI BARAT;MAMUJU;KALUMPANG;POLIO;0;SEPTEMBER
296;SULAWESI BARAT;MAMUJU;KALUMPANG;SALUMAKKI;0;SEPTEMBER
297;SULAWESI BARAT;MAMUJU;KALUMPANG;SANDAPANG;0;SEPTEMBER
298;SULAWESI BARAT;MAMUJU;KALUMPANG;SIRAUN;0;SEPTEMBER
299;SULAWESI BARAT;MAMUJU;KALUMPANG;TUMOGA;0;SEPTEMBER
300;SULAWESI BARAT;MAMUJU;KEP. BALA BALAKANG;BALA BALAKANG;0;SEPTEMBER
301;SULAWESI BARAT;MAMUJU;KEP. BALA BALAKANG;BALA-BALAKANG TIMUR;0;SEPTEMBER
302;SULAWESI BARAT;MAMUJU;MAMUJU;BAMBU;0;SEPTEMBER
303;SULAWESI BARAT;MAMUJU;MAMUJU;BATU PANNU;0;SEPTEMBER
304;SULAWESI BARAT;MAMUJU;MAMUJU;BINANGA;0;SEPTEMBER
305;SULAWESI BARAT;MAMUJU;MAMUJU;KARAMPUANG;0;SEPTEMBER
306;SULAWESI BARAT;MAMUJU;MAMUJU;KAREMA;0;SEPTEMBER
307;SULAWESI BARAT;MAMUJU;MAMUJU;MAMUNYU;0;SEPTEMBER
308;SULAWESI BARAT;MAMUJU;MAMUJU;RIMUKU;0;SEPTEMBER
309;SULAWESI BARAT;MAMUJU;MAMUJU;TADUI;17;SEPTEMBER
310;SULAWESI BARAT;MAMUJU;PAPALANG;BATU AMPA;0;SEPTEMBER
311;SULAWESI BARAT;MAMUJU;PAPALANG;BODA-BODA;0;SEPTEMBER
312;SULAWESI BARAT;MAMUJU;PAPALANG;BONDA;0;SEPTEMBER
313;SULAWESI BARAT;MAMUJU;PAPALANG;PAPALANG;0;SEPTEMBER
314;SULAWESI BARAT;MAMUJU;PAPALANG;SALUKAYU;10;SEPTEMBER
315;SULAWESI BARAT;MAMUJU;PAPALANG;SISANGO;3;SEPTEMBER
316;SULAWESI BARAT;MAMUJU;PAPALANG;SUKADAMAI;9;SEPTEMBER
317;SULAWESI BARAT;MAMUJU;PAPALANG;TOABO;0;SEPTEMBER
318;SULAWESI BARAT;MAMUJU;PAPALANG;TOPORE;0;SEPTEMBER
319;SULAWESI BARAT;MAMUJU;SAMPAGA;BUNDE;0;SEPTEMBER
320;SULAWESI BARAT;MAMUJU;SAMPAGA;KALONDING;0;SEPTEMBER
321;SULAWESI BARAT;MAMUJU;SAMPAGA;LOSSO;0;SEPTEMBER
322;SULAWESI BARAT;MAMUJU;SAMPAGA;SALUBARANA;14;SEPTEMBER
323;SULAWESI BARAT;MAMUJU;SAMPAGA;SAMPAGA;0;SEPTEMBER
324;SULAWESI BARAT;MAMUJU;SAMPAGA;TANAMBUAH;9;SEPTEMBER
325;SULAWESI BARAT;MAMUJU;SAMPAGA;TARAILU;0;SEPTEMBER
326;SULAWESI BARAT;MAMUJU;SIMBORO;BOTTENG;3;SEPTEMBER
327;SULAWESI BARAT;MAMUJU;SIMBORO;BOTTENG UTARA;5;SEPTEMBER
328;SULAWESI BARAT;MAMUJU;SIMBORO;PATI'DI;7;SEPTEMBER
329;SULAWESI BARAT;MAMUJU;SIMBORO;RANGAS;0;SEPTEMBER
330;SULAWESI BARAT;MAMUJU;SIMBORO;SALETTO;8;SEPTEMBER
331;SULAWESI BARAT;MAMUJU;SIMBORO;SIMBORO;21;SEPTEMBER
332;SULAWESI BARAT;MAMUJU;SIMBORO;SUMARE;0;SEPTEMBER
333;SULAWESI BARAT;MAMUJU;SIMBORO;TAPANDULLU;0;SEPTEMBER
334;SULAWESI BARAT;MAMUJU;TAPALANG;BELA;0;SEPTEMBER
335;SULAWESI BARAT;MAMUJU;TAPALANG;DAYANGINNA;0;SEPTEMBER
336;SULAWESI BARAT;MAMUJU;TAPALANG;GALUNG;10;SEPTEMBER
337;SULAWESI BARAT;MAMUJU;TAPALANG;KASAMBANG;6;SEPTEMBER
338;SULAWESI BARAT;MAMUJU;TAPALANG;KOPEANG;0;SEPTEMBER
339;SULAWESI BARAT;MAMUJU;TAPALANG;OROBATU;0;SEPTEMBER
340;SULAWESI BARAT;MAMUJU;TAPALANG;RANTEDODA;0;SEPTEMBER
341;SULAWESI BARAT;MAMUJU;TAPALANG;TAAN;0;SEPTEMBER
342;SULAWESI BARAT;MAMUJU;TAPALANG;TAKANDEANG;8;SEPTEMBER
343;SULAWESI BARAT;MAMUJU;TAPALANG;TAMPALANG;0;SEPTEMBER
344;SULAWESI BARAT;MAMUJU;TAPALANG BARAT;AHU;3;SEPTEMBER
345;SULAWESI BARAT;MAMUJU;TAPALANG BARAT;DUNGKAIT;0;SEPTEMBER
346;SULAWESI BARAT;MAMUJU;TAPALANG BARAT;LABUANG RANO;0;SEPTEMBER
347;SULAWESI BARAT;MAMUJU;TAPALANG BARAT;LEBANI;0;SEPTEMBER
348;SULAWESI BARAT;MAMUJU;TAPALANG BARAT;PANGASAAN;1;SEPTEMBER
349;SULAWESI BARAT;MAMUJU;TAPALANG BARAT;PASABU;3;SEPTEMBER
350;SULAWESI BARAT;MAMUJU;TAPALANG BARAT;TANETE PAO;0;SEPTEMBER
351;SULAWESI BARAT;MAMUJU;TOMMO;BUANA SAKTI;2;SEPTEMBER
352;SULAWESI BARAT;MAMUJU;TOMMO;CAMPALOGA;0;SEPTEMBER
353;SULAWESI BARAT;MAMUJU;TOMMO;KAKULLASANG;5;SEPTEMBER
354;SULAWESI BARAT;MAMUJU;TOMMO;KALEPU;0;SEPTEMBER
355;SULAWESI BARAT;MAMUJU;TOMMO;LELING;0;SEPTEMBER
356;SULAWESI BARAT;MAMUJU;TOMMO;LELING BARAT;0;SEPTEMBER
357;SULAWESI BARAT;MAMUJU;TOMMO;LELING UTARA;0;SEPTEMBER
358;SULAWESI BARAT;MAMUJU;TOMMO;MALINO;3;SEPTEMBER
359;SULAWESI BARAT;MAMUJU;TOMMO;RANTEMARIO;4;SEPTEMBER
360;SULAWESI BARAT;MAMUJU;TOMMO;SALUDENGEN;0;SEPTEMBER
361;SULAWESI BARAT;MAMUJU;TOMMO;SANDANA;0;SEPTEMBER
362;SULAWESI BARAT;MAMUJU;TOMMO;TAMEJARRA;1;SEPTEMBER
363;SULAWESI BARAT;MAMUJU;TOMMO;TAMEMONGGA;0;SEPTEMBER
364;SULAWESI BARAT;MAMUJU;TOMMO;TOMMO;0;SEPTEMBER
365;SULAWESI BARAT;MAMUJU TENGAH;BUDONG-BUDONG;BABANA;0;SEPTEMBER
366;SULAWESI BARAT;MAMUJU TENGAH;BUDONG-BUDONG;BARAKKANG;0;SEPTEMBER
367;SULAWESI BARAT;MAMUJU TENGAH;BUDONG-BUDONG;BOJO;0;SEPTEMBER
368;SULAWESI BARAT;MAMUJU TENGAH;BUDONG-BUDONG;KIRE;0;SEPTEMBER
369;SULAWESI BARAT;MAMUJU TENGAH;BUDONG-BUDONG;LEMBAH HADA;2;SEPTEMBER
370;SULAWESI BARAT;MAMUJU TENGAH;BUDONG-BUDONG;LUMU;0;SEPTEMBER
371;SULAWESI BARAT;MAMUJU TENGAH;BUDONG-BUDONG;PASAPA;0;SEPTEMBER
372;SULAWESI BARAT;MAMUJU TENGAH;BUDONG-BUDONG;PONTANAKAYANG;0;SEPTEMBER
373;SULAWESI BARAT;MAMUJU TENGAH;BUDONG-BUDONG;SALOGATTA;0;SEPTEMBER
374;SULAWESI BARAT;MAMUJU TENGAH;BUDONG-BUDONG;SALUMANURUNG;0;SEPTEMBER
375;SULAWESI BARAT;MAMUJU TENGAH;BUDONG-BUDONG;TINALI;0;SEPTEMBER
376;SULAWESI BARAT;MAMUJU TENGAH;KAROSSA;BENGGAULU;1;SEPTEMBER
377;SULAWESI BARAT;MAMUJU TENGAH;KAROSSA;KADAILA;0;SEPTEMBER
378;SULAWESI BARAT;MAMUJU TENGAH;KAROSSA;KAMBUNONG;0;SEPTEMBER
379;SULAWESI BARAT;MAMUJU TENGAH;KAROSSA;KAROSSA;0;SEPTEMBER
380;SULAWESI BARAT;MAMUJU TENGAH;KAROSSA;KAYU CALLA;2;SEPTEMBER
381;SULAWESI BARAT;MAMUJU TENGAH;KAROSSA;LARA;0;SEPTEMBER
382;SULAWESI BARAT;MAMUJU TENGAH;KAROSSA;LEMBAH HOPO;10;SEPTEMBER
383;SULAWESI BARAT;MAMUJU TENGAH;KAROSSA;SALUBIRO;0;SEPTEMBER
384;SULAWESI BARAT;MAMUJU TENGAH;KAROSSA;SANJANGO;0;SEPTEMBER
385;SULAWESI BARAT;MAMUJU TENGAH;KAROSSA;SUKA MAJU;0;SEPTEMBER
386;SULAWESI BARAT;MAMUJU TENGAH;KAROSSA;TASOKKO;0;SEPTEMBER
387;SULAWESI BARAT;MAMUJU TENGAH;PANGALE;KOMBILING;0;SEPTEMBER
388;SULAWESI BARAT;MAMUJU TENGAH;PANGALE;KUO;0;SEPTEMBER
389;SULAWESI BARAT;MAMUJU TENGAH;PANGALE;LAMBA-LAMBA;0;SEPTEMBER
390;SULAWESI BARAT;MAMUJU TENGAH;PANGALE;LEMO-LEMO;0;SEPTEMBER
391;SULAWESI BARAT;MAMUJU TENGAH;PANGALE;PANGALE;0;SEPTEMBER
392;SULAWESI BARAT;MAMUJU TENGAH;PANGALE;POLO CAMBA;0;SEPTEMBER
393;SULAWESI BARAT;MAMUJU TENGAH;PANGALE;POLO LERENG;0;SEPTEMBER
394;SULAWESI BARAT;MAMUJU TENGAH;PANGALE;POLO PANGALE;0;SEPTEMBER
395;SULAWESI BARAT;MAMUJU TENGAH;PANGALE;SARTANAMAJU;0;SEPTEMBER
396;SULAWESI BARAT;MAMUJU TENGAH;TOBADAK;BAMBADARU;24;SEPTEMBER
397;SULAWESI BARAT;MAMUJU TENGAH;TOBADAK;BATU PARIGI;8;SEPTEMBER
398;SULAWESI BARAT;MAMUJU TENGAH;TOBADAK;MAHAHE;11;SEPTEMBER
399;SULAWESI BARAT;MAMUJU TENGAH;TOBADAK;PALONGAAN;17;SEPTEMBER
400;SULAWESI BARAT;MAMUJU TENGAH;TOBADAK;SALOADAK;0;SEPTEMBER
401;SULAWESI BARAT;MAMUJU TENGAH;TOBADAK;SALOBAJA;28;SEPTEMBER
402;SULAWESI BARAT;MAMUJU TENGAH;TOBADAK;SEJATI;6;SEPTEMBER
403;SULAWESI BARAT;MAMUJU TENGAH;TOBADAK;TOBADAK;4;SEPTEMBER
404;SULAWESI BARAT;MAMUJU TENGAH;TOPOYO;BAMBAMANURUNG;3;SEPTEMBER
405;SULAWESI BARAT;MAMUJU TENGAH;TOPOYO;BUDONG-BUDONG;11;SEPTEMBER
406;SULAWESI BARAT;MAMUJU TENGAH;TOPOYO;KABUBU;5;SEPTEMBER
407;SULAWESI BARAT;MAMUJU TENGAH;TOPOYO;PANGALLOANG;2;SEPTEMBER
408;SULAWESI BARAT;MAMUJU TENGAH;TOPOYO;PARAILI;0;SEPTEMBER
409;SULAWESI BARAT;MAMUJU TENGAH;TOPOYO;SALULEKBO;0;SEPTEMBER
410;SULAWESI BARAT;MAMUJU TENGAH;TOPOYO;SALUPANGKANG;0;SEPTEMBER
411;SULAWESI BARAT;MAMUJU TENGAH;TOPOYO;SALUPANGKANG IV;2;SEPTEMBER
412;SULAWESI BARAT;MAMUJU TENGAH;TOPOYO;SINABATTA;47;SEPTEMBER
413;SULAWESI BARAT;MAMUJU TENGAH;TOPOYO;TABOLANG;10;SEPTEMBER
414;SULAWESI BARAT;MAMUJU TENGAH;TOPOYO;TANGKOU;3;SEPTEMBER
415;SULAWESI BARAT;MAMUJU TENGAH;TOPOYO;TAPPILINA;9;SEPTEMBER
416;SULAWESI BARAT;MAMUJU TENGAH;TOPOYO;TOPOYO;24;SEPTEMBER
417;SULAWESI BARAT;MAMUJU TENGAH;TOPOYO;TUMBU;38;SEPTEMBER
418;SULAWESI BARAT;MAMUJU TENGAH;TOPOYO;WAEPUTEH;0;SEPTEMBER
419;SULAWESI BARAT;PASANGKAYU;BAMBAIRA;BAMBAIRA;7;SEPTEMBER
420;SULAWESI BARAT;PASANGKAYU;BAMBAIRA;KALUKU NANGKA;5;SEPTEMBER
421;SULAWESI BARAT;PASANGKAYU;BAMBAIRA;KASOLOANG;0;SEPTEMBER
422;SULAWESI BARAT;PASANGKAYU;BAMBAIRA;TAMPAURE;0;SEPTEMBER
423;SULAWESI BARAT;PASANGKAYU;BAMBALAMOTU;BAMBALAMOTU;1;SEPTEMBER
424;SULAWESI BARAT;PASANGKAYU;BAMBALAMOTU;KALOLA;0;SEPTEMBER
425;SULAWESI BARAT;PASANGKAYU;BAMBALAMOTU;PANGIANG;0;SEPTEMBER
426;SULAWESI BARAT;PASANGKAYU;BAMBALAMOTU;POLEWALI;1;SEPTEMBER
427;SULAWESI BARAT;PASANGKAYU;BAMBALAMOTU;RANDOMAYANG;8;SEPTEMBER
428;SULAWESI BARAT;PASANGKAYU;BAMBALAMOTU;WULAI;0;SEPTEMBER
429;SULAWESI BARAT;PASANGKAYU;BARAS;BALANTI;36;SEPTEMBER
430;SULAWESI BARAT;PASANGKAYU;BARAS;BARAS;1;SEPTEMBER
431;SULAWESI BARAT;PASANGKAYU;BARAS;BULU PARIGI;0;SEPTEMBER
432;SULAWESI BARAT;PASANGKAYU;BARAS;KASANO;0;SEPTEMBER
433;SULAWESI BARAT;PASANGKAYU;BARAS;MOTU;0;SEPTEMBER
434;SULAWESI BARAT;PASANGKAYU;BARAS;TOWONI;0;SEPTEMBER
435;SULAWESI BARAT;PASANGKAYU;BULU TABA;BUKIT HARAPAN;0;SEPTEMBER
436;SULAWESI BARAT;PASANGKAYU;BULU TABA;KARAVE;0;SEPTEMBER
437;SULAWESI BARAT;PASANGKAYU;BULU TABA;KASTABUANA;0;SEPTEMBER
438;SULAWESI BARAT;PASANGKAYU;BULU TABA;LELEJAE;4;SEPTEMBER
439;SULAWESI BARAT;PASANGKAYU;BULU TABA;LILIMORI;0;SEPTEMBER
440;SULAWESI BARAT;PASANGKAYU;BULU TABA;OMPI;0;SEPTEMBER
441;SULAWESI BARAT;PASANGKAYU;BULU TABA;SUMBER SARI;0;SEPTEMBER
442;SULAWESI BARAT;PASANGKAYU;DAPURANG;BENGGAULU;0;SEPTEMBER
443;SULAWESI BARAT;PASANGKAYU;DAPURANG;BULU BONGGU;0;SEPTEMBER
444;SULAWESI BARAT;PASANGKAYU;DAPURANG;DAPURANG;6;SEPTEMBER
445;SULAWESI BARAT;PASANGKAYU;DAPURANG;SARASA;0;SEPTEMBER
446;SULAWESI BARAT;PASANGKAYU;DAPURANG;TIRTABUANA;0;SEPTEMBER
447;SULAWESI BARAT;PASANGKAYU;DURIPOKU;SAPTANAJAYA;5;SEPTEMBER
448;SULAWESI BARAT;PASANGKAYU;DURIPOKU;SIPAKAINGA;0;SEPTEMBER
449;SULAWESI BARAT;PASANGKAYU;DURIPOKU;TAMMARUNANG;4;SEPTEMBER
450;SULAWESI BARAT;PASANGKAYU;DURIPOKU;TARANGGI;7;SEPTEMBER
451;SULAWESI BARAT;PASANGKAYU;LARIANG;BAJAWALI;0;SEPTEMBER
452;SULAWESI BARAT;PASANGKAYU;LARIANG;BAMBAKORO;4;SEPTEMBER
453;SULAWESI BARAT;PASANGKAYU;LARIANG;BATU MATORU;2;SEPTEMBER
454;SULAWESI BARAT;PASANGKAYU;LARIANG;KENANGAN;4;SEPTEMBER
455;SULAWESI BARAT;PASANGKAYU;LARIANG;KULU;3;SEPTEMBER
456;SULAWESI BARAT;PASANGKAYU;LARIANG;PARABU;2;SEPTEMBER
457;SULAWESI BARAT;PASANGKAYU;LARIANG;SINGGANI;5;SEPTEMBER
458;SULAWESI BARAT;PASANGKAYU;PASANGKAYU;AKO;0;SEPTEMBER
459;SULAWESI BARAT;PASANGKAYU;PASANGKAYU;GUNUNG SARI;0;SEPTEMBER
460;SULAWESI BARAT;PASANGKAYU;PASANGKAYU;KARYA BERSAMA;4;SEPTEMBER
461;SULAWESI BARAT;PASANGKAYU;PASANGKAYU;MARTAJAYA;0;SEPTEMBER
462;SULAWESI BARAT;PASANGKAYU;PASANGKAYU;PAKAVA;0;SEPTEMBER
463;SULAWESI BARAT;PASANGKAYU;PASANGKAYU;PASANGKAYU;0;SEPTEMBER
464;SULAWESI BARAT;PASANGKAYU;PEDONGGA;BATU OGE;0;SEPTEMBER
465;SULAWESI BARAT;PASANGKAYU;PEDONGGA;MALEI;1;SEPTEMBER
466;SULAWESI BARAT;PASANGKAYU;PEDONGGA;MARTASARI;0;SEPTEMBER
467;SULAWESI BARAT;PASANGKAYU;PEDONGGA;PEDANDA;5;SEPTEMBER
468;SULAWESI BARAT;PASANGKAYU;SARJO;LETAWA;0;SEPTEMBER
469;SULAWESI BARAT;PASANGKAYU;SARJO;MAPONU;0;SEPTEMBER
470;SULAWESI BARAT;PASANGKAYU;SARJO;SARJO;0;SEPTEMBER
471;SULAWESI BARAT;PASANGKAYU;SARJO;SARUDE;0;SEPTEMBER
472;SULAWESI BARAT;PASANGKAYU;SARUDU;BULU MARIO;9;SEPTEMBER
473;SULAWESI BARAT;PASANGKAYU;SARUDU;DODA;0;SEPTEMBER
474;SULAWESI BARAT;PASANGKAYU;SARUDU;KUMASARI;0;SEPTEMBER
475;SULAWESI BARAT;PASANGKAYU;SARUDU;PATIKA;0;SEPTEMBER
476;SULAWESI BARAT;PASANGKAYU;SARUDU;SARUDU;0;SEPTEMBER
477;SULAWESI BARAT;PASANGKAYU;TIKKE RAYA;JENGENG RAYA;13;SEPTEMBER
478;SULAWESI BARAT;PASANGKAYU;TIKKE RAYA;LARIANG;8;SEPTEMBER
479;SULAWESI BARAT;PASANGKAYU;TIKKE RAYA;MAKMUR JAYA;7;SEPTEMBER
480;SULAWESI BARAT;PASANGKAYU;TIKKE RAYA;PAJALELE;4;SEPTEMBER
481;SULAWESI BARAT;PASANGKAYU;TIKKE RAYA;TIKKE;8;SEPTEMBER
482;SULAWESI BARAT;POLEWALI MANDAR;ALLU;ALU;11;SEPTEMBER
483;SULAWESI BARAT;POLEWALI MANDAR;ALLU;KALUMAMMANG;5;SEPTEMBER
484;SULAWESI BARAT;POLEWALI MANDAR;ALLU;MOMBI;21;SEPTEMBER
485;SULAWESI BARAT;POLEWALI MANDAR;ALLU;PAO-PAO;9;SEPTEMBER
486;SULAWESI BARAT;POLEWALI MANDAR;ALLU;PETOOSANG;5;SEPTEMBER
487;SULAWESI BARAT;POLEWALI MANDAR;ALLU;PUPPU URING;2;SEPTEMBER
488;SULAWESI BARAT;POLEWALI MANDAR;ALLU;SARAGIAN;8;SEPTEMBER
489;SULAWESI BARAT;POLEWALI MANDAR;ALLU;SAYOANG;6;SEPTEMBER
490;SULAWESI BARAT;POLEWALI MANDAR;ANREAPI;ANREAPI;5;SEPTEMBER
491;SULAWESI BARAT;POLEWALI MANDAR;ANREAPI;DUAMPANUA;13;SEPTEMBER
492;SULAWESI BARAT;POLEWALI MANDAR;ANREAPI;KELAPA DUA;16;SEPTEMBER
493;SULAWESI BARAT;POLEWALI MANDAR;ANREAPI;KUNYI;19;SEPTEMBER
494;SULAWESI BARAT;POLEWALI MANDAR;ANREAPI;PAPANDANGAN;0;SEPTEMBER
495;SULAWESI BARAT;POLEWALI MANDAR;BALANIPA;BALA;1;SEPTEMBER
496;SULAWESI BARAT;POLEWALI MANDAR;BALANIPA;BALANIPA;14;SEPTEMBER
497;SULAWESI BARAT;POLEWALI MANDAR;BALANIPA;GALUNG TULUK;0;SEPTEMBER
498;SULAWESI BARAT;POLEWALI MANDAR;BALANIPA;LAMBANAN;1;SEPTEMBER
499;SULAWESI BARAT;POLEWALI MANDAR;BALANIPA;LEGO;3;SEPTEMBER
500;SULAWESI BARAT;POLEWALI MANDAR;BALANIPA;MOSSO;0;SEPTEMBER
501;SULAWESI BARAT;POLEWALI MANDAR;BALANIPA;PALLIS;2;SEPTEMBER
502;SULAWESI BARAT;POLEWALI MANDAR;BALANIPA;PAMBUSUANG;15;SEPTEMBER
503;SULAWESI BARAT;POLEWALI MANDAR;BALANIPA;SABANG SUBIK;15;SEPTEMBER
504;SULAWESI BARAT;POLEWALI MANDAR;BALANIPA;TAMANGGALLE;0;SEPTEMBER
505;SULAWESI BARAT;POLEWALI MANDAR;BALANIPA;TAMMAJARRA;6;SEPTEMBER
506;SULAWESI BARAT;POLEWALI MANDAR;BINUANG;AMASSANGAN;9;SEPTEMBER
507;SULAWESI BARAT;POLEWALI MANDAR;BINUANG;AMOLA;6;SEPTEMBER
508;SULAWESI BARAT;POLEWALI MANDAR;BINUANG;BATETANGNGA;40;SEPTEMBER
509;SULAWESI BARAT;POLEWALI MANDAR;BINUANG;KALEOK;5;SEPTEMBER
510;SULAWESI BARAT;POLEWALI MANDAR;BINUANG;KUAJANG;53;SEPTEMBER
511;SULAWESI BARAT;POLEWALI MANDAR;BINUANG;MAMMI;6;SEPTEMBER
512;SULAWESI BARAT;POLEWALI MANDAR;BINUANG;MIRRING;4;SEPTEMBER
513;SULAWESI BARAT;POLEWALI MANDAR;BINUANG;PAKU;6;SEPTEMBER
514;SULAWESI BARAT;POLEWALI MANDAR;BINUANG;REA;11;SEPTEMBER
515;SULAWESI BARAT;POLEWALI MANDAR;BINUANG;TONYAMAN;8;SEPTEMBER
516;SULAWESI BARAT;POLEWALI MANDAR;BULO;BULO;1;SEPTEMBER
517;SULAWESI BARAT;POLEWALI MANDAR;BULO;DAALA TIMUR;2;SEPTEMBER
518;SULAWESI BARAT;POLEWALI MANDAR;BULO;IHING;4;SEPTEMBER
519;SULAWESI BARAT;POLEWALI MANDAR;BULO;KAROMBANG;0;SEPTEMBER
520;SULAWESI BARAT;POLEWALI MANDAR;BULO;LENGGO;0;SEPTEMBER
521;SULAWESI BARAT;POLEWALI MANDAR;BULO;PATAMBANUA;0;SEPTEMBER
522;SULAWESI BARAT;POLEWALI MANDAR;BULO;PULLIWA;0;SEPTEMBER
523;SULAWESI BARAT;POLEWALI MANDAR;BULO;SABURA;0;SEPTEMBER
524;SULAWESI BARAT;POLEWALI MANDAR;BULO;SEPPORRAKI;2;SEPTEMBER
525;SULAWESI BARAT;POLEWALI MANDAR;CAMPALAGIAN;BONDE;1;SEPTEMBER
526;SULAWESI BARAT;POLEWALI MANDAR;CAMPALAGIAN;BOTTO;10;SEPTEMBER
527;SULAWESI BARAT;POLEWALI MANDAR;CAMPALAGIAN;GATTUNGAN;11;SEPTEMBER
528;SULAWESI BARAT;POLEWALI MANDAR;CAMPALAGIAN;KATUMBANGAN;3;SEPTEMBER
529;SULAWESI BARAT;POLEWALI MANDAR;CAMPALAGIAN;KATUMBANGAN LEMO;3;SEPTEMBER
530;SULAWESI BARAT;POLEWALI MANDAR;CAMPALAGIAN;KENJE;12;SEPTEMBER
531;SULAWESI BARAT;POLEWALI MANDAR;CAMPALAGIAN;LAGI-AGI;2;SEPTEMBER
532;SULAWESI BARAT;POLEWALI MANDAR;CAMPALAGIAN;LALIKO;0;SEPTEMBER
533;SULAWESI BARAT;POLEWALI MANDAR;CAMPALAGIAN;LAMPOKO;8;SEPTEMBER
534;SULAWESI BARAT;POLEWALI MANDAR;CAMPALAGIAN;LAPEO;28;SEPTEMBER
535;SULAWESI BARAT;POLEWALI MANDAR;CAMPALAGIAN;ONGKO;0;SEPTEMBER
536;SULAWESI BARAT;POLEWALI MANDAR;CAMPALAGIAN;PADANG;0;SEPTEMBER
537;SULAWESI BARAT;POLEWALI MANDAR;CAMPALAGIAN;PADANG TIMUR;15;SEPTEMBER
538;SULAWESI BARAT;POLEWALI MANDAR;CAMPALAGIAN;PANYAMPA;0;SEPTEMBER
539;SULAWESI BARAT;POLEWALI MANDAR;CAMPALAGIAN;PAPPANG;72;SEPTEMBER
540;SULAWESI BARAT;POLEWALI MANDAR;CAMPALAGIAN;PARAPPE;19;SEPTEMBER
541;SULAWESI BARAT;POLEWALI MANDAR;CAMPALAGIAN;SUMARRANG;0;SEPTEMBER
542;SULAWESI BARAT;POLEWALI MANDAR;CAMPALAGIAN;SURUANG;12;SEPTEMBER
543;SULAWESI BARAT;POLEWALI MANDAR;LIMBORO;LEMBANG LEMBANG;20;SEPTEMBER
544;SULAWESI BARAT;POLEWALI MANDAR;LIMBORO;LIMBORO;15;SEPTEMBER
545;SULAWESI BARAT;POLEWALI MANDAR;LIMBORO;NAPO;14;SEPTEMBER
546;SULAWESI BARAT;POLEWALI MANDAR;LIMBORO;PALECE;11;SEPTEMBER
547;SULAWESI BARAT;POLEWALI MANDAR;LIMBORO;PENDULANGAN;4;SEPTEMBER
548;SULAWESI BARAT;POLEWALI MANDAR;LIMBORO;RENGGEANG;11;SEPTEMBER
549;SULAWESI BARAT;POLEWALI MANDAR;LIMBORO;SALARRI;4;SEPTEMBER
550;SULAWESI BARAT;POLEWALI MANDAR;LIMBORO;SAMASUNDU;17;SEPTEMBER
551;SULAWESI BARAT;POLEWALI MANDAR;LIMBORO;TANDASURA;7;SEPTEMBER
552;SULAWESI BARAT;POLEWALI MANDAR;LIMBORO;TANGAN BARU;10;SEPTEMBER
553;SULAWESI BARAT;POLEWALI MANDAR;LIMBORO;TODANG TODANG;4;SEPTEMBER
554;SULAWESI BARAT;POLEWALI MANDAR;LUYO;BARU;11;SEPTEMBER
555;SULAWESI BARAT;POLEWALI MANDAR;LUYO;BATUPANGA;0;SEPTEMBER
556;SULAWESI BARAT;POLEWALI MANDAR;LUYO;BATUPANGA DAALA;0;SEPTEMBER
557;SULAWESI BARAT;POLEWALI MANDAR;LUYO;LUYO;27;SEPTEMBER
558;SULAWESI BARAT;POLEWALI MANDAR;LUYO;MAMBU;0;SEPTEMBER
559;SULAWESI BARAT;POLEWALI MANDAR;LUYO;MAPILI BARAT;16;SEPTEMBER
560;SULAWESI BARAT;POLEWALI MANDAR;LUYO;PUCCADI;12;SEPTEMBER
561;SULAWESI BARAT;POLEWALI MANDAR;LUYO;PUSSUI;0;SEPTEMBER
562;SULAWESI BARAT;POLEWALI MANDAR;LUYO;PUSSUI BARAT;0;SEPTEMBER
563;SULAWESI BARAT;POLEWALI MANDAR;LUYO;SAMBALI WALI;22;SEPTEMBER
564;SULAWESI BARAT;POLEWALI MANDAR;LUYO;TENGGELANG;0;SEPTEMBER
565;SULAWESI BARAT;POLEWALI MANDAR;MAPILLI;BEROANGIN;20;SEPTEMBER
566;SULAWESI BARAT;POLEWALI MANDAR;MAPILLI;BONNE BONNE;6;SEPTEMBER
567;SULAWESI BARAT;POLEWALI MANDAR;MAPILLI;BONRA;20;SEPTEMBER
568;SULAWESI BARAT;POLEWALI MANDAR;MAPILLI;BUKU;0;SEPTEMBER
569;SULAWESI BARAT;POLEWALI MANDAR;MAPILLI;KURMA;24;SEPTEMBER
570;SULAWESI BARAT;POLEWALI MANDAR;MAPILLI;LANDI KANUSUANG;0;SEPTEMBER
571;SULAWESI BARAT;POLEWALI MANDAR;MAPILLI;MAPILI;25;SEPTEMBER
572;SULAWESI BARAT;POLEWALI MANDAR;MAPILLI;RAPPANG BARAT;11;SEPTEMBER
573;SULAWESI BARAT;POLEWALI MANDAR;MAPILLI;RUMPA;7;SEPTEMBER
574;SULAWESI BARAT;POLEWALI MANDAR;MAPILLI;SATTOKO;1;SEPTEMBER
575;SULAWESI BARAT;POLEWALI MANDAR;MAPILLI;SEGERANG;0;SEPTEMBER
576;SULAWESI BARAT;POLEWALI MANDAR;MAPILLI;UGIBARU;24;SEPTEMBER
577;SULAWESI BARAT;POLEWALI MANDAR;MATAKALI;BARUMBUNG;5;SEPTEMBER
578;SULAWESI BARAT;POLEWALI MANDAR;MATAKALI;BUNGA-BUNGA;0;SEPTEMBER
579;SULAWESI BARAT;POLEWALI MANDAR;MATAKALI;INDOMAKKOMBONG;7;SEPTEMBER
580;SULAWESI BARAT;POLEWALI MANDAR;MATAKALI;MATAKALI;11;SEPTEMBER
581;SULAWESI BARAT;POLEWALI MANDAR;MATAKALI;PASIANG;14;SEPTEMBER
582;SULAWESI BARAT;POLEWALI MANDAR;MATAKALI;PETAMPANUA;0;SEPTEMBER
583;SULAWESI BARAT;POLEWALI MANDAR;MATAKALI;TONROLIMA;3;SEPTEMBER
584;SULAWESI BARAT;POLEWALI MANDAR;MATANGNGA;BA'BA TAPUA;1;SEPTEMBER
585;SULAWESI BARAT;POLEWALI MANDAR;MATANGNGA;KATIMBANG;2;SEPTEMBER
586;SULAWESI BARAT;POLEWALI MANDAR;MATANGNGA;LILLI;2;SEPTEMBER
587;SULAWESI BARAT;POLEWALI MANDAR;MATANGNGA;MAMBU TAPUA;2;SEPTEMBER
588;SULAWESI BARAT;POLEWALI MANDAR;MATANGNGA;MATANGNGA;4;SEPTEMBER
589;SULAWESI BARAT;POLEWALI MANDAR;MATANGNGA;RANGOAN;2;SEPTEMBER
590;SULAWESI BARAT;POLEWALI MANDAR;MATANGNGA;TAPUA;3;SEPTEMBER
591;SULAWESI BARAT;POLEWALI MANDAR;POLEWALI;DARMA;31;SEPTEMBER
592;SULAWESI BARAT;POLEWALI MANDAR;POLEWALI;LANTORA;9;SEPTEMBER
593;SULAWESI BARAT;POLEWALI MANDAR;POLEWALI;MADATE;28;SEPTEMBER
594;SULAWESI BARAT;POLEWALI MANDAR;POLEWALI;MANDING;17;SEPTEMBER
595;SULAWESI BARAT;POLEWALI MANDAR;POLEWALI;PEKKABATA;9;SEPTEMBER
596;SULAWESI BARAT;POLEWALI MANDAR;POLEWALI;POLEWALI;25;SEPTEMBER
597;SULAWESI BARAT;POLEWALI MANDAR;POLEWALI;SULEWATANG;12;SEPTEMBER
598;SULAWESI BARAT;POLEWALI MANDAR;POLEWALI;TAKATIDUNG;24;SEPTEMBER
599;SULAWESI BARAT;POLEWALI MANDAR;POLEWALI;WATTANG;0;SEPTEMBER
600;SULAWESI BARAT;POLEWALI MANDAR;TAPANGO;BANATO REJO;9;SEPTEMBER
601;SULAWESI BARAT;POLEWALI MANDAR;TAPANGO;BATU;0;SEPTEMBER
602;SULAWESI BARAT;POLEWALI MANDAR;TAPANGO;BUSSU;4;SEPTEMBER
603;SULAWESI BARAT;POLEWALI MANDAR;TAPANGO;DAKKA;0;SEPTEMBER
604;SULAWESI BARAT;POLEWALI MANDAR;TAPANGO;JAMBU MALEA;9;SEPTEMBER
605;SULAWESI BARAT;POLEWALI MANDAR;TAPANGO;KALIMBUA;3;SEPTEMBER
606;SULAWESI BARAT;POLEWALI MANDAR;TAPANGO;KURRAK;2;SEPTEMBER
607;SULAWESI BARAT;POLEWALI MANDAR;TAPANGO;PALATTA;0;SEPTEMBER
608;SULAWESI BARAT;POLEWALI MANDAR;TAPANGO;PELITAKAN;2;SEPTEMBER
609;SULAWESI BARAT;POLEWALI MANDAR;TAPANGO;RAPPANG;0;SEPTEMBER
610;SULAWESI BARAT;POLEWALI MANDAR;TAPANGO;RISO;0;SEPTEMBER
611;SULAWESI BARAT;POLEWALI MANDAR;TAPANGO;TAPANGO;0;SEPTEMBER
612;SULAWESI BARAT;POLEWALI MANDAR;TAPANGO;TAPANGO BARAT;2;SEPTEMBER
613;SULAWESI BARAT;POLEWALI MANDAR;TAPANGO;TUTTULA;7;SEPTEMBER
614;SULAWESI BARAT;POLEWALI MANDAR;TINAMBUNG;BATULAYA;12;SEPTEMBER
615;SULAWESI BARAT;POLEWALI MANDAR;TINAMBUNG;GALUNG LOMBOK;59;SEPTEMBER
616;SULAWESI BARAT;POLEWALI MANDAR;TINAMBUNG;KARAMA;18;SEPTEMBER
617;SULAWESI BARAT;POLEWALI MANDAR;TINAMBUNG;LEKOPADIS;12;SEPTEMBER
618;SULAWESI BARAT;POLEWALI MANDAR;TINAMBUNG;SEPABATU;12;SEPTEMBER
619;SULAWESI BARAT;POLEWALI MANDAR;TINAMBUNG;TANDUNG;2;SEPTEMBER
620;SULAWESI BARAT;POLEWALI MANDAR;TINAMBUNG;TANGNGA TANGNGA;16;SEPTEMBER
621;SULAWESI BARAT;POLEWALI MANDAR;TINAMBUNG;TINAMBUNG;4;SEPTEMBER
622;SULAWESI BARAT;POLEWALI MANDAR;TUTAR;AMBOPADANG;4;SEPTEMBER
623;SULAWESI BARAT;POLEWALI MANDAR;TUTAR;ARABUA;9;SEPTEMBER
624;SULAWESI BARAT;POLEWALI MANDAR;TUTAR;BESOANGIN;0;SEPTEMBER
625;SULAWESI BARAT;POLEWALI MANDAR;TUTAR;BESOANGIN UTARA;0;SEPTEMBER
626;SULAWESI BARAT;POLEWALI MANDAR;TUTAR;PEBURRU;5;SEPTEMBER
627;SULAWESI BARAT;POLEWALI MANDAR;TUTAR;PIRIANG TAPIKO;0;SEPTEMBER
628;SULAWESI BARAT;POLEWALI MANDAR;TUTAR;PODA;0;SEPTEMBER
629;SULAWESI BARAT;POLEWALI MANDAR;TUTAR;POLLEWANI;10;SEPTEMBER
630;SULAWESI BARAT;POLEWALI MANDAR;TUTAR;RATTE;0;SEPTEMBER
631;SULAWESI BARAT;POLEWALI MANDAR;TUTAR;TALOBA;2;SEPTEMBER
632;SULAWESI BARAT;POLEWALI MANDAR;TUTAR;TARAMANU;7;SEPTEMBER
633;SULAWESI BARAT;POLEWALI MANDAR;TUTAR;TARAMANU TUA;2;SEPTEMBER
634;SULAWESI BARAT;POLEWALI MANDAR;TUTAR;TUBBI;6;SEPTEMBER
635;SULAWESI BARAT;POLEWALI MANDAR;WONOMULYO;ARJO SARI;0;SEPTEMBER
636;SULAWESI BARAT;POLEWALI MANDAR;WONOMULYO;BAKKA-BAKKA;16;SEPTEMBER
637;SULAWESI BARAT;POLEWALI MANDAR;WONOMULYO;BANUA BARU;8;SEPTEMBER
638;SULAWESI BARAT;POLEWALI MANDAR;WONOMULYO;BUMIAYU;21;SEPTEMBER
639;SULAWESI BARAT;POLEWALI MANDAR;WONOMULYO;BUMIMULYO;15;SEPTEMBER
640;SULAWESI BARAT;POLEWALI MANDAR;WONOMULYO;CAMPURJO;11;SEPTEMBER
641;SULAWESI BARAT;POLEWALI MANDAR;WONOMULYO;GALESON;24;SEPTEMBER
642;SULAWESI BARAT;POLEWALI MANDAR;WONOMULYO;KEBUNSARI;10;SEPTEMBER
643;SULAWESI BARAT;POLEWALI MANDAR;WONOMULYO;NEPO;10;SEPTEMBER
644;SULAWESI BARAT;POLEWALI MANDAR;WONOMULYO;SIDODADI;31;SEPTEMBER
645;SULAWESI BARAT;POLEWALI MANDAR;WONOMULYO;SIDOREJO;29;SEPTEMBER
646;SULAWESI BARAT;POLEWALI MANDAR;WONOMULYO;SUGIHWARAS;17;SEPTEMBER
647;SULAWESI BARAT;POLEWALI MANDAR;WONOMULYO;SUMBEREJO;34;SEPTEMBER
648;SULAWESI BARAT;POLEWALI MANDAR;WONOMULYO;TUMPILING;43;SEPTEMBER
;SULAWESI BARAT;MAJENE;BANGGAE;BANGGAE;0;OKTOBER
;SULAWESI BARAT;MAJENE;BANGGAE;BARU;31;OKTOBER
;SULAWESI BARAT;MAJENE;BANGGAE;GALUNG;28;OKTOBER
;SULAWESI BARAT;MAJENE;BANGGAE;PALIPI SOREANG;0;OKTOBER
;SULAWESI BARAT;MAJENE;BANGGAE;PAMBOBORANG;13;OKTOBER
;SULAWESI BARAT;MAJENE;BANGGAE;PANGALI ALI;14;OKTOBER
;SULAWESI BARAT;MAJENE;BANGGAE;RANGAS;26;OKTOBER
;SULAWESI BARAT;MAJENE;BANGGAE;TOTOLI;10;OKTOBER
;SULAWESI BARAT;MAJENE;BANGGAE TIMUR;BARUGA;8;OKTOBER
;SULAWESI BARAT;MAJENE;BANGGAE TIMUR;BARUGA DHUA;7;OKTOBER
;SULAWESI BARAT;MAJENE;BANGGAE TIMUR;BAURUNG;16;OKTOBER
;SULAWESI BARAT;MAJENE;BANGGAE TIMUR;BUTTU BARUGA;3;OKTOBER
;SULAWESI BARAT;MAJENE;BANGGAE TIMUR;LABUANG;9;OKTOBER
;SULAWESI BARAT;MAJENE;BANGGAE TIMUR;LABUANG UTARA;9;OKTOBER
;SULAWESI BARAT;MAJENE;BANGGAE TIMUR;LEMBANG;10;OKTOBER
;SULAWESI BARAT;MAJENE;BANGGAE TIMUR;TANDE;7;OKTOBER
;SULAWESI BARAT;MAJENE;BANGGAE TIMUR;TANDE TIMUR;9;OKTOBER
;SULAWESI BARAT;MAJENE;MALUNDA;BAMBANGAN;6;OKTOBER
;SULAWESI BARAT;MAJENE;MALUNDA;KAYUANGIN;5;OKTOBER
;SULAWESI BARAT;MAJENE;MALUNDA;LAMUNGANG BATU;8;OKTOBER
;SULAWESI BARAT;MAJENE;MALUNDA;LOMBANG;2;OKTOBER
;SULAWESI BARAT;MAJENE;MALUNDA;LOMBANG TIMUR;2;OKTOBER
;SULAWESI BARAT;MAJENE;MALUNDA;LOMBONG;11;OKTOBER
;SULAWESI BARAT;MAJENE;MALUNDA;LOMBONG TIMUR;6;OKTOBER
;SULAWESI BARAT;MAJENE;MALUNDA;MALIAYA;4;OKTOBER
;SULAWESI BARAT;MAJENE;MALUNDA;MALUNDA;2;OKTOBER
;SULAWESI BARAT;MAJENE;MALUNDA;MEKKATTA;6;OKTOBER
;SULAWESI BARAT;MAJENE;MALUNDA;MEKKATTA SELATAN;4;OKTOBER
;SULAWESI BARAT;MAJENE;MALUNDA;SALUTAHONGAN;0;OKTOBER
;SULAWESI BARAT;MAJENE;PAMBOANG;ADOLANG;10;OKTOBER
;SULAWESI BARAT;MAJENE;PAMBOANG;ADOLANG DHUA;8;OKTOBER
;SULAWESI BARAT;MAJENE;PAMBOANG;BABABULO;5;OKTOBER
;SULAWESI BARAT;MAJENE;PAMBOANG;BABABULO UTARA;2;OKTOBER
;SULAWESI BARAT;MAJENE;PAMBOANG;BALOMBONG;1;OKTOBER
;SULAWESI BARAT;MAJENE;PAMBOANG;BANUA ADOLANG;5;OKTOBER
;SULAWESI BARAT;MAJENE;PAMBOANG;BETTENG;4;OKTOBER
;SULAWESI BARAT;MAJENE;PAMBOANG;BONDE;13;OKTOBER
;SULAWESI BARAT;MAJENE;PAMBOANG;BONDE UTARA;9;OKTOBER
;SULAWESI BARAT;MAJENE;PAMBOANG;BUTTU PAMBOANG;6;OKTOBER
;SULAWESI BARAT;MAJENE;PAMBOANG;LALAMPANUA;10;OKTOBER
;SULAWESI BARAT;MAJENE;PAMBOANG;PESULOANG;6;OKTOBER
;SULAWESI BARAT;MAJENE;PAMBOANG;SIMBANG;5;OKTOBER
;SULAWESI BARAT;MAJENE;PAMBOANG;SIRINDU;7;OKTOBER
;SULAWESI BARAT;MAJENE;PAMBOANG;TINAMBUNG;16;OKTOBER
;SULAWESI BARAT;MAJENE;SENDANA;BANUA SENDANA;11;OKTOBER
;SULAWESI BARAT;MAJENE;SENDANA;BINANGA;6;OKTOBER
;SULAWESI BARAT;MAJENE;SENDANA;BUKIT SAMANG;7;OKTOBER
;SULAWESI BARAT;MAJENE;SENDANA;LALATEDZONG;5;OKTOBER
;SULAWESI BARAT;MAJENE;SENDANA;LEPPANGANG;3;OKTOBER
;SULAWESI BARAT;MAJENE;SENDANA;LIMBORO RAMBU-RAMBU;3;OKTOBER
;SULAWESI BARAT;MAJENE;SENDANA;LIMBUA;11;OKTOBER
;SULAWESI BARAT;MAJENE;SENDANA;MOSSO;19;OKTOBER
;SULAWESI BARAT;MAJENE;SENDANA;MOSSO DHUA;6;OKTOBER
;SULAWESI BARAT;MAJENE;SENDANA;PAMINGGALAN;7;OKTOBER
;SULAWESI BARAT;MAJENE;SENDANA;PUNDAU;11;OKTOBER
;SULAWESI BARAT;MAJENE;SENDANA;PUTTADA;5;OKTOBER
;SULAWESI BARAT;MAJENE;SENDANA;SENDANA;9;OKTOBER
;SULAWESI BARAT;MAJENE;SENDANA;TALLUBANUA;4;OKTOBER
;SULAWESI BARAT;MAJENE;SENDANA;TALLUBANUA UTARA;10;OKTOBER
;SULAWESI BARAT;MAJENE;SENDANA;TOTOLISI SENDANA;15;OKTOBER
;SULAWESI BARAT;MAJENE;TAMMERODO SENDANA;AWO;0;OKTOBER
;SULAWESI BARAT;MAJENE;TAMMERODO SENDANA;MANYAMBA;0;OKTOBER
;SULAWESI BARAT;MAJENE;TAMMERODO SENDANA;SEPPONG;0;OKTOBER
;SULAWESI BARAT;MAJENE;TAMMERODO SENDANA;TALLAMBALAO;0;OKTOBER
;SULAWESI BARAT;MAJENE;TAMMERODO SENDANA;TAMMERODO;0;OKTOBER
;SULAWESI BARAT;MAJENE;TAMMERODO SENDANA;TAMMERODO UTARA;0;OKTOBER
;SULAWESI BARAT;MAJENE;TAMMERODO SENDANA;ULIDANG;0;OKTOBER
;SULAWESI BARAT;MAJENE;TUBO SENDANA;BONDE BONDE;4;OKTOBER
;SULAWESI BARAT;MAJENE;TUBO SENDANA;ONANG;1;OKTOBER
;SULAWESI BARAT;MAJENE;TUBO SENDANA;ONANG UTARA;5;OKTOBER
;SULAWESI BARAT;MAJENE;TUBO SENDANA;TUBO;12;OKTOBER
;SULAWESI BARAT;MAJENE;TUBO SENDANA;TUBO POANG;4;OKTOBER
;SULAWESI BARAT;MAJENE;TUBO SENDANA;TUBO SELATAN;9;OKTOBER
;SULAWESI BARAT;MAJENE;TUBO SENDANA;TUBO TENGAH;7;OKTOBER
;SULAWESI BARAT;MAJENE;ULUMANDA;KABIRAAN;3;OKTOBER
;SULAWESI BARAT;MAJENE;ULUMANDA;PANGGALO;6;OKTOBER
;SULAWESI BARAT;MAJENE;ULUMANDA;POPENGA;5;OKTOBER
;SULAWESI BARAT;MAJENE;ULUMANDA;SALUTAMBUNG;4;OKTOBER
;SULAWESI BARAT;MAJENE;ULUMANDA;SAMBABO;3;OKTOBER
;SULAWESI BARAT;MAJENE;ULUMANDA;SULAI;8;OKTOBER
;SULAWESI BARAT;MAJENE;ULUMANDA;TANDEALLO;0;OKTOBER
;SULAWESI BARAT;MAJENE;ULUMANDA;ULUMANDA;6;OKTOBER
;SULAWESI BARAT;MAMASA;ARALLE;ARALLE;0;OKTOBER
;SULAWESI BARAT;MAMASA;ARALLE;ARALLE SELATAN;0;OKTOBER
;SULAWESI BARAT;MAMASA;ARALLE;ARALLE UTARA;0;OKTOBER
;SULAWESI BARAT;MAMASA;ARALLE;BARURU;0;OKTOBER
;SULAWESI BARAT;MAMASA;ARALLE;HAHANGAN;0;OKTOBER
;SULAWESI BARAT;MAMASA;ARALLE;KALABE;0;OKTOBER
;SULAWESI BARAT;MAMASA;ARALLE;PAMOSEANG PANGGA;0;OKTOBER
;SULAWESI BARAT;MAMASA;ARALLE;PANETEAN;0;OKTOBER
;SULAWESI BARAT;MAMASA;ARALLE;RALLE ANAK;0;OKTOBER
;SULAWESI BARAT;MAMASA;ARALLE;RALLEANAK UTARA;0;OKTOBER
;SULAWESI BARAT;MAMASA;ARALLE;UHAIDAHO;0;OKTOBER
;SULAWESI BARAT;MAMASA;ARALLE;UHAILANU;0;OKTOBER
;SULAWESI BARAT;MAMASA;BALLA;BALLA;2;OKTOBER
;SULAWESI BARAT;MAMASA;BALLA;BALLA BARAT;0;OKTOBER
;SULAWESI BARAT;MAMASA;BALLA;BALLA SATANETEAN;0;OKTOBER
;SULAWESI BARAT;MAMASA;BALLA;BALLA TIMUR;0;OKTOBER
;SULAWESI BARAT;MAMASA;BALLA;BALLA TUMUKA;10;OKTOBER
;SULAWESI BARAT;MAMASA;BALLA;BAMBAPUANG;0;OKTOBER
;SULAWESI BARAT;MAMASA;BALLA;PIDARA;0;OKTOBER
;SULAWESI BARAT;MAMASA;BALLA;SEPAKUAN;7;OKTOBER
;SULAWESI BARAT;MAMASA;BAMBANG;BALATANA;0;OKTOBER
;SULAWESI BARAT;MAMASA;BAMBANG;BAMBANG;0;OKTOBER
;SULAWESI BARAT;MAMASA;BAMBANG;BAMBANG TIMUR;0;OKTOBER
;SULAWESI BARAT;MAMASA;BAMBANG;LIMBADEBATA;0;OKTOBER
;SULAWESI BARAT;MAMASA;BAMBANG;MASOSO;0;OKTOBER
;SULAWESI BARAT;MAMASA;BAMBANG;MINANGA;0;OKTOBER
;SULAWESI BARAT;MAMASA;BAMBANG;MOKALLANG;0;OKTOBER
;SULAWESI BARAT;MAMASA;BAMBANG;RANTELEMO;0;OKTOBER
;SULAWESI BARAT;MAMASA;BAMBANG;RANTETARIMA;0;OKTOBER
;SULAWESI BARAT;MAMASA;BAMBANG;SALUASSING;0;OKTOBER
;SULAWESI BARAT;MAMASA;BAMBANG;SALUBULO;0;OKTOBER
;SULAWESI BARAT;MAMASA;BAMBANG;SALUDENGEN;0;OKTOBER
;SULAWESI BARAT;MAMASA;BAMBANG;SALUKADI;3;OKTOBER
;SULAWESI BARAT;MAMASA;BAMBANG;SALUKEPOPOK;0;OKTOBER
;SULAWESI BARAT;MAMASA;BAMBANG;SALURURU;0;OKTOBER
;SULAWESI BARAT;MAMASA;BAMBANG;SALUTABANG;0;OKTOBER
;SULAWESI BARAT;MAMASA;BAMBANG;SIKAMASE;0;OKTOBER
;SULAWESI BARAT;MAMASA;BAMBANG;TANETE TOMBA;0;OKTOBER
;SULAWESI BARAT;MAMASA;BAMBANG;ULUMAMBI;0;OKTOBER
;SULAWESI BARAT;MAMASA;BAMBANG;ULUMAMBI BARAT;0;OKTOBER
;SULAWESI BARAT;MAMASA;BUNTUMALANGKA;ARALLE TIMUR;0;OKTOBER
;SULAWESI BARAT;MAMASA;BUNTUMALANGKA;BUNTUMALANGKA;0;OKTOBER
;SULAWESI BARAT;MAMASA;BUNTUMALANGKA;KABAE;0;OKTOBER
;SULAWESI BARAT;MAMASA;BUNTUMALANGKA;KEBANGA;0;OKTOBER
;SULAWESI BARAT;MAMASA;BUNTUMALANGKA;PENATANGAN;0;OKTOBER
;SULAWESI BARAT;MAMASA;BUNTUMALANGKA;RANTEBERAN;0;OKTOBER
;SULAWESI BARAT;MAMASA;BUNTUMALANGKA;SALURINDU;0;OKTOBER
;SULAWESI BARAT;MAMASA;BUNTUMALANGKA;SALUTAMBUN;0;OKTOBER
;SULAWESI BARAT;MAMASA;BUNTUMALANGKA;SALUTAMBUN BARAT;0;OKTOBER
;SULAWESI BARAT;MAMASA;BUNTUMALANGKA;SALUTAMBUN TIMUR;0;OKTOBER
;SULAWESI BARAT;MAMASA;BUNTUMALANGKA;TAORA;0;OKTOBER
;SULAWESI BARAT;MAMASA;MAMASA;BOMBONG LAMBE;9;OKTOBER
;SULAWESI BARAT;MAMASA;MAMASA;BUBUN BATU;0;OKTOBER
;SULAWESI BARAT;MAMASA;MAMASA;BUNTU BUDA;9;OKTOBER
;SULAWESI BARAT;MAMASA;MAMASA;LAMBANAN;0;OKTOBER
;SULAWESI BARAT;MAMASA;MAMASA;LEMBANA SALULO;9;OKTOBER
;SULAWESI BARAT;MAMASA;MAMASA;MAMASA;3;OKTOBER
;SULAWESI BARAT;MAMASA;MAMASA;MAMBULILING;0;OKTOBER
;SULAWESI BARAT;MAMASA;MAMASA;OSANGO;0;OKTOBER
;SULAWESI BARAT;MAMASA;MAMASA;PEBASSIAN;0;OKTOBER
;SULAWESI BARAT;MAMASA;MAMASA;RAMBUSARATU;0;OKTOBER
;SULAWESI BARAT;MAMASA;MAMASA;TAUPE;0;OKTOBER
;SULAWESI BARAT;MAMASA;MAMASA;TONDOK BAKARU;0;OKTOBER
;SULAWESI BARAT;MAMASA;MAMBI;BUJUNG MANURUNG;0;OKTOBER
;SULAWESI BARAT;MAMASA;MAMBI;INDOBANUA;0;OKTOBER
;SULAWESI BARAT;MAMASA;MAMBI;MAMBI;0;OKTOBER
;SULAWESI BARAT;MAMASA;MAMBI;PAMOSEAN;0;OKTOBER
;SULAWESI BARAT;MAMASA;MAMBI;RANTEBULAHAN;0;OKTOBER
;SULAWESI BARAT;MAMASA;MAMBI;SALU ALO;0;OKTOBER
;SULAWESI BARAT;MAMASA;MAMBI;SALUBANUA;0;OKTOBER
;SULAWESI BARAT;MAMASA;MAMBI;SALUDURIAN;0;OKTOBER
;SULAWESI BARAT;MAMASA;MAMBI;SELUMAKA;0;OKTOBER
;SULAWESI BARAT;MAMASA;MAMBI;SENDANA;0;OKTOBER
;SULAWESI BARAT;MAMASA;MAMBI;SONDONGLAYU;0;OKTOBER
;SULAWESI BARAT;MAMASA;MAMBI;TALIPUKKI;0;OKTOBER
;SULAWESI BARAT;MAMASA;MAMBI;TAPALINA;0;OKTOBER
;SULAWESI BARAT;MAMASA;MEHALAAN;BOTTENG;0;OKTOBER
;SULAWESI BARAT;MAMASA;MEHALAAN;KONDO;0;OKTOBER
;SULAWESI BARAT;MAMASA;MEHALAAN;LEKO SUKAMAJU;0;OKTOBER
;SULAWESI BARAT;MAMASA;MEHALAAN;MEHALAAN;0;OKTOBER
;SULAWESI BARAT;MAMASA;MEHALAAN;MEHALAAN BARAT;0;OKTOBER
;SULAWESI BARAT;MAMASA;MEHALAAN;MESAKADA;0;OKTOBER
;SULAWESI BARAT;MAMASA;MEHALAAN;PASSEMBUK;0;OKTOBER
;SULAWESI BARAT;MAMASA;MEHALAAN;SALUAHOK;0;OKTOBER
;SULAWESI BARAT;MAMASA;MEHALAAN;SALUBALO;0;OKTOBER
;SULAWESI BARAT;MAMASA;MEHALAAN;SALUKONTA;0;OKTOBER
;SULAWESI BARAT;MAMASA;MEHALAAN;ULUMEA;0;OKTOBER
;SULAWESI BARAT;MAMASA;MESSAWA;MAKUANG;0;OKTOBER
;SULAWESI BARAT;MAMASA;MESSAWA;MALIMBONG;0;OKTOBER
;SULAWESI BARAT;MAMASA;MESSAWA;MATANDE;0;OKTOBER
;SULAWESI BARAT;MAMASA;MESSAWA;MESSAWA;0;OKTOBER
;SULAWESI BARAT;MAMASA;MESSAWA;PASMA MAMBU;0;OKTOBER
;SULAWESI BARAT;MAMASA;MESSAWA;RIPPUNG;0;OKTOBER
;SULAWESI BARAT;MAMASA;MESSAWA;SEPANG;0;OKTOBER
;SULAWESI BARAT;MAMASA;MESSAWA;SIPAI;0;OKTOBER
;SULAWESI BARAT;MAMASA;MESSAWA;TANETE BATU;0;OKTOBER
;SULAWESI BARAT;MAMASA;NOSU;BATUPAPAN;0;OKTOBER
;SULAWESI BARAT;MAMASA;NOSU;MASEWWE;0;OKTOBER
;SULAWESI BARAT;MAMASA;NOSU;MINANGA;0;OKTOBER
;SULAWESI BARAT;MAMASA;NOSU;MINANGA TIMUR;0;OKTOBER
;SULAWESI BARAT;MAMASA;NOSU;NOSU;0;OKTOBER
;SULAWESI BARAT;MAMASA;NOSU;PARINDING;0;OKTOBER
;SULAWESI BARAT;MAMASA;NOSU;SIWI;0;OKTOBER
;SULAWESI BARAT;MAMASA;PANA;DATUBARINGAN;0;OKTOBER
;SULAWESI BARAT;MAMASA;PANA;KARAKA;0;OKTOBER
;SULAWESI BARAT;MAMASA;PANA;MAMULLU;0;OKTOBER
;SULAWESI BARAT;MAMASA;PANA;MANIPI;0;OKTOBER
;SULAWESI BARAT;MAMASA;PANA;PANA;0;OKTOBER
;SULAWESI BARAT;MAMASA;PANA;PANURA;0;OKTOBER
;SULAWESI BARAT;MAMASA;PANA;SALOAN;0;OKTOBER
;SULAWESI BARAT;MAMASA;PANA;SALUTAMBUN;0;OKTOBER
;SULAWESI BARAT;MAMASA;PANA;SAPAN;0;OKTOBER
;SULAWESI BARAT;MAMASA;PANA;TALLANG BULAWAN;0;OKTOBER
;SULAWESI BARAT;MAMASA;PANA;ULUSALU;0;OKTOBER
;SULAWESI BARAT;MAMASA;PANA;ULUSALU INDAH;0;OKTOBER
;SULAWESI BARAT;MAMASA;PANA;WERI;0;OKTOBER
;SULAWESI BARAT;MAMASA;RANTEBULAHAN TIMUR;BAMBANG BUDA;0;OKTOBER
;SULAWESI BARAT;MAMASA;RANTEBULAHAN TIMUR;BUANGIN;0;OKTOBER
;SULAWESI BARAT;MAMASA;RANTEBULAHAN TIMUR;KIRAK;0;OKTOBER
;SULAWESI BARAT;MAMASA;RANTEBULAHAN TIMUR;LEKO;0;OKTOBER
;SULAWESI BARAT;MAMASA;RANTEBULAHAN TIMUR;SALUMOKANAN;6;OKTOBER
;SULAWESI BARAT;MAMASA;RANTEBULAHAN TIMUR;SALUMOKANAN BARAT;0;OKTOBER
;SULAWESI BARAT;MAMASA;RANTEBULAHAN TIMUR;SALUMOKANAN UTARA;0;OKTOBER
;SULAWESI BARAT;MAMASA;RANTEBULAHAN TIMUR;SAMPALE;0;OKTOBER
;SULAWESI BARAT;MAMASA;SESENAPADANG;LISUAN ADA;0;OKTOBER
;SULAWESI BARAT;MAMASA;SESENAPADANG;MALANGKENA PADANG;0;OKTOBER
;SULAWESI BARAT;MAMASA;SESENAPADANG;MALIMBONG;0;OKTOBER
;SULAWESI BARAT;MAMASA;SESENAPADANG;MARAMPAN OROBUA;0;OKTOBER
;SULAWESI BARAT;MAMASA;SESENAPADANG;OROBUA;0;OKTOBER
;SULAWESI BARAT;MAMASA;SESENAPADANG;OROBUA SELATAN;0;OKTOBER
;SULAWESI BARAT;MAMASA;SESENAPADANG;OROBUA TIMUR;0;OKTOBER
;SULAWESI BARAT;MAMASA;SESENAPADANG;PALADAN;0;OKTOBER
;SULAWESI BARAT;MAMASA;SESENAPADANG;RANTE PUANG;0;OKTOBER
;SULAWESI BARAT;MAMASA;SESENAPADANG;SATENETEAN;0;OKTOBER
;SULAWESI BARAT;MAMASA;SUMARORONG;BANEA;0;OKTOBER
;SULAWESI BARAT;MAMASA;SUMARORONG;BATANG URU;0;OKTOBER
;SULAWESI BARAT;MAMASA;SUMARORONG;BATANGNGURU TIMUR;0;OKTOBER
;SULAWESI BARAT;MAMASA;SUMARORONG;RANTE KAMASE;0;OKTOBER
;SULAWESI BARAT;MAMASA;SUMARORONG;SALUBALO;0;OKTOBER
;SULAWESI BARAT;MAMASA;SUMARORONG;SASAKAN;0;OKTOBER
;SULAWESI BARAT;MAMASA;SUMARORONG;SIBANAWA;0;OKTOBER
;SULAWESI BARAT;MAMASA;SUMARORONG;SUMARORONG;0;OKTOBER
;SULAWESI BARAT;MAMASA;SUMARORONG;TABONE;0;OKTOBER
;SULAWESI BARAT;MAMASA;SUMARORONG;TADISI;0;OKTOBER
;SULAWESI BARAT;MAMASA;TABANG;BAKADISURA;0;OKTOBER
;SULAWESI BARAT;MAMASA;TABANG;KALAMA;0;OKTOBER
;SULAWESI BARAT;MAMASA;TABANG;MASUPU;0;OKTOBER
;SULAWESI BARAT;MAMASA;TABANG;SALUKONA;0;OKTOBER
;SULAWESI BARAT;MAMASA;TABANG;TABANG;0;OKTOBER
;SULAWESI BARAT;MAMASA;TABANG;TABANG BARAT;0;OKTOBER
;SULAWESI BARAT;MAMASA;TABANG;TADOKALUA;0;OKTOBER
;SULAWESI BARAT;MAMASA;TABULAHAN;BURANA;0;OKTOBER
;SULAWESI BARAT;MAMASA;TABULAHAN;GANDANG DEWATA;0;OKTOBER
;SULAWESI BARAT;MAMASA;TABULAHAN;LAKAHANG;0;OKTOBER
;SULAWESI BARAT;MAMASA;TABULAHAN;LAKAHANG UTAMA;0;OKTOBER
;SULAWESI BARAT;MAMASA;TABULAHAN;MALATIRO;0;OKTOBER
;SULAWESI BARAT;MAMASA;TABULAHAN;PANGANDARAN;0;OKTOBER
;SULAWESI BARAT;MAMASA;TABULAHAN;PERIANGAN;0;OKTOBER
;SULAWESI BARAT;MAMASA;TABULAHAN;PEU';0;OKTOBER
;SULAWESI BARAT;MAMASA;TABULAHAN;SALUBAKKA;0;OKTOBER
;SULAWESI BARAT;MAMASA;TABULAHAN;SALULEANG;0;OKTOBER
;SULAWESI BARAT;MAMASA;TABULAHAN;TABULAHAN;0;OKTOBER
;SULAWESI BARAT;MAMASA;TABULAHAN;TALOPAK;0;OKTOBER
;SULAWESI BARAT;MAMASA;TABULAHAN;TAMPAK KURRA;0;OKTOBER
;SULAWESI BARAT;MAMASA;TABULAHAN;TIMORO;0;OKTOBER
;SULAWESI BARAT;MAMASA;TANDUK KALUA;BALLABATU;0;OKTOBER
;SULAWESI BARAT;MAMASA;TANDUK KALUA;KANAN;0;OKTOBER
;SULAWESI BARAT;MAMASA;TANDUK KALUA;MALABO;0;OKTOBER
;SULAWESI BARAT;MAMASA;TANDUK KALUA;MANNABABA;0;OKTOBER
;SULAWESI BARAT;MAMASA;TANDUK KALUA;MESAKADA;0;OKTOBER
;SULAWESI BARAT;MAMASA;TANDUK KALUA;MINAKE;0;OKTOBER
;SULAWESI BARAT;MAMASA;TANDUK KALUA;PAMBE;0;OKTOBER
;SULAWESI BARAT;MAMASA;TANDUK KALUA;PARONDOBULAWAN;0;OKTOBER
;SULAWESI BARAT;MAMASA;TANDUK KALUA;SALURANO;0;OKTOBER
;SULAWESI BARAT;MAMASA;TANDUK KALUA;SINDAGAMANIK;0;OKTOBER
;SULAWESI BARAT;MAMASA;TANDUK KALUA;TALIMBUNG;0;OKTOBER
;SULAWESI BARAT;MAMASA;TANDUK KALUA;TAMALANTIK;0;OKTOBER
;SULAWESI BARAT;MAMASA;TAWALIAN;KARIANGO;0;OKTOBER
;SULAWESI BARAT;MAMASA;TAWALIAN;RANTETANGNGA;7;OKTOBER
;SULAWESI BARAT;MAMASA;TAWALIAN;TAWALIAN;0;OKTOBER
;SULAWESI BARAT;MAMASA;TAWALIAN;TAWALIAN TIMUR;0;OKTOBER
;SULAWESI BARAT;MAMUJU;BONEHAU;BANUADA;0;OKTOBER
;SULAWESI BARAT;MAMUJU;BONEHAU;BONEHAU;0;OKTOBER
;SULAWESI BARAT;MAMUJU;BONEHAU;BUTTUADA;0;OKTOBER
;SULAWESI BARAT;MAMUJU;BONEHAU;HINUA;6;OKTOBER
;SULAWESI BARAT;MAMUJU;BONEHAU;KINATANG;3;OKTOBER
;SULAWESI BARAT;MAMUJU;BONEHAU;LUMIKA;0;OKTOBER
;SULAWESI BARAT;MAMUJU;BONEHAU;MAPPU;0;OKTOBER
;SULAWESI BARAT;MAMUJU;BONEHAU;SALUTIWO;1;OKTOBER
;SULAWESI BARAT;MAMUJU;BONEHAU;TAMALEA;0;OKTOBER
;SULAWESI BARAT;MAMUJU;KALUKKU;BEBANGA;0;OKTOBER
;SULAWESI BARAT;MAMUJU;KALUKKU;BELANG BELANG;11;OKTOBER
;SULAWESI BARAT;MAMUJU;KALUKKU;BERU-BERU;0;OKTOBER
;SULAWESI BARAT;MAMUJU;KALUKKU;GULILING;0;OKTOBER
;SULAWESI BARAT;MAMUJU;KALUKKU;KABULOANG;4;OKTOBER
;SULAWESI BARAT;MAMUJU;KALUKKU;KALUKKU;0;OKTOBER
;SULAWESI BARAT;MAMUJU;KALUKKU;KALUKKU BARAT;0;OKTOBER
;SULAWESI BARAT;MAMUJU;KALUKKU;KEANG;0;OKTOBER
;SULAWESI BARAT;MAMUJU;KALUKKU;PAMMULUKANG;4;OKTOBER
;SULAWESI BARAT;MAMUJU;KALUKKU;POKKANG;0;OKTOBER
;SULAWESI BARAT;MAMUJU;KALUKKU;SINYONYOI;0;OKTOBER
;SULAWESI BARAT;MAMUJU;KALUKKU;SINYONYOI SELATAN;0;OKTOBER
;SULAWESI BARAT;MAMUJU;KALUKKU;SONDOANG;0;OKTOBER
;SULAWESI BARAT;MAMUJU;KALUKKU;UHAIMATE;0;OKTOBER
;SULAWESI BARAT;MAMUJU;KALUMPANG;BATU MAKKADA;0;OKTOBER
;SULAWESI BARAT;MAMUJU;KALUMPANG;KALUMPANG;0;OKTOBER
;SULAWESI BARAT;MAMUJU;KALUMPANG;KARAMA;0;OKTOBER
;SULAWESI BARAT;MAMUJU;KALUMPANG;KARATAUN;0;OKTOBER
;SULAWESI BARAT;MAMUJU;KALUMPANG;KONDO BULO;0;OKTOBER
;SULAWESI BARAT;MAMUJU;KALUMPANG;LASA';0;OKTOBER
;SULAWESI BARAT;MAMUJU;KALUMPANG;LIMBONG;0;OKTOBER
;SULAWESI BARAT;MAMUJU;KALUMPANG;MAKKALIKI;0;OKTOBER
;SULAWESI BARAT;MAMUJU;KALUMPANG;POLIO;0;OKTOBER
;SULAWESI BARAT;MAMUJU;KALUMPANG;SALUMAKKI;0;OKTOBER
;SULAWESI BARAT;MAMUJU;KALUMPANG;SANDAPANG;0;OKTOBER
;SULAWESI BARAT;MAMUJU;KALUMPANG;SIRAUN;0;OKTOBER
;SULAWESI BARAT;MAMUJU;KALUMPANG;TUMOGA;0;OKTOBER
;SULAWESI BARAT;MAMUJU;KEP. BALA BALAKANG;BALA BALAKANG;0;OKTOBER
;SULAWESI BARAT;MAMUJU;KEP. BALA BALAKANG;BALA-BALAKANG TIMUR;0;OKTOBER
;SULAWESI BARAT;MAMUJU;MAMUJU;BAMBU;0;OKTOBER
;SULAWESI BARAT;MAMUJU;MAMUJU;BATU PANNU;0;OKTOBER
;SULAWESI BARAT;MAMUJU;MAMUJU;BINANGA;0;OKTOBER
;SULAWESI BARAT;MAMUJU;MAMUJU;KARAMPUANG;0;OKTOBER
;SULAWESI BARAT;MAMUJU;MAMUJU;KAREMA;0;OKTOBER
;SULAWESI BARAT;MAMUJU;MAMUJU;MAMUNYU;0;OKTOBER
;SULAWESI BARAT;MAMUJU;MAMUJU;RIMUKU;0;OKTOBER
;SULAWESI BARAT;MAMUJU;MAMUJU;TADUI;17;OKTOBER
;SULAWESI BARAT;MAMUJU;PAPALANG;BATU AMPA;0;OKTOBER
;SULAWESI BARAT;MAMUJU;PAPALANG;BODA-BODA;0;OKTOBER
;SULAWESI BARAT;MAMUJU;PAPALANG;BONDA;0;OKTOBER
;SULAWESI BARAT;MAMUJU;PAPALANG;PAPALANG;0;OKTOBER
;SULAWESI BARAT;MAMUJU;PAPALANG;SALUKAYU;10;OKTOBER
;SULAWESI BARAT;MAMUJU;PAPALANG;SISANGO;3;OKTOBER
;SULAWESI BARAT;MAMUJU;PAPALANG;SUKADAMAI;9;OKTOBER
;SULAWESI BARAT;MAMUJU;PAPALANG;TOABO;0;OKTOBER
;SULAWESI BARAT;MAMUJU;PAPALANG;TOPORE;0;OKTOBER
;SULAWESI BARAT;MAMUJU;SAMPAGA;BUNDE;0;OKTOBER
;SULAWESI BARAT;MAMUJU;SAMPAGA;KALONDING;0;OKTOBER
;SULAWESI BARAT;MAMUJU;SAMPAGA;LOSSO;0;OKTOBER
;SULAWESI BARAT;MAMUJU;SAMPAGA;SALUBARANA;14;OKTOBER
;SULAWESI BARAT;MAMUJU;SAMPAGA;SAMPAGA;0;OKTOBER
;SULAWESI BARAT;MAMUJU;SAMPAGA;TANAMBUAH;9;OKTOBER
;SULAWESI BARAT;MAMUJU;SAMPAGA;TARAILU;0;OKTOBER
;SULAWESI BARAT;MAMUJU;SIMBORO;BOTTENG;3;OKTOBER
;SULAWESI BARAT;MAMUJU;SIMBORO;BOTTENG UTARA;5;OKTOBER
;SULAWESI BARAT;MAMUJU;SIMBORO;PATI'DI;7;OKTOBER
;SULAWESI BARAT;MAMUJU;SIMBORO;RANGAS;9;OKTOBER
;SULAWESI BARAT;MAMUJU;SIMBORO;SALETTO;8;OKTOBER
;SULAWESI BARAT;MAMUJU;SIMBORO;SIMBORO;21;OKTOBER
;SULAWESI BARAT;MAMUJU;SIMBORO;SUMARE;0;OKTOBER
;SULAWESI BARAT;MAMUJU;SIMBORO;TAPANDULLU;0;OKTOBER
;SULAWESI BARAT;MAMUJU;TAPALANG;BELA;0;OKTOBER
;SULAWESI BARAT;MAMUJU;TAPALANG;DAYANGINNA;0;OKTOBER
;SULAWESI BARAT;MAMUJU;TAPALANG;GALUNG;10;OKTOBER
;SULAWESI BARAT;MAMUJU;TAPALANG;KASAMBANG;6;OKTOBER
;SULAWESI BARAT;MAMUJU;TAPALANG;KOPEANG;0;OKTOBER
;SULAWESI BARAT;MAMUJU;TAPALANG;OROBATU;0;OKTOBER
;SULAWESI BARAT;MAMUJU;TAPALANG;RANTEDODA;0;OKTOBER
;SULAWESI BARAT;MAMUJU;TAPALANG;TAAN;0;OKTOBER
;SULAWESI BARAT;MAMUJU;TAPALANG;TAKANDEANG;8;OKTOBER
;SULAWESI BARAT;MAMUJU;TAPALANG;TAMPALANG;0;OKTOBER
;SULAWESI BARAT;MAMUJU;TAPALANG BARAT;AHU;3;OKTOBER
;SULAWESI BARAT;MAMUJU;TAPALANG BARAT;DUNGKAIT;0;OKTOBER
;SULAWESI BARAT;MAMUJU;TAPALANG BARAT;LABUANG RANO;0;OKTOBER
;SULAWESI BARAT;MAMUJU;TAPALANG BARAT;LEBANI;0;OKTOBER
;SULAWESI BARAT;MAMUJU;TAPALANG BARAT;PANGASAAN;1;OKTOBER
;SULAWESI BARAT;MAMUJU;TAPALANG BARAT;PASABU;3;OKTOBER
;SULAWESI BARAT;MAMUJU;TAPALANG BARAT;TANETE PAO;0;OKTOBER
;SULAWESI BARAT;MAMUJU;TOMMO;BUANA SAKTI;2;OKTOBER
;SULAWESI BARAT;MAMUJU;TOMMO;CAMPALOGA;0;OKTOBER
;SULAWESI BARAT;MAMUJU;TOMMO;KAKULLASANG;5;OKTOBER
;SULAWESI BARAT;MAMUJU;TOMMO;KALEPU;0;OKTOBER
;SULAWESI BARAT;MAMUJU;TOMMO;LELING;0;OKTOBER
;SULAWESI BARAT;MAMUJU;TOMMO;LELING BARAT;0;OKTOBER
;SULAWESI BARAT;MAMUJU;TOMMO;LELING UTARA;0;OKTOBER
;SULAWESI BARAT;MAMUJU;TOMMO;MALINO;3;OKTOBER
;SULAWESI BARAT;MAMUJU;TOMMO;RANTEMARIO;4;OKTOBER
;SULAWESI BARAT;MAMUJU;TOMMO;SALUDENGEN;0;OKTOBER
;SULAWESI BARAT;MAMUJU;TOMMO;SANDANA;0;OKTOBER
;SULAWESI BARAT;MAMUJU;TOMMO;TAMEJARRA;1;OKTOBER
;SULAWESI BARAT;MAMUJU;TOMMO;TAMEMONGGA;0;OKTOBER
;SULAWESI BARAT;MAMUJU;TOMMO;TOMMO;0;OKTOBER
;SULAWESI BARAT;MAMUJU TENGAH;BUDONG-BUDONG;BABANA;0;OKTOBER
;SULAWESI BARAT;MAMUJU TENGAH;BUDONG-BUDONG;BARAKKANG;0;OKTOBER
;SULAWESI BARAT;MAMUJU TENGAH;BUDONG-BUDONG;BOJO;0;OKTOBER
;SULAWESI BARAT;MAMUJU TENGAH;BUDONG-BUDONG;KIRE;0;OKTOBER
;SULAWESI BARAT;MAMUJU TENGAH;BUDONG-BUDONG;LEMBAH HADA;2;OKTOBER
;SULAWESI BARAT;MAMUJU TENGAH;BUDONG-BUDONG;LUMU;0;OKTOBER
;SULAWESI BARAT;MAMUJU TENGAH;BUDONG-BUDONG;PASAPA;0;OKTOBER
;SULAWESI BARAT;MAMUJU TENGAH;BUDONG-BUDONG;PONTANAKAYANG;0;OKTOBER
;SULAWESI BARAT;MAMUJU TENGAH;BUDONG-BUDONG;SALOGATTA;0;OKTOBER
;SULAWESI BARAT;MAMUJU TENGAH;BUDONG-BUDONG;SALUMANURUNG;0;OKTOBER
;SULAWESI BARAT;MAMUJU TENGAH;BUDONG-BUDONG;TINALI;0;OKTOBER
;SULAWESI BARAT;MAMUJU TENGAH;KAROSSA;BENGGAULU;1;OKTOBER
;SULAWESI BARAT;MAMUJU TENGAH;KAROSSA;KADAILA;0;OKTOBER
;SULAWESI BARAT;MAMUJU TENGAH;KAROSSA;KAMBUNONG;0;OKTOBER
;SULAWESI BARAT;MAMUJU TENGAH;KAROSSA;KAROSSA;0;OKTOBER
;SULAWESI BARAT;MAMUJU TENGAH;KAROSSA;KAYU CALLA;2;OKTOBER
;SULAWESI BARAT;MAMUJU TENGAH;KAROSSA;LARA;0;OKTOBER
;SULAWESI BARAT;MAMUJU TENGAH;KAROSSA;LEMBAH HOPO;10;OKTOBER
;SULAWESI BARAT;MAMUJU TENGAH;KAROSSA;SALUBIRO;0;OKTOBER
;SULAWESI BARAT;MAMUJU TENGAH;KAROSSA;SANJANGO;0;OKTOBER
;SULAWESI BARAT;MAMUJU TENGAH;KAROSSA;SUKA MAJU;0;OKTOBER
;SULAWESI BARAT;MAMUJU TENGAH;KAROSSA;TASOKKO;0;OKTOBER
;SULAWESI BARAT;MAMUJU TENGAH;PANGALE;KOMBILING;0;OKTOBER
;SULAWESI BARAT;MAMUJU TENGAH;PANGALE;KUO;0;OKTOBER
;SULAWESI BARAT;MAMUJU TENGAH;PANGALE;LAMBA-LAMBA;0;OKTOBER
;SULAWESI BARAT;MAMUJU TENGAH;PANGALE;LEMO-LEMO;0;OKTOBER
;SULAWESI BARAT;MAMUJU TENGAH;PANGALE;PANGALE;0;OKTOBER
;SULAWESI BARAT;MAMUJU TENGAH;PANGALE;POLO CAMBA;0;OKTOBER
;SULAWESI BARAT;MAMUJU TENGAH;PANGALE;POLO LERENG;0;OKTOBER
;SULAWESI BARAT;MAMUJU TENGAH;PANGALE;POLO PANGALE;0;OKTOBER
;SULAWESI BARAT;MAMUJU TENGAH;PANGALE;SARTANAMAJU;0;OKTOBER
;SULAWESI BARAT;MAMUJU TENGAH;TOBADAK;BAMBADARU;24;OKTOBER
;SULAWESI BARAT;MAMUJU TENGAH;TOBADAK;BATU PARIGI;8;OKTOBER
;SULAWESI BARAT;MAMUJU TENGAH;TOBADAK;MAHAHE;11;OKTOBER
;SULAWESI BARAT;MAMUJU TENGAH;TOBADAK;PALONGAAN;17;OKTOBER
;SULAWESI BARAT;MAMUJU TENGAH;TOBADAK;SALOADAK;0;OKTOBER
;SULAWESI BARAT;MAMUJU TENGAH;TOBADAK;SALOBAJA;28;OKTOBER
;SULAWESI BARAT;MAMUJU TENGAH;TOBADAK;SEJATI;6;OKTOBER
;SULAWESI BARAT;MAMUJU TENGAH;TOBADAK;TOBADAK;4;OKTOBER
;SULAWESI BARAT;MAMUJU TENGAH;TOPOYO;BAMBAMANURUNG;3;OKTOBER
;SULAWESI BARAT;MAMUJU TENGAH;TOPOYO;BUDONG-BUDONG;11;OKTOBER
;SULAWESI BARAT;MAMUJU TENGAH;TOPOYO;KABUBU;5;OKTOBER
;SULAWESI BARAT;MAMUJU TENGAH;TOPOYO;PANGALLOANG;2;OKTOBER
;SULAWESI BARAT;MAMUJU TENGAH;TOPOYO;PARAILI;0;OKTOBER
;SULAWESI BARAT;MAMUJU TENGAH;TOPOYO;SALULEKBO;0;OKTOBER
;SULAWESI BARAT;MAMUJU TENGAH;TOPOYO;SALUPANGKANG;0;OKTOBER
;SULAWESI BARAT;MAMUJU TENGAH;TOPOYO;SALUPANGKANG IV;2;OKTOBER
;SULAWESI BARAT;MAMUJU TENGAH;TOPOYO;SINABATTA;47;OKTOBER
;SULAWESI BARAT;MAMUJU TENGAH;TOPOYO;TABOLANG;10;OKTOBER
;SULAWESI BARAT;MAMUJU TENGAH;TOPOYO;TANGKOU;3;OKTOBER
;SULAWESI BARAT;MAMUJU TENGAH;TOPOYO;TAPPILINA;9;OKTOBER
;SULAWESI BARAT;MAMUJU TENGAH;TOPOYO;TOPOYO;24;OKTOBER
;SULAWESI BARAT;MAMUJU TENGAH;TOPOYO;TUMBU;38;OKTOBER
;SULAWESI BARAT;MAMUJU TENGAH;TOPOYO;WAEPUTEH;0;OKTOBER
;SULAWESI BARAT;PASANGKAYU;BAMBAIRA;BAMBAIRA;7;OKTOBER
;SULAWESI BARAT;PASANGKAYU;BAMBAIRA;KALUKU NANGKA;5;OKTOBER
;SULAWESI BARAT;PASANGKAYU;BAMBAIRA;KASOLOANG;0;OKTOBER
;SULAWESI BARAT;PASANGKAYU;BAMBAIRA;TAMPAURE;0;OKTOBER
;SULAWESI BARAT;PASANGKAYU;BAMBALAMOTU;BAMBALAMOTU;1;OKTOBER
;SULAWESI BARAT;PASANGKAYU;BAMBALAMOTU;KALOLA;0;OKTOBER
;SULAWESI BARAT;PASANGKAYU;BAMBALAMOTU;PANGIANG;0;OKTOBER
;SULAWESI BARAT;PASANGKAYU;BAMBALAMOTU;POLEWALI;1;OKTOBER
;SULAWESI BARAT;PASANGKAYU;BAMBALAMOTU;RANDOMAYANG;8;OKTOBER
;SULAWESI BARAT;PASANGKAYU;BAMBALAMOTU;WULAI;0;OKTOBER
;SULAWESI BARAT;PASANGKAYU;BARAS;BALANTI;36;OKTOBER
;SULAWESI BARAT;PASANGKAYU;BARAS;BARAS;1;OKTOBER
;SULAWESI BARAT;PASANGKAYU;BARAS;BULU PARIGI;0;OKTOBER
;SULAWESI BARAT;PASANGKAYU;BARAS;KASANO;0;OKTOBER
;SULAWESI BARAT;PASANGKAYU;BARAS;MOTU;0;OKTOBER
;SULAWESI BARAT;PASANGKAYU;BARAS;TOWONI;0;OKTOBER
;SULAWESI BARAT;PASANGKAYU;BULU TABA;BUKIT HARAPAN;0;OKTOBER
;SULAWESI BARAT;PASANGKAYU;BULU TABA;KARAVE;0;OKTOBER
;SULAWESI BARAT;PASANGKAYU;BULU TABA;KASTABUANA;0;OKTOBER
;SULAWESI BARAT;PASANGKAYU;BULU TABA;LELEJAE;4;OKTOBER
;SULAWESI BARAT;PASANGKAYU;BULU TABA;LILIMORI;0;OKTOBER
;SULAWESI BARAT;PASANGKAYU;BULU TABA;OMPI;0;OKTOBER
;SULAWESI BARAT;PASANGKAYU;BULU TABA;SUMBER SARI;0;OKTOBER
;SULAWESI BARAT;PASANGKAYU;DAPURANG;BENGGAULU;0;OKTOBER
;SULAWESI BARAT;PASANGKAYU;DAPURANG;BULU BONGGU;0;OKTOBER
;SULAWESI BARAT;PASANGKAYU;DAPURANG;DAPURANG;6;OKTOBER
;SULAWESI BARAT;PASANGKAYU;DAPURANG;SARASA;0;OKTOBER
;SULAWESI BARAT;PASANGKAYU;DAPURANG;TIRTABUANA;0;OKTOBER
;SULAWESI BARAT;PASANGKAYU;DURIPOKU;SAPTANAJAYA;5;OKTOBER
;SULAWESI BARAT;PASANGKAYU;DURIPOKU;SIPAKAINGA;0;OKTOBER
;SULAWESI BARAT;PASANGKAYU;DURIPOKU;TAMMARUNANG;4;OKTOBER
;SULAWESI BARAT;PASANGKAYU;DURIPOKU;TARANGGI;7;OKTOBER
;SULAWESI BARAT;PASANGKAYU;LARIANG;BAJAWALI;0;OKTOBER
;SULAWESI BARAT;PASANGKAYU;LARIANG;BAMBAKORO;4;OKTOBER
;SULAWESI BARAT;PASANGKAYU;LARIANG;BATU MATORU;2;OKTOBER
;SULAWESI BARAT;PASANGKAYU;LARIANG;KENANGAN;4;OKTOBER
;SULAWESI BARAT;PASANGKAYU;LARIANG;KULU;3;OKTOBER
;SULAWESI BARAT;PASANGKAYU;LARIANG;PARABU;2;OKTOBER
;SULAWESI BARAT;PASANGKAYU;LARIANG;SINGGANI;5;OKTOBER
;SULAWESI BARAT;PASANGKAYU;PASANGKAYU;AKO;0;OKTOBER
;SULAWESI BARAT;PASANGKAYU;PASANGKAYU;GUNUNG SARI;0;OKTOBER
;SULAWESI BARAT;PASANGKAYU;PASANGKAYU;KARYA BERSAMA;4;OKTOBER
;SULAWESI BARAT;PASANGKAYU;PASANGKAYU;MARTAJAYA;0;OKTOBER
;SULAWESI BARAT;PASANGKAYU;PASANGKAYU;PAKAVA;0;OKTOBER
;SULAWESI BARAT;PASANGKAYU;PASANGKAYU;PASANGKAYU;0;OKTOBER
;SULAWESI BARAT;PASANGKAYU;PEDONGGA;BATU OGE;0;OKTOBER
;SULAWESI BARAT;PASANGKAYU;PEDONGGA;MALEI;1;OKTOBER
;SULAWESI BARAT;PASANGKAYU;PEDONGGA;MARTASARI;0;OKTOBER
;SULAWESI BARAT;PASANGKAYU;PEDONGGA;PEDANDA;5;OKTOBER
;SULAWESI BARAT;PASANGKAYU;SARJO;LETAWA;0;OKTOBER
;SULAWESI BARAT;PASANGKAYU;SARJO;MAPONU;0;OKTOBER
;SULAWESI BARAT;PASANGKAYU;SARJO;SARJO;0;OKTOBER
;SULAWESI BARAT;PASANGKAYU;SARJO;SARUDE;0;OKTOBER
;SULAWESI BARAT;PASANGKAYU;SARUDU;BULU MARIO;9;OKTOBER
;SULAWESI BARAT;PASANGKAYU;SARUDU;DODA;0;OKTOBER
;SULAWESI BARAT;PASANGKAYU;SARUDU;KUMASARI;0;OKTOBER
;SULAWESI BARAT;PASANGKAYU;SARUDU;PATIKA;0;OKTOBER
;SULAWESI BARAT;PASANGKAYU;SARUDU;SARUDU;0;OKTOBER
;SULAWESI BARAT;PASANGKAYU;TIKKE RAYA;JENGENG RAYA;13;OKTOBER
;SULAWESI BARAT;PASANGKAYU;TIKKE RAYA;LARIANG;8;OKTOBER
;SULAWESI BARAT;PASANGKAYU;TIKKE RAYA;MAKMUR JAYA;7;OKTOBER
;SULAWESI BARAT;PASANGKAYU;TIKKE RAYA;PAJALELE;4;OKTOBER
;SULAWESI BARAT;PASANGKAYU;TIKKE RAYA;TIKKE;8;OKTOBER
;SULAWESI BARAT;POLEWALI MANDAR;ALLU;ALU;11;OKTOBER
;SULAWESI BARAT;POLEWALI MANDAR;ALLU;KALUMAMMANG;5;OKTOBER
;SULAWESI BARAT;POLEWALI MANDAR;ALLU;MOMBI;21;OKTOBER
;SULAWESI BARAT;POLEWALI MANDAR;ALLU;PAO-PAO;9;OKTOBER
;SULAWESI BARAT;POLEWALI MANDAR;ALLU;PETOOSANG;5;OKTOBER
;SULAWESI BARAT;POLEWALI MANDAR;ALLU;PUPPU URING;2;OKTOBER
;SULAWESI BARAT;POLEWALI MANDAR;ALLU;SARAGIAN;8;OKTOBER
;SULAWESI BARAT;POLEWALI MANDAR;ALLU;SAYOANG;6;OKTOBER
;SULAWESI BARAT;POLEWALI MANDAR;ANREAPI;ANREAPI;5;OKTOBER
;SULAWESI BARAT;POLEWALI MANDAR;ANREAPI;DUAMPANUA;13;OKTOBER
;SULAWESI BARAT;POLEWALI MANDAR;ANREAPI;KELAPA DUA;16;OKTOBER
;SULAWESI BARAT;POLEWALI MANDAR;ANREAPI;KUNYI;19;OKTOBER
;SULAWESI BARAT;POLEWALI MANDAR;ANREAPI;PAPANDANGAN;0;OKTOBER
;SULAWESI BARAT;POLEWALI MANDAR;BALANIPA;BALA;1;OKTOBER
;SULAWESI BARAT;POLEWALI MANDAR;BALANIPA;BALANIPA;14;OKTOBER
;SULAWESI BARAT;POLEWALI MANDAR;BALANIPA;GALUNG TULUK;0;OKTOBER
;SULAWESI BARAT;POLEWALI MANDAR;BALANIPA;LAMBANAN;1;OKTOBER
;SULAWESI BARAT;POLEWALI MANDAR;BALANIPA;LEGO;3;OKTOBER
;SULAWESI BARAT;POLEWALI MANDAR;BALANIPA;MOSSO;0;OKTOBER
;SULAWESI BARAT;POLEWALI MANDAR;BALANIPA;PALLIS;2;OKTOBER
;SULAWESI BARAT;POLEWALI MANDAR;BALANIPA;PAMBUSUANG;15;OKTOBER
;SULAWESI BARAT;POLEWALI MANDAR;BALANIPA;SABANG SUBIK;15;OKTOBER
;SULAWESI BARAT;POLEWALI MANDAR;BALANIPA;TAMANGGALLE;0;OKTOBER
;SULAWESI BARAT;POLEWALI MANDAR;BALANIPA;TAMMAJARRA;6;OKTOBER
;SULAWESI BARAT;POLEWALI MANDAR;BINUANG;AMASSANGAN;9;OKTOBER
;SULAWESI BARAT;POLEWALI MANDAR;BINUANG;AMOLA;6;OKTOBER
;SULAWESI BARAT;POLEWALI MANDAR;BINUANG;BATETANGNGA;40;OKTOBER
;SULAWESI BARAT;POLEWALI MANDAR;BINUANG;KALEOK;5;OKTOBER
;SULAWESI BARAT;POLEWALI MANDAR;BINUANG;KUAJANG;53;OKTOBER
;SULAWESI BARAT;POLEWALI MANDAR;BINUANG;MAMMI;6;OKTOBER
;SULAWESI BARAT;POLEWALI MANDAR;BINUANG;MIRRING;4;OKTOBER
;SULAWESI BARAT;POLEWALI MANDAR;BINUANG;PAKU;6;OKTOBER
;SULAWESI BARAT;POLEWALI MANDAR;BINUANG;REA;11;OKTOBER
;SULAWESI BARAT;POLEWALI MANDAR;BINUANG;TONYAMAN;8;OKTOBER
;SULAWESI BARAT;POLEWALI MANDAR;BULO;BULO;1;OKTOBER
;SULAWESI BARAT;POLEWALI MANDAR;BULO;DAALA TIMUR;2;OKTOBER
;SULAWESI BARAT;POLEWALI MANDAR;BULO;IHING;4;OKTOBER
;SULAWESI BARAT;POLEWALI MANDAR;BULO;KAROMBANG;0;OKTOBER
;SULAWESI BARAT;POLEWALI MANDAR;BULO;LENGGO;0;OKTOBER
;SULAWESI BARAT;POLEWALI MANDAR;BULO;PATAMBANUA;0;OKTOBER
;SULAWESI BARAT;POLEWALI MANDAR;BULO;PULLIWA;0;OKTOBER
;SULAWESI BARAT;POLEWALI MANDAR;BULO;SABURA;0;OKTOBER
;SULAWESI BARAT;POLEWALI MANDAR;BULO;SEPPORRAKI;2;OKTOBER
;SULAWESI BARAT;POLEWALI MANDAR;CAMPALAGIAN;BONDE;1;OKTOBER
;SULAWESI BARAT;POLEWALI MANDAR;CAMPALAGIAN;BOTTO;10;OKTOBER
;SULAWESI BARAT;POLEWALI MANDAR;CAMPALAGIAN;GATTUNGAN;11;OKTOBER
;SULAWESI BARAT;POLEWALI MANDAR;CAMPALAGIAN;KATUMBANGAN;3;OKTOBER
;SULAWESI BARAT;POLEWALI MANDAR;CAMPALAGIAN;KATUMBANGAN LEMO;3;OKTOBER
;SULAWESI BARAT;POLEWALI MANDAR;CAMPALAGIAN;KENJE;12;OKTOBER
;SULAWESI BARAT;POLEWALI MANDAR;CAMPALAGIAN;LAGI-AGI;2;OKTOBER
;SULAWESI BARAT;POLEWALI MANDAR;CAMPALAGIAN;LALIKO;0;OKTOBER
;SULAWESI BARAT;POLEWALI MANDAR;CAMPALAGIAN;LAMPOKO;8;OKTOBER
;SULAWESI BARAT;POLEWALI MANDAR;CAMPALAGIAN;LAPEO;28;OKTOBER
;SULAWESI BARAT;POLEWALI MANDAR;CAMPALAGIAN;ONGKO;0;OKTOBER
;SULAWESI BARAT;POLEWALI MANDAR;CAMPALAGIAN;PADANG;0;OKTOBER
;SULAWESI BARAT;POLEWALI MANDAR;CAMPALAGIAN;PADANG TIMUR;15;OKTOBER
;SULAWESI BARAT;POLEWALI MANDAR;CAMPALAGIAN;PANYAMPA;0;OKTOBER
;SULAWESI BARAT;POLEWALI MANDAR;CAMPALAGIAN;PAPPANG;72;OKTOBER
;SULAWESI BARAT;POLEWALI MANDAR;CAMPALAGIAN;PARAPPE;19;OKTOBER
;SULAWESI BARAT;POLEWALI MANDAR;CAMPALAGIAN;SUMARRANG;0;OKTOBER
;SULAWESI BARAT;POLEWALI MANDAR;CAMPALAGIAN;SURUANG;12;OKTOBER
;SULAWESI BARAT;POLEWALI MANDAR;LIMBORO;LEMBANG LEMBANG;20;OKTOBER
;SULAWESI BARAT;POLEWALI MANDAR;LIMBORO;LIMBORO;15;OKTOBER
;SULAWESI BARAT;POLEWALI MANDAR;LIMBORO;NAPO;14;OKTOBER
;SULAWESI BARAT;POLEWALI MANDAR;LIMBORO;PALECE;11;OKTOBER
;SULAWESI BARAT;POLEWALI MANDAR;LIMBORO;PENDULANGAN;4;OKTOBER
;SULAWESI BARAT;POLEWALI MANDAR;LIMBORO;RENGGEANG;11;OKTOBER
;SULAWESI BARAT;POLEWALI MANDAR;LIMBORO;SALARRI;4;OKTOBER
;SULAWESI BARAT;POLEWALI MANDAR;LIMBORO;SAMASUNDU;17;OKTOBER
;SULAWESI BARAT;POLEWALI MANDAR;LIMBORO;TANDASURA;7;OKTOBER
;SULAWESI BARAT;POLEWALI MANDAR;LIMBORO;TANGAN BARU;10;OKTOBER
;SULAWESI BARAT;POLEWALI MANDAR;LIMBORO;TODANG TODANG;4;OKTOBER
;SULAWESI BARAT;POLEWALI MANDAR;LUYO;BARU;11;OKTOBER
;SULAWESI BARAT;POLEWALI MANDAR;LUYO;BATUPANGA;0;OKTOBER
;SULAWESI BARAT;POLEWALI MANDAR;LUYO;BATUPANGA DAALA;0;OKTOBER
;SULAWESI BARAT;POLEWALI MANDAR;LUYO;LUYO;27;OKTOBER
;SULAWESI BARAT;POLEWALI MANDAR;LUYO;MAMBU;0;OKTOBER
;SULAWESI BARAT;POLEWALI MANDAR;LUYO;MAPILI BARAT;16;OKTOBER
;SULAWESI BARAT;POLEWALI MANDAR;LUYO;PUCCADI;12;OKTOBER
;SULAWESI BARAT;POLEWALI MANDAR;LUYO;PUSSUI;0;OKTOBER
;SULAWESI BARAT;POLEWALI MANDAR;LUYO;PUSSUI BARAT;0;OKTOBER
;SULAWESI BARAT;POLEWALI MANDAR;LUYO;SAMBALI WALI;22;OKTOBER
;SULAWESI BARAT;POLEWALI MANDAR;LUYO;TENGGELANG;0;OKTOBER
;SULAWESI BARAT;POLEWALI MANDAR;MAPILLI;BEROANGIN;20;OKTOBER
;SULAWESI BARAT;POLEWALI MANDAR;MAPILLI;BONNE BONNE;6;OKTOBER
;SULAWESI BARAT;POLEWALI MANDAR;MAPILLI;BONRA;20;OKTOBER
;SULAWESI BARAT;POLEWALI MANDAR;MAPILLI;BUKU;0;OKTOBER
;SULAWESI BARAT;POLEWALI MANDAR;MAPILLI;KURMA;24;OKTOBER
;SULAWESI BARAT;POLEWALI MANDAR;MAPILLI;LANDI KANUSUANG;0;OKTOBER
;SULAWESI BARAT;POLEWALI MANDAR;MAPILLI;MAPILI;25;OKTOBER
;SULAWESI BARAT;POLEWALI MANDAR;MAPILLI;RAPPANG BARAT;11;OKTOBER
;SULAWESI BARAT;POLEWALI MANDAR;MAPILLI;RUMPA;7;OKTOBER
;SULAWESI BARAT;POLEWALI MANDAR;MAPILLI;SATTOKO;1;OKTOBER
;SULAWESI BARAT;POLEWALI MANDAR;MAPILLI;SEGERANG;0;OKTOBER
;SULAWESI BARAT;POLEWALI MANDAR;MAPILLI;UGIBARU;24;OKTOBER
;SULAWESI BARAT;POLEWALI MANDAR;MATAKALI;BARUMBUNG;5;OKTOBER
;SULAWESI BARAT;POLEWALI MANDAR;MATAKALI;BUNGA-BUNGA;0;OKTOBER
;SULAWESI BARAT;POLEWALI MANDAR;MATAKALI;INDOMAKKOMBONG;7;OKTOBER
;SULAWESI BARAT;POLEWALI MANDAR;MATAKALI;MATAKALI;11;OKTOBER
;SULAWESI BARAT;POLEWALI MANDAR;MATAKALI;PASIANG;14;OKTOBER
;SULAWESI BARAT;POLEWALI MANDAR;MATAKALI;PETAMPANUA;0;OKTOBER
;SULAWESI BARAT;POLEWALI MANDAR;MATAKALI;TONROLIMA;3;OKTOBER
;SULAWESI BARAT;POLEWALI MANDAR;MATANGNGA;BA'BA TAPUA;1;OKTOBER
;SULAWESI BARAT;POLEWALI MANDAR;MATANGNGA;KATIMBANG;2;OKTOBER
;SULAWESI BARAT;POLEWALI MANDAR;MATANGNGA;LILLI;2;OKTOBER
;SULAWESI BARAT;POLEWALI MANDAR;MATANGNGA;MAMBU TAPUA;2;OKTOBER
;SULAWESI BARAT;POLEWALI MANDAR;MATANGNGA;MATANGNGA;4;OKTOBER
;SULAWESI BARAT;POLEWALI MANDAR;MATANGNGA;RANGOAN;2;OKTOBER
;SULAWESI BARAT;POLEWALI MANDAR;MATANGNGA;TAPUA;3;OKTOBER
;SULAWESI BARAT;POLEWALI MANDAR;POLEWALI;DARMA;31;OKTOBER
;SULAWESI BARAT;POLEWALI MANDAR;POLEWALI;LANTORA;9;OKTOBER
;SULAWESI BARAT;POLEWALI MANDAR;POLEWALI;MADATE;28;OKTOBER
;SULAWESI BARAT;POLEWALI MANDAR;POLEWALI;MANDING;17;OKTOBER
;SULAWESI BARAT;POLEWALI MANDAR;POLEWALI;PEKKABATA;9;OKTOBER
;SULAWESI BARAT;POLEWALI MANDAR;POLEWALI;POLEWALI;25;OKTOBER
;SULAWESI BARAT;POLEWALI MANDAR;POLEWALI;SULEWATANG;12;OKTOBER
;SULAWESI BARAT;POLEWALI MANDAR;POLEWALI;TAKATIDUNG;24;OKTOBER
;SULAWESI BARAT;POLEWALI MANDAR;POLEWALI;WATTANG;0;OKTOBER
;SULAWESI BARAT;POLEWALI MANDAR;TAPANGO;BANATO REJO;9;OKTOBER
;SULAWESI BARAT;POLEWALI MANDAR;TAPANGO;BATU;0;OKTOBER
;SULAWESI BARAT;POLEWALI MANDAR;TAPANGO;BUSSU;4;OKTOBER
;SULAWESI BARAT;POLEWALI MANDAR;TAPANGO;DAKKA;0;OKTOBER
;SULAWESI BARAT;POLEWALI MANDAR;TAPANGO;JAMBU MALEA;9;OKTOBER
;SULAWESI BARAT;POLEWALI MANDAR;TAPANGO;KALIMBUA;3;OKTOBER
;SULAWESI BARAT;POLEWALI MANDAR;TAPANGO;KURRAK;2;OKTOBER
;SULAWESI BARAT;POLEWALI MANDAR;TAPANGO;PALATTA;0;OKTOBER
;SULAWESI BARAT;POLEWALI MANDAR;TAPANGO;PELITAKAN;2;OKTOBER
;SULAWESI BARAT;POLEWALI MANDAR;TAPANGO;RAPPANG;0;OKTOBER
;SULAWESI BARAT;POLEWALI MANDAR;TAPANGO;RISO;0;OKTOBER
;SULAWESI BARAT;POLEWALI MANDAR;TAPANGO;TAPANGO;0;OKTOBER
;SULAWESI BARAT;POLEWALI MANDAR;TAPANGO;TAPANGO BARAT;2;OKTOBER
;SULAWESI BARAT;POLEWALI MANDAR;TAPANGO;TUTTULA;7;OKTOBER
;SULAWESI BARAT;POLEWALI MANDAR;TINAMBUNG;BATULAYA;12;OKTOBER
;SULAWESI BARAT;POLEWALI MANDAR;TINAMBUNG;GALUNG LOMBOK;59;OKTOBER
;SULAWESI BARAT;POLEWALI MANDAR;TINAMBUNG;KARAMA;18;OKTOBER
;SULAWESI BARAT;POLEWALI MANDAR;TINAMBUNG;LEKOPADIS;12;OKTOBER
;SULAWESI BARAT;POLEWALI MANDAR;TINAMBUNG;SEPABATU;12;OKTOBER
;SULAWESI BARAT;POLEWALI MANDAR;TINAMBUNG;TANDUNG;2;OKTOBER
;SULAWESI BARAT;POLEWALI MANDAR;TINAMBUNG;TANGNGA TANGNGA;16;OKTOBER
;SULAWESI BARAT;POLEWALI MANDAR;TINAMBUNG;TINAMBUNG;4;OKTOBER
;SULAWESI BARAT;POLEWALI MANDAR;TUTAR;AMBOPADANG;4;OKTOBER
;SULAWESI BARAT;POLEWALI MANDAR;TUTAR;ARABUA;9;OKTOBER
;SULAWESI BARAT;POLEWALI MANDAR;TUTAR;BESOANGIN;0;OKTOBER
;SULAWESI BARAT;POLEWALI MANDAR;TUTAR;BESOANGIN UTARA;0;OKTOBER
;SULAWESI BARAT;POLEWALI MANDAR;TUTAR;PEBURRU;5;OKTOBER
;SULAWESI BARAT;POLEWALI MANDAR;TUTAR;PIRIANG TAPIKO;0;OKTOBER
;SULAWESI BARAT;POLEWALI MANDAR;TUTAR;PODA;0;OKTOBER
;SULAWESI BARAT;POLEWALI MANDAR;TUTAR;POLLEWANI;10;OKTOBER
;SULAWESI BARAT;POLEWALI MANDAR;TUTAR;RATTE;0;OKTOBER
;SULAWESI BARAT;POLEWALI MANDAR;TUTAR;TALOBA;2;OKTOBER
;SULAWESI BARAT;POLEWALI MANDAR;TUTAR;TARAMANU;7;OKTOBER
;SULAWESI BARAT;POLEWALI MANDAR;TUTAR;TARAMANU TUA;2;OKTOBER
;SULAWESI BARAT;POLEWALI MANDAR;TUTAR;TUBBI;6;OKTOBER
;SULAWESI BARAT;POLEWALI MANDAR;WONOMULYO;ARJO SARI;0;OKTOBER
;SULAWESI BARAT;POLEWALI MANDAR;WONOMULYO;BAKKA-BAKKA;16;OKTOBER
;SULAWESI BARAT;POLEWALI MANDAR;WONOMULYO;BANUA BARU;8;OKTOBER
;SULAWESI BARAT;POLEWALI MANDAR;WONOMULYO;BUMIAYU;21;OKTOBER
;SULAWESI BARAT;POLEWALI MANDAR;WONOMULYO;BUMIMULYO;15;OKTOBER
;SULAWESI BARAT;POLEWALI MANDAR;WONOMULYO;CAMPURJO;11;OKTOBER
;SULAWESI BARAT;POLEWALI MANDAR;WONOMULYO;GALESON;24;OKTOBER
;SULAWESI BARAT;POLEWALI MANDAR;WONOMULYO;KEBUNSARI;10;OKTOBER
;SULAWESI BARAT;POLEWALI MANDAR;WONOMULYO;NEPO;10;OKTOBER
;SULAWESI BARAT;POLEWALI MANDAR;WONOMULYO;SIDODADI;31;OKTOBER
;SULAWESI BARAT;POLEWALI MANDAR;WONOMULYO;SIDOREJO;29;OKTOBER
;SULAWESI BARAT;POLEWALI MANDAR;WONOMULYO;SUGIHWARAS;17;OKTOBER
;SULAWESI BARAT;POLEWALI MANDAR;WONOMULYO;SUMBEREJO;34;OKTOBER
;SULAWESI BARAT;POLEWALI MANDAR;WONOMULYO;TUMPILING;43;OKTOBER
