;PROVINSI;KABUPATEN;KECAMATAN;KODE;KELURAHAN;JUMLAH KELUARGA;JUMLAH KELUARGA SASARAN;KESEJAHTERAAN 1;KESEJAHTERAAN 2;KESEJAHTERAAN 3;KESEJAHTERAAN 4;KESEJAHTERAAN > 4;JUMLAH KRS;JUMLAH TIDAK BERESIKO;PUNYA BADUTA;PUNYA BALITA;PUS;PUS HAMIL;SUMBER AIR MINUM TIDAK LAYAK;JAMBAN TIDAK LAYAK;TERLALU MUDA;TERLALU TUA;TERLALU DEKAT;TERLALU BANYAK;PUS 4T;BUKAN PESERTA KB MODERN;PERIODE
0;SULAWESI BARAT;PASANGKAYU;BAMBAIRA;2001;BAMBAIRA;728;538;38;23;14;12;103;190;348;55;146;536;25;98;41;18;122;10;186;261;223;Sem 2 2024
1;SULAWESI BARAT;PASANGKAYU;BAMBAIRA;2002;KASOLOANG;533;352;11;11;10;7;96;135;217;46;83;349;9;45;72;6;92;10;143;194;133;Sem 2 2024
2;SULAWESI BARAT;PASANGKAYU;BAMBAIRA;2003;TAMPAURE;574;377;44;34;14;21;89;202;175;28;98;373;7;163;116;20;70;5;125;186;85;Sem 2 2024
3;SULAWESI BARAT;PASANGKAYU;BAMBAIRA;2004;KALUKU NANGKA;687;514;29;25;18;17;119;208;306;65;146;513;20;93;103;7;117;7;207;259;159;Sem 2 2024
4;SULAWESI BARAT;PASANGKAYU;BAMBALAMOTU;1006;BAMBALAMOTU;974;680;25;31;22;34;159;271;409;75;169;677;0;61;174;12;145;12;277;360;214;Sem 2 2024
5;SULAWESI BARAT;PASANGKAYU;BAMBALAMOTU;2003;POLEWALI;1084;738;36;21;18;19;156;250;488;86;186;730;40;152;132;15;164;8;207;322;276;Sem 2 2024
6;SULAWESI BARAT;PASANGKAYU;BAMBALAMOTU;2004;RANDOMAYANG;964;671;23;25;16;10;199;273;398;96;172;667;9;83;159;10;181;12;280;382;245;Sem 2 2024
7;SULAWESI BARAT;PASANGKAYU;BAMBALAMOTU;2007;PANGIANG;689;435;24;31;20;14;131;220;215;61;107;432;10;103;95;9;94;8;153;209;240;Sem 2 2024
8;SULAWESI BARAT;PASANGKAYU;BAMBALAMOTU;2008;KALOLA;981;712;65;52;15;19;146;297;415;109;167;709;12;176;170;22;152;12;249;332;230;Sem 2 2024
9;SULAWESI BARAT;PASANGKAYU;BAMBALAMOTU;2009;WULAI;572;409;57;43;28;31;96;255;154;12;53;409;0;219;110;8;98;3;114;179;87;Sem 2 2024
10;SULAWESI BARAT;PASANGKAYU;BARAS;1001;BARAS;864;559;3;2;3;1;201;210;349;71;131;555;4;3;131;8;116;9;183;247;275;Sem 2 2024
11;SULAWESI BARAT;PASANGKAYU;BARAS;2002;BALANTI;737;508;1;4;2;4;26;37;471;44;93;506;8;6;3;3;108;4;140;209;78;Sem 2 2024
12;SULAWESI BARAT;PASANGKAYU;BARAS;2003;MOTU;1385;1045;8;10;17;23;160;218;827;99;243;1040;5;9;14;5;260;13;337;489;459;Sem 2 2024
13;SULAWESI BARAT;PASANGKAYU;BARAS;2012;BULU PARIGI;471;336;7;9;9;11;86;122;214;13;47;335;1;17;62;4;75;4;123;163;146;Sem 2 2024
14;SULAWESI BARAT;PASANGKAYU;BARAS;2013;TOWONI;330;263;1;0;2;1;29;33;230;28;74;256;7;11;7;5;58;3;69;116;64;Sem 2 2024
15;SULAWESI BARAT;PASANGKAYU;BARAS;2016;KASANO;889;624;6;8;10;5;86;115;509;43;132;623;2;1;26;15;147;8;185;286;236;Sem 2 2024
16;SULAWESI BARAT;PASANGKAYU;BULU TABA;2001;LILIMORI;850;560;2;13;7;14;88;124;436;74;145;558;4;2;9;12;126;9;177;269;262;Sem 2 2024
17;SULAWESI BARAT;PASANGKAYU;BULU TABA;2002;KARAVE;681;428;2;5;4;7;47;65;363;44;110;427;3;9;15;3;109;5;135;207;114;Sem 2 2024
18;SULAWESI BARAT;PASANGKAYU;BULU TABA;2003;BUKIT HARAPAN;353;256;10;5;7;4;50;76;180;38;74;255;1;17;22;12;65;4;89;127;109;Sem 2 2024
19;SULAWESI BARAT;PASANGKAYU;BULU TABA;2004;KASTABUANA;398;263;0;0;4;1;20;25;238;31;71;261;0;0;7;5;69;5;82;119;60;Sem 2 2024
20;SULAWESI BARAT;PASANGKAYU;BULU TABA;2005;SUMBER SARI;70;45;0;0;0;0;2;2;43;4;16;45;0;0;0;0;12;0;10;18;7;Sem 2 2024
21;SULAWESI BARAT;PASANGKAYU;BULU TABA;2006;LELEJAE;387;255;0;3;7;3;40;53;202;31;62;255;4;0;12;5;64;1;81;126;89;Sem 2 2024
22;SULAWESI BARAT;PASANGKAYU;BULU TABA;2007;OMPI;202;142;30;19;10;15;33;107;35;12;36;141;0;16;106;4;30;2;45;67;24;Sem 2 2024
23;SULAWESI BARAT;PASANGKAYU;DAPURANG;2001;DAPURANG;1101;777;13;14;12;21;128;188;589;46;204;774;4;5;73;5;202;9;267;371;294;Sem 2 2024
24;SULAWESI BARAT;PASANGKAYU;DAPURANG;2002;BENGGAULU;774;530;40;30;33;22;89;214;316;7;80;527;2;56;116;2;134;2;207;282;196;Sem 2 2024
25;SULAWESI BARAT;PASANGKAYU;DAPURANG;2003;TIRTABUANA;328;217;1;4;2;3;9;19;198;21;53;217;0;1;0;1;55;1;57;93;49;Sem 2 2024
26;SULAWESI BARAT;PASANGKAYU;DAPURANG;2004;BULU BONGGU;584;405;37;28;28;15;74;182;223;29;58;402;3;11;132;3;97;1;178;226;127;Sem 2 2024
27;SULAWESI BARAT;PASANGKAYU;DAPURANG;2005;SARASA;482;334;31;11;8;15;49;114;220;14;67;333;1;1;67;2;84;2;130;178;124;Sem 2 2024
28;SULAWESI BARAT;PASANGKAYU;DURIPOKU;2001;TAMMARUNANG;586;414;1;3;7;8;64;83;331;53;107;414;0;15;4;1;106;3;160;214;143;Sem 2 2024
29;SULAWESI BARAT;PASANGKAYU;DURIPOKU;2002;SAPTANAJAYA;464;315;2;4;3;3;133;145;170;15;88;315;0;132;9;2;63;1;81;123;71;Sem 2 2024
30;SULAWESI BARAT;PASANGKAYU;DURIPOKU;2003;TARANGGI;203;148;3;3;5;1;9;21;127;17;35;147;1;1;6;1;35;0;58;73;36;Sem 2 2024
31;SULAWESI BARAT;PASANGKAYU;DURIPOKU;2004;SIPAKAINGA;212;146;1;2;4;3;14;24;122;8;20;146;3;8;4;2;28;0;44;64;39;Sem 2 2024
32;SULAWESI BARAT;PASANGKAYU;LARIANG;2001;PARABU;299;203;0;0;1;0;17;18;185;20;62;203;1;0;0;6;44;1;60;90;56;Sem 2 2024
33;SULAWESI BARAT;PASANGKAYU;LARIANG;2002;KENANGAN;142;88;0;1;0;0;2;3;85;10;21;87;1;0;0;1;20;1;31;42;21;Sem 2 2024
34;SULAWESI BARAT;PASANGKAYU;LARIANG;2003;BAJAWALI;260;150;0;0;0;0;3;3;147;20;38;150;8;0;0;2;32;1;41;61;17;Sem 2 2024
35;SULAWESI BARAT;PASANGKAYU;LARIANG;2004;SINGGANI;403;301;4;4;3;6;40;57;244;32;70;301;10;7;10;7;85;4;102;156;111;Sem 2 2024
36;SULAWESI BARAT;PASANGKAYU;LARIANG;2005;KULU;227;162;3;4;2;1;9;19;143;16;49;161;4;0;0;2;47;4;69;91;39;Sem 2 2024
37;SULAWESI BARAT;PASANGKAYU;LARIANG;2006;BATU MATORU;239;178;0;1;0;1;12;14;164;21;51;178;0;0;0;3;32;3;59;80;51;Sem 2 2024
38;SULAWESI BARAT;PASANGKAYU;LARIANG;2007;BAMBAKORO;346;271;3;1;4;9;42;59;212;42;76;270;2;1;28;6;52;8;91;124;89;Sem 2 2024
39;SULAWESI BARAT;PASANGKAYU;PASANGKAYU;1001;PASANGKAYU;2699;1991;4;4;7;3;281;299;1692;50;377;1986;8;0;45;15;565;11;589;964;686;Sem 2 2024
40;SULAWESI BARAT;PASANGKAYU;PASANGKAYU;1002;MARTAJAYA;463;294;0;0;1;0;24;25;269;32;66;294;3;0;1;1;63;2;61;105;74;Sem 2 2024
41;SULAWESI BARAT;PASANGKAYU;PASANGKAYU;2010;PAKAVA;738;557;17;11;8;5;100;141;416;23;105;553;1;61;123;12;129;2;138;234;114;Sem 2 2024
42;SULAWESI BARAT;PASANGKAYU;PASANGKAYU;2014;KARYA BERSAMA;574;460;7;12;10;17;72;118;342;53;159;459;1;1;92;5;91;7;176;220;83;Sem 2 2024
43;SULAWESI BARAT;PASANGKAYU;PASANGKAYU;2015;AKO;804;562;7;14;5;13;160;199;363;33;117;561;10;20;143;8;142;6;183;270;159;Sem 2 2024
44;SULAWESI BARAT;PASANGKAYU;PASANGKAYU;2016;GUNUNG SARI;941;770;12;16;12;28;112;180;590;9;78;769;0;75;87;9;212;1;171;333;165;Sem 2 2024
45;SULAWESI BARAT;PASANGKAYU;PEDONGGA;2001;MALEI;564;381;4;3;5;9;45;66;315;42;95;380;11;2;14;5;87;6;85;150;144;Sem 2 2024
46;SULAWESI BARAT;PASANGKAYU;PEDONGGA;2002;PEDANDA;453;294;1;1;1;1;45;49;245;23;69;287;4;1;26;5;61;1;35;88;89;Sem 2 2024
47;SULAWESI BARAT;PASANGKAYU;PEDONGGA;2003;BATU OGE;321;235;5;4;2;5;50;66;169;29;46;234;1;17;46;5;45;1;62;98;56;Sem 2 2024
48;SULAWESI BARAT;PASANGKAYU;PEDONGGA;2004;MARTASARI;1022;781;8;9;4;11;143;175;606;48;148;776;2;15;106;11;172;2;150;282;216;Sem 2 2024
49;SULAWESI BARAT;PASANGKAYU;SARJO;2001;SARJO;678;485;14;5;13;9;74;115;370;52;130;481;8;1;37;12;107;7;172;234;192;Sem 2 2024
50;SULAWESI BARAT;PASANGKAYU;SARJO;2002;MAPONU;373;260;8;7;4;4;88;111;149;23;53;258;3;44;52;0;59;2;65;104;140;Sem 2 2024
51;SULAWESI BARAT;PASANGKAYU;SARJO;2003;LETAWA;549;384;9;12;10;5;74;110;274;61;119;381;11;14;37;7;85;11;142;189;155;Sem 2 2024
52;SULAWESI BARAT;PASANGKAYU;SARJO;2004;SARUDE;651;408;4;11;10;8;112;145;263;36;92;408;1;23;62;5;103;5;140;201;181;Sem 2 2024
53;SULAWESI BARAT;PASANGKAYU;SARUDU;2001;SARUDU;1332;967;10;6;17;17;273;323;644;54;265;966;19;24;62;7;238;13;346;492;565;Sem 2 2024
54;SULAWESI BARAT;PASANGKAYU;SARUDU;2003;BULU MARIO;973;710;3;4;10;14;139;170;540;100;175;708;7;5;8;6;152;14;231;324;388;Sem 2 2024
55;SULAWESI BARAT;PASANGKAYU;SARUDU;2005;KUMASARI;560;413;0;0;3;7;76;86;327;48;100;413;6;6;17;3;114;1;117;195;153;Sem 2 2024
56;SULAWESI BARAT;PASANGKAYU;SARUDU;2011;PATIKA;153;113;0;4;4;2;7;17;96;10;31;112;0;0;2;0;32;0;65;72;29;Sem 2 2024
57;SULAWESI BARAT;PASANGKAYU;SARUDU;2012;DODA;645;474;1;0;9;6;74;90;384;40;112;474;2;0;33;12;119;4;171;241;143;Sem 2 2024
58;SULAWESI BARAT;PASANGKAYU;TIKKE RAYA;2001;TIKKE;853;591;6;5;5;6;86;108;483;59;115;590;3;12;33;13;141;9;164;269;200;Sem 2 2024
59;SULAWESI BARAT;PASANGKAYU;TIKKE RAYA;2002;MAKMUR JAYA;1061;848;3;6;8;14;89;120;728;60;214;845;2;11;0;7;218;6;251;384;286;Sem 2 2024
60;SULAWESI BARAT;PASANGKAYU;TIKKE RAYA;2003;LARIANG;967;686;6;7;10;9;96;128;558;76;177;685;0;5;56;6;151;9;207;295;177;Sem 2 2024
61;SULAWESI BARAT;PASANGKAYU;TIKKE RAYA;2004;PAJALELE;763;567;3;1;1;4;29;38;529;32;110;565;6;3;5;2;135;8;171;256;108;Sem 2 2024
62;SULAWESI BARAT;PASANGKAYU;TIKKE RAYA;2005;JENGENG RAYA;600;424;4;4;5;8;38;59;365;43;101;422;2;1;14;8;92;2;129;183;133;Sem 2 2024
63;SULAWESI BARAT;MAMUJU;MAMUJU;1002;BINANGA;3644;2300;10;18;38;47;630;743;1557;148;449;2293;7;6;97;24;548;35;680;1056;1516;Sem 2 2024
64;SULAWESI BARAT;MAMUJU;MAMUJU;1003;MAMUNYU;1522;1077;94;68;74;49;191;476;601;51;254;1072;0;138;351;9;292;9;384;548;379;Sem 2 2024
65;SULAWESI BARAT;MAMUJU;MAMUJU;1012;KAREMA;2454;1727;1;1;13;21;511;547;1180;140;304;1721;10;30;186;32;443;23;541;842;910;Sem 2 2024
66;SULAWESI BARAT;MAMUJU;MAMUJU;1013;RIMUKU;1982;1321;2;5;9;9;308;333;988;55;246;1317;0;5;48;14;383;16;464;722;589;Sem 2 2024
67;SULAWESI BARAT;MAMUJU;MAMUJU;2005;BAMBU;924;645;25;15;20;22;116;198;447;53;171;643;2;12;111;12;148;14;249;333;212;Sem 2 2024
68;SULAWESI BARAT;MAMUJU;MAMUJU;2006;KARAMPUANG;1004;656;3;15;25;29;94;166;490;93;168;652;11;0;111;21;146;5;194;294;189;Sem 2 2024
69;SULAWESI BARAT;MAMUJU;MAMUJU;2010;TADUI;1044;735;11;12;14;10;112;159;576;124;210;730;17;7;84;23;155;14;280;366;228;Sem 2 2024
70;SULAWESI BARAT;MAMUJU;MAMUJU;2014;BATU PANNU;364;270;15;22;43;22;15;117;153;10;87;269;0;44;69;6;58;3;87;120;59;Sem 2 2024
71;SULAWESI BARAT;MAMUJU;TAPALANG;1001;GALUNG;924;583;12;16;23;15;198;264;319;83;150;579;6;111;112;13;135;9;225;306;306;Sem 2 2024
72;SULAWESI BARAT;MAMUJU;TAPALANG;1002;KASAMBANG;650;431;24;25;20;24;70;163;268;50;121;429;1;61;49;8;103;6;188;247;162;Sem 2 2024
73;SULAWESI BARAT;MAMUJU;TAPALANG;1014;DAYANGINNA;420;268;3;9;19;19;51;101;167;19;87;264;0;9;57;4;58;2;93;133;123;Sem 2 2024
74;SULAWESI BARAT;MAMUJU;TAPALANG;2003;OROBATU;285;182;14;12;16;16;33;91;91;14;60;181;1;60;19;2;51;6;79;110;78;Sem 2 2024
75;SULAWESI BARAT;MAMUJU;TAPALANG;2006;TAKANDEANG;739;497;33;31;23;18;100;205;292;73;181;495;8;25;81;17;89;16;192;252;283;Sem 2 2024
76;SULAWESI BARAT;MAMUJU;TAPALANG;2009;BELA;107;81;28;8;3;0;4;43;38;7;33;81;0;4;30;0;16;1;47;50;29;Sem 2 2024
77;SULAWESI BARAT;MAMUJU;TAPALANG;2010;TAAN;742;496;105;43;46;30;52;276;220;47;149;495;1;40;176;7;132;14;272;326;205;Sem 2 2024
78;SULAWESI BARAT;MAMUJU;TAPALANG;2011;TAMPALANG;812;495;12;10;12;13;201;248;247;63;125;492;4;45;114;15;106;7;200;264;318;Sem 2 2024
79;SULAWESI BARAT;MAMUJU;TAPALANG;2012;RANTEDODA;290;220;7;5;6;6;97;121;99;38;60;220;16;21;44;12;47;9;100;126;157;Sem 2 2024
80;SULAWESI BARAT;MAMUJU;TAPALANG;2013;KOPEANG;159;102;11;11;11;6;15;54;48;4;22;101;0;0;42;4;20;0;47;61;27;Sem 2 2024
81;SULAWESI BARAT;MAMUJU;KALUKKU;1001;SINYONYOI;1307;878;65;58;71;53;147;394;484;78;185;876;9;93;295;3;195;12;369;466;330;Sem 2 2024
82;SULAWESI BARAT;MAMUJU;KALUKKU;1002;BEBANGA;2170;1459;88;92;72;50;383;685;774;186;408;1451;21;222;306;32;317;35;600;767;671;Sem 2 2024
83;SULAWESI BARAT;MAMUJU;KALUKKU;1003;KALUKKU;1677;1133;8;16;16;26;219;285;848;133;273;1130;55;21;97;30;286;14;394;579;412;Sem 2 2024
84;SULAWESI BARAT;MAMUJU;KALUKKU;1014;SINYONYOI SELATAN;983;654;18;34;25;32;63;172;482;24;125;651;1;38;68;5;167;3;254;341;226;Sem 2 2024
85;SULAWESI BARAT;MAMUJU;KALUKKU;2004;SONDOANG;575;426;32;23;20;24;40;139;287;26;100;420;0;16;112;6;105;4;178;225;98;Sem 2 2024
86;SULAWESI BARAT;MAMUJU;KALUKKU;2005;BERU-BERU;1488;1005;7;6;24;19;165;221;784;112;252;999;19;26;55;16;217;14;329;464;411;Sem 2 2024
87;SULAWESI BARAT;MAMUJU;KALUKKU;2006;BELANG BELANG;942;709;29;29;30;24;158;270;439;103;184;707;35;9;164;17;167;7;280;371;301;Sem 2 2024
88;SULAWESI BARAT;MAMUJU;KALUKKU;2007;KABULOANG;934;626;14;20;33;23;39;129;497;79;164;625;19;5;62;8;164;11;256;336;172;Sem 2 2024
89;SULAWESI BARAT;MAMUJU;KALUKKU;2008;KEANG;736;462;18;20;17;28;81;164;298;0;73;455;0;34;98;11;107;1;148;214;142;Sem 2 2024
90;SULAWESI BARAT;MAMUJU;KALUKKU;2009;POKKANG;613;404;27;18;20;6;102;173;231;39;103;402;7;13;72;1;91;3;162;205;212;Sem 2 2024
91;SULAWESI BARAT;MAMUJU;KALUKKU;2010;GULILING;367;254;2;5;3;1;3;14;240;32;64;253;1;3;1;3;57;6;109;133;43;Sem 2 2024
92;SULAWESI BARAT;MAMUJU;KALUKKU;2011;UHAIMATE;239;180;38;26;7;5;4;80;100;9;47;179;0;49;53;3;34;4;66;87;34;Sem 2 2024
93;SULAWESI BARAT;MAMUJU;KALUKKU;2012;KALUKKU BARAT;1108;744;32;29;27;20;39;147;597;48;131;741;19;42;78;7;188;3;214;344;178;Sem 2 2024
94;SULAWESI BARAT;MAMUJU;KALUKKU;2013;PAMMULUKANG;483;349;23;22;25;15;48;133;216;37;86;347;12;43;75;7;63;1;140;173;110;Sem 2 2024
95;SULAWESI BARAT;MAMUJU;BONEHAU;2001;BONEHAU;459;332;5;7;15;6;79;112;220;36;90;331;2;24;66;4;94;4;48;136;109;Sem 2 2024
96;SULAWESI BARAT;MAMUJU;BONEHAU;2002;SALUTIWO;198;133;18;13;9;5;13;58;75;16;38;132;0;22;48;2;38;1;46;71;25;Sem 2 2024
97;SULAWESI BARAT;MAMUJU;BONEHAU;2003;BUTTUADA;311;235;26;31;41;22;18;138;97;7;44;232;0;121;61;3;59;0;71;113;32;Sem 2 2024
98;SULAWESI BARAT;MAMUJU;BONEHAU;2004;TAMALEA;105;72;14;5;2;2;7;30;42;5;25;71;0;25;17;1;9;2;32;35;13;Sem 2 2024
99;SULAWESI BARAT;MAMUJU;BONEHAU;2005;LUMIKA;212;163;6;11;6;11;14;48;115;3;33;162;0;24;21;4;33;2;47;73;23;Sem 2 2024
100;SULAWESI BARAT;MAMUJU;BONEHAU;2006;MAPPU;155;97;17;9;19;6;6;57;40;7;20;95;0;36;44;0;17;2;34;47;13;Sem 2 2024
101;SULAWESI BARAT;MAMUJU;BONEHAU;2009;BANUADA;186;139;4;0;1;0;4;9;130;11;25;139;0;2;0;1;31;1;46;67;21;Sem 2 2024
102;SULAWESI BARAT;MAMUJU;BONEHAU;2010;HINUA;216;138;4;5;12;6;16;43;95;9;24;136;3;17;23;3;30;1;28;54;28;Sem 2 2024
103;SULAWESI BARAT;MAMUJU;BONEHAU;2011;KINATANG;201;129;12;20;12;14;12;70;59;7;28;129;2;42;43;2;27;0;34;53;9;Sem 2 2024
104;SULAWESI BARAT;MAMUJU;KALUMPANG;2001;KALUMPANG;138;70;0;0;1;1;6;8;62;6;32;70;0;0;2;0;17;1;25;36;21;Sem 2 2024
105;SULAWESI BARAT;MAMUJU;KALUMPANG;2003;KARATAUN;375;236;24;24;31;19;97;195;41;7;34;233;0;191;4;5;51;1;66;107;58;Sem 2 2024
106;SULAWESI BARAT;MAMUJU;KALUMPANG;2004;KARAMA;250;176;40;26;17;9;20;112;64;11;31;174;0;45;78;4;35;1;65;91;33;Sem 2 2024
107;SULAWESI BARAT;MAMUJU;KALUMPANG;2006;SIRAUN;150;130;29;12;12;3;1;57;73;4;8;129;0;57;48;4;33;0;28;53;21;Sem 2 2024
108;SULAWESI BARAT;MAMUJU;KALUMPANG;2007;TUMOGA;231;124;24;24;14;7;11;80;44;11;26;124;0;40;66;0;45;0;54;74;35;Sem 2 2024
109;SULAWESI BARAT;MAMUJU;KALUMPANG;2010;SALUMAKKI;200;121;7;1;2;5;101;116;5;1;29;121;0;116;5;3;25;0;36;52;23;Sem 2 2024
110;SULAWESI BARAT;MAMUJU;KALUMPANG;2011;POLIO;164;112;43;33;17;4;9;106;6;10;15;111;1;30;91;1;22;0;36;52;36;Sem 2 2024
111;SULAWESI BARAT;MAMUJU;KALUMPANG;2012;LIMBONG;214;130;20;22;8;10;5;65;65;1;17;130;0;8;48;2;42;0;56;73;33;Sem 2 2024
112;SULAWESI BARAT;MAMUJU;KALUMPANG;2013;SANDAPANG;173;119;40;15;13;10;10;88;31;3;14;118;0;5;83;1;33;0;47;64;21;Sem 2 2024
113;SULAWESI BARAT;MAMUJU;KALUMPANG;2014;KONDO BULO;249;144;29;25;16;8;40;118;26;4;45;141;0;115;10;1;37;0;46;71;52;Sem 2 2024
114;SULAWESI BARAT;MAMUJU;KALUMPANG;2015;MAKKALIKI;124;91;53;12;14;1;4;84;7;1;22;91;0;72;72;2;24;0;41;53;18;Sem 2 2024
115;SULAWESI BARAT;MAMUJU;KALUMPANG;2016;BATU MAKKADA;201;135;105;17;4;1;5;132;3;2;13;132;0;54;131;0;29;0;54;68;43;Sem 2 2024
116;SULAWESI BARAT;MAMUJU;KALUMPANG;2017;LASA';232;189;11;18;11;8;28;76;113;2;24;189;1;43;33;0;51;0;38;71;63;Sem 2 2024
117;SULAWESI BARAT;MAMUJU;KEP. BALA BALAKANG;2001;BALA BALAKANG;350;224;18;10;24;17;127;196;28;16;46;221;0;188;33;4;68;2;97;136;81;Sem 2 2024
118;SULAWESI BARAT;MAMUJU;KEP. BALA BALAKANG;2002;BALA-BALAKANG TIMUR;192;146;1;4;1;9;109;124;22;12;28;146;0;124;54;2;25;0;57;71;36;Sem 2 2024
119;SULAWESI BARAT;MAMUJU;SAMPAGA;2001;BUNDE;1150;802;3;2;10;10;39;64;738;70;168;799;1;4;7;12;195;5;163;317;178;Sem 2 2024
120;SULAWESI BARAT;MAMUJU;SAMPAGA;2002;KALONDING;794;543;16;23;28;15;80;162;381;54;115;542;1;125;71;10;130;1;77;188;77;Sem 2 2024
121;SULAWESI BARAT;MAMUJU;SAMPAGA;2003;TARAILU;814;553;0;3;9;18;76;106;447;52;118;549;1;4;31;3;134;6;149;238;207;Sem 2 2024
122;SULAWESI BARAT;MAMUJU;SAMPAGA;2004;SAMPAGA;385;267;13;17;16;10;24;80;187;31;76;265;1;33;43;7;58;4;93;132;57;Sem 2 2024
123;SULAWESI BARAT;MAMUJU;SAMPAGA;2005;TANAMBUAH;164;104;2;0;0;1;0;3;101;10;18;103;0;0;1;1;20;1;18;35;17;Sem 2 2024
124;SULAWESI BARAT;MAMUJU;SAMPAGA;2006;SALUBARANA;196;118;0;2;3;3;5;13;105;14;28;118;0;5;2;1;27;2;32;53;26;Sem 2 2024
125;SULAWESI BARAT;MAMUJU;SAMPAGA;2007;LOSSO;264;183;2;1;1;1;5;10;173;20;35;182;1;2;3;1;40;3;51;77;17;Sem 2 2024
126;SULAWESI BARAT;MAMUJU;PAPALANG;2001;TOABO;1339;844;2;3;5;2;124;136;708;91;206;840;5;66;11;13;198;5;133;300;218;Sem 2 2024
127;SULAWESI BARAT;MAMUJU;PAPALANG;2002;PAPALANG;1608;1116;31;37;58;42;283;451;665;147;290;1104;14;96;198;24;239;21;406;543;484;Sem 2 2024
128;SULAWESI BARAT;MAMUJU;PAPALANG;2003;BONDA;584;432;37;40;33;18;20;148;284;17;92;430;0;3;97;2;109;3;183;234;126;Sem 2 2024
129;SULAWESI BARAT;MAMUJU;PAPALANG;2004;TOPORE;855;537;5;9;8;11;219;252;285;57;76;535;2;38;89;4;136;5;174;269;355;Sem 2 2024
130;SULAWESI BARAT;MAMUJU;PAPALANG;2005;SALUKAYU;463;350;30;32;19;7;12;100;250;28;98;350;0;23;69;3;77;6;121;165;75;Sem 2 2024
131;SULAWESI BARAT;MAMUJU;PAPALANG;2006;SUKADAMAI;224;139;2;6;5;3;6;22;117;10;28;139;0;4;11;1;39;0;33;59;27;Sem 2 2024
132;SULAWESI BARAT;MAMUJU;PAPALANG;2007;BODA-BODA;468;285;7;9;14;8;18;56;229;29;68;285;16;8;18;2;59;1;73;112;115;Sem 2 2024
133;SULAWESI BARAT;MAMUJU;PAPALANG;2008;SISANGO;211;139;9;9;6;2;8;34;105;14;28;138;4;22;5;0;31;0;35;57;23;Sem 2 2024
134;SULAWESI BARAT;MAMUJU;PAPALANG;2009;BATU AMPA;308;231;14;8;2;2;0;26;205;21;55;231;0;2;6;1;51;2;108;129;41;Sem 2 2024
135;SULAWESI BARAT;MAMUJU;SIMBORO;1001;SIMBORO;4476;3523;11;17;35;51;1304;1418;2105;346;895;3512;49;7;609;11;1006;70;1059;1711;2144;Sem 2 2024
136;SULAWESI BARAT;MAMUJU;SIMBORO;1002;RANGAS;1248;938;18;28;23;29;165;263;675;90;243;930;1;14;145;29;218;10;307;458;310;Sem 2 2024
137;SULAWESI BARAT;MAMUJU;SIMBORO;2003;BOTTENG;582;424;18;30;15;20;56;139;285;55;118;422;14;5;68;10;80;8;132;179;228;Sem 2 2024
138;SULAWESI BARAT;MAMUJU;SIMBORO;2004;SALETTO;781;558;68;39;50;20;49;226;332;73;156;557;2;71;174;10;111;15;218;275;202;Sem 2 2024
139;SULAWESI BARAT;MAMUJU;SIMBORO;2005;SUMARE;590;396;12;15;27;21;80;155;241;30;75;395;1;9;102;7;80;2;138;184;142;Sem 2 2024
140;SULAWESI BARAT;MAMUJU;SIMBORO;2007;BOTTENG UTARA;794;582;45;46;59;28;210;388;194;82;165;577;13;269;158;46;124;8;145;265;243;Sem 2 2024
141;SULAWESI BARAT;MAMUJU;SIMBORO;2008;TAPANDULLU;206;122;4;11;13;1;16;45;77;21;31;121;0;0;24;2;29;4;43;55;55;Sem 2 2024
142;SULAWESI BARAT;MAMUJU;SIMBORO;2009;PATI'DI;430;329;35;31;31;10;60;167;162;12;45;327;5;78;102;6;72;2;111;155;114;Sem 2 2024
143;SULAWESI BARAT;MAMUJU;TAPALANG BARAT;2001;DUNGKAIT;484;348;0;3;3;3;60;69;279;50;98;346;3;19;31;7;83;8;148;184;72;Sem 2 2024
144;SULAWESI BARAT;MAMUJU;TAPALANG BARAT;2002;LEBANI;361;244;34;26;17;10;14;101;143;34;83;244;0;71;13;3;49;9;129;150;96;Sem 2 2024
145;SULAWESI BARAT;MAMUJU;TAPALANG BARAT;2003;LABUANG RANO;701;479;28;11;5;1;208;253;226;60;156;476;2;14;159;7;101;12;228;263;242;Sem 2 2024
146;SULAWESI BARAT;MAMUJU;TAPALANG BARAT;2004;PASABU;378;283;6;7;13;11;45;82;201;59;83;281;7;25;15;3;72;5;152;179;103;Sem 2 2024
147;SULAWESI BARAT;MAMUJU;TAPALANG BARAT;2005;TANETE PAO;115;71;11;9;6;4;11;41;30;8;16;71;0;10;32;0;21;0;26;36;25;Sem 2 2024
148;SULAWESI BARAT;MAMUJU;TAPALANG BARAT;2006;PANGASAAN;228;172;99;22;12;3;6;142;30;11;19;172;0;6;131;5;36;0;73;93;102;Sem 2 2024
149;SULAWESI BARAT;MAMUJU;TAPALANG BARAT;2007;AHU;338;269;21;11;8;12;23;75;194;53;91;265;17;8;44;10;55;9;125;154;76;Sem 2 2024
150;SULAWESI BARAT;MAMUJU;TOMMO;2001;TOMMO;730;505;6;6;8;8;57;85;420;43;127;503;7;19;15;16;112;5;100;210;131;Sem 2 2024
151;SULAWESI BARAT;MAMUJU;TOMMO;2002;CAMPALOGA;616;462;13;38;38;26;92;207;255;36;87;461;4;120;64;13;113;5;147;229;131;Sem 2 2024
152;SULAWESI BARAT;MAMUJU;TOMMO;2003;BUANA SAKTI;490;308;8;14;17;13;34;86;222;29;70;306;2;55;24;9;54;0;55;101;50;Sem 2 2024
153;SULAWESI BARAT;MAMUJU;TOMMO;2004;TAMEMONGGA;351;295;4;26;25;15;31;101;194;0;47;293;0;78;33;3;68;0;81;127;45;Sem 2 2024
154;SULAWESI BARAT;MAMUJU;TOMMO;2005;TAMEJARRA;496;361;13;11;10;9;67;110;251;43;85;355;17;31;11;11;83;5;132;178;166;Sem 2 2024
155;SULAWESI BARAT;MAMUJU;TOMMO;2006;RANTEMARIO;314;224;2;3;3;1;2;11;213;18;56;224;2;1;2;2;41;2;63;88;45;Sem 2 2024
156;SULAWESI BARAT;MAMUJU;TOMMO;2007;MALINO;160;113;4;6;9;6;11;36;77;13;27;112;3;13;17;5;26;1;31;50;28;Sem 2 2024
157;SULAWESI BARAT;MAMUJU;TOMMO;2008;KAKULLASANG;747;549;38;64;74;44;60;280;269;21;88;547;7;226;63;5;146;2;195;285;145;Sem 2 2024
158;SULAWESI BARAT;MAMUJU;TOMMO;2009;LELING;253;195;2;1;4;4;19;30;165;21;50;194;5;1;16;7;52;1;39;83;33;Sem 2 2024
159;SULAWESI BARAT;MAMUJU;TOMMO;2010;KALEPU;244;164;4;1;0;3;14;22;142;19;43;164;3;3;4;8;31;2;32;64;57;Sem 2 2024
160;SULAWESI BARAT;MAMUJU;TOMMO;2011;SANDANA;224;209;20;17;14;13;25;89;120;24;50;208;1;56;36;4;59;2;65;102;56;Sem 2 2024
161;SULAWESI BARAT;MAMUJU;TOMMO;2012;LELING BARAT;347;285;9;14;10;6;23;62;223;22;63;280;4;19;29;6;59;3;86;130;55;Sem 2 2024
162;SULAWESI BARAT;MAMUJU;TOMMO;2013;LELING UTARA;349;314;41;32;21;18;45;157;157;42;89;310;0;82;97;1;86;2;94;156;32;Sem 2 2024
163;SULAWESI BARAT;MAMUJU;TOMMO;2014;SALUDENGEN;290;200;50;25;11;9;21;116;84;19;43;200;0;62;92;3;44;2;80;101;56;Sem 2 2024
164;SULAWESI BARAT;MAJENE;BANGGAE;1001;BANGGAE;1238;627;0;3;7;4;66;80;547;52;141;626;1;0;14;2;153;9;211;307;193;Sem 2 2024
165;SULAWESI BARAT;MAJENE;BANGGAE;1003;BARU;1682;1044;56;55;44;34;289;478;566;140;281;1039;20;9;295;23;265;16;367;529;512;Sem 2 2024
166;SULAWESI BARAT;MAJENE;BANGGAE;1007;PANGALI ALI;2765;1667;29;62;36;29;151;307;1360;237;450;1663;5;9;174;27;388;40;605;831;432;Sem 2 2024
167;SULAWESI BARAT;MAJENE;BANGGAE;1009;TOTOLI;1467;969;40;37;41;25;159;302;667;144;300;967;24;2;105;31;222;23;397;527;487;Sem 2 2024
168;SULAWESI BARAT;MAJENE;BANGGAE;1010;RANGAS;2015;1421;35;70;49;31;237;422;999;180;460;1409;6;3;302;17;356;31;640;798;346;Sem 2 2024
169;SULAWESI BARAT;MAJENE;BANGGAE;1013;GALUNG;1055;620;8;2;11;6;190;217;403;89;174;620;11;6;54;11;165;19;249;340;372;Sem 2 2024
170;SULAWESI BARAT;MAJENE;BANGGAE;2011;PALIPI SOREANG;616;422;2;1;2;2;100;107;315;57;135;417;1;3;73;5;105;13;166;213;117;Sem 2 2024
171;SULAWESI BARAT;MAJENE;BANGGAE;2012;PAMBOBORANG;636;419;26;27;10;3;32;98;321;58;120;414;2;9;44;10;92;12;173;230;129;Sem 2 2024
172;SULAWESI BARAT;MAJENE;MALUNDA;1001;MALUNDA;715;435;17;23;13;14;100;167;268;63;94;433;6;3;20;6;111;13;187;243;283;Sem 2 2024
173;SULAWESI BARAT;MAJENE;MALUNDA;1015;LAMUNGANG BATU;505;327;13;11;12;5;98;139;188;38;99;326;2;44;55;5;87;3;154;189;157;Sem 2 2024
174;SULAWESI BARAT;MAJENE;MALUNDA;2002;BAMBANGAN;334;326;5;8;4;1;128;146;180;46;136;313;4;14;116;11;64;13;132;168;82;Sem 2 2024
175;SULAWESI BARAT;MAJENE;MALUNDA;2004;LOMBANG;226;160;9;17;18;11;25;80;80;15;43;159;1;31;52;2;32;2;56;71;47;Sem 2 2024
176;SULAWESI BARAT;MAJENE;MALUNDA;2005;LOMBONG;655;405;2;4;1;2;106;115;290;56;133;405;5;0;37;9;80;6;188;227;167;Sem 2 2024
177;SULAWESI BARAT;MAJENE;MALUNDA;2006;MEKKATTA;618;425;3;1;0;0;154;158;267;58;125;423;7;0;87;8;88;11;169;220;213;Sem 2 2024
178;SULAWESI BARAT;MAJENE;MALUNDA;2010;MALIAYA;483;317;17;9;12;18;32;88;229;38;98;317;0;1;23;5;80;9;143;186;127;Sem 2 2024
179;SULAWESI BARAT;MAJENE;MALUNDA;2011;LOMBANG TIMUR;289;203;0;0;0;0;15;15;188;21;55;202;6;0;6;3;35;3;58;84;36;Sem 2 2024
180;SULAWESI BARAT;MAJENE;MALUNDA;2012;SALUTAHONGAN;262;204;54;14;6;8;26;108;96;35;83;202;4;3;90;9;37;7;115;132;62;Sem 2 2024
181;SULAWESI BARAT;MAJENE;MALUNDA;2013;LOMBONG TIMUR;324;217;32;30;22;10;61;155;62;38;65;214;4;35;110;2;44;4;92;108;112;Sem 2 2024
182;SULAWESI BARAT;MAJENE;MALUNDA;2014;MEKKATTA SELATAN;284;208;8;10;7;4;28;57;151;37;84;208;3;3;40;8;45;6;94;117;45;Sem 2 2024
183;SULAWESI BARAT;MAJENE;MALUNDA;2016;KAYUANGIN;459;302;6;14;14;6;43;83;219;36;99;300;4;7;54;5;56;4;116;141;95;Sem 2 2024
184;SULAWESI BARAT;MAJENE;BANGGAE TIMUR;1001;BAURUNG;1393;903;11;21;24;16;96;168;735;107;266;900;1;0;84;20;219;15;345;461;264;Sem 2 2024
185;SULAWESI BARAT;MAJENE;BANGGAE TIMUR;1002;BARUGA;524;291;17;9;10;2;38;76;215;41;72;291;6;18;40;1;73;6;118;157;87;Sem 2 2024
186;SULAWESI BARAT;MAJENE;BANGGAE TIMUR;1003;BARUGA DHUA;567;302;4;4;8;3;41;60;242;55;99;301;13;3;10;5;78;8;114;157;116;Sem 2 2024
187;SULAWESI BARAT;MAJENE;BANGGAE TIMUR;1004;LABUANG;1312;645;3;8;5;9;142;167;478;60;141;640;13;1;44;1;176;15;198;310;315;Sem 2 2024
188;SULAWESI BARAT;MAJENE;BANGGAE TIMUR;1005;TANDE;449;197;5;9;3;4;10;31;166;23;44;197;9;7;1;0;52;2;87;111;62;Sem 2 2024
189;SULAWESI BARAT;MAJENE;BANGGAE TIMUR;1006;LEMBANG;1778;1196;10;14;8;15;196;243;953;134;348;1184;26;8;45;19;299;21;425;617;489;Sem 2 2024
190;SULAWESI BARAT;MAJENE;BANGGAE TIMUR;1007;LABUANG UTARA;1280;707;4;4;10;11;91;120;587;70;182;705;1;2;28;6;184;11;273;383;244;Sem 2 2024
191;SULAWESI BARAT;MAJENE;BANGGAE TIMUR;1008;TANDE TIMUR;606;338;10;6;5;2;92;115;223;47;95;337;3;0;12;4;87;7;127;185;223;Sem 2 2024
192;SULAWESI BARAT;MAJENE;BANGGAE TIMUR;2009;BUTTU BARUGA;259;176;9;7;3;5;21;45;131;32;47;175;9;0;31;1;38;2;51;71;54;Sem 2 2024
193;SULAWESI BARAT;MAJENE;PAMBOANG;1001;LALAMPANUA;515;268;4;5;4;4;26;43;225;34;74;266;4;0;12;2;75;3;98;150;82;Sem 2 2024
194;SULAWESI BARAT;MAJENE;PAMBOANG;1002;SIRINDU;462;246;1;1;1;0;41;44;202;43;75;245;0;0;16;0;63;2;115;141;72;Sem 2 2024
195;SULAWESI BARAT;MAJENE;PAMBOANG;2003;ADOLANG;299;172;11;2;2;0;45;60;112;21;44;172;6;29;15;0;34;8;76;94;63;Sem 2 2024
196;SULAWESI BARAT;MAJENE;PAMBOANG;2004;BABABULO;484;333;15;11;4;4;23;57;276;74;106;332;6;1;3;4;83;8;149;185;105;Sem 2 2024
197;SULAWESI BARAT;MAJENE;PAMBOANG;2005;BONDE;620;383;21;11;9;4;66;111;272;57;92;382;20;3;62;7;76;7;185;232;104;Sem 2 2024
198;SULAWESI BARAT;MAJENE;PAMBOANG;2006;BETTENG;270;174;7;7;5;5;7;31;143;42;58;172;1;3;5;2;39;7;88;104;53;Sem 2 2024
199;SULAWESI BARAT;MAJENE;PAMBOANG;2007;SIMBANG;224;126;6;7;3;6;14;36;90;27;29;126;0;7;4;1;23;3;54;65;61;Sem 2 2024
200;SULAWESI BARAT;MAJENE;PAMBOANG;2008;BONDE UTARA;981;696;6;11;9;4;183;213;483;143;195;694;31;0;82;37;130;11;266;355;326;Sem 2 2024
201;SULAWESI BARAT;MAJENE;PAMBOANG;2009;BABABULO UTARA;334;206;4;2;0;0;12;18;188;28;57;204;1;0;4;0;62;3;100;126;49;Sem 2 2024
202;SULAWESI BARAT;MAJENE;PAMBOANG;2010;BUTTU PAMBOANG;253;159;4;3;3;2;6;18;141;31;53;159;1;1;2;3;37;1;59;79;45;Sem 2 2024
203;SULAWESI BARAT;MAJENE;PAMBOANG;2011;BANUA ADOLANG;240;167;34;11;3;6;6;60;107;34;68;166;0;5;39;5;31;8;103;117;46;Sem 2 2024
204;SULAWESI BARAT;MAJENE;PAMBOANG;2012;ADOLANG DHUA;257;164;24;9;5;2;9;49;115;27;43;163;3;3;25;0;37;3;79;95;56;Sem 2 2024
205;SULAWESI BARAT;MAJENE;PAMBOANG;2013;TINAMBUNG;690;388;11;5;4;2;97;119;269;66;107;386;19;7;20;8;101;9;150;210;207;Sem 2 2024
206;SULAWESI BARAT;MAJENE;PAMBOANG;2014;PESULOANG;282;173;1;0;1;3;17;22;151;34;57;173;7;0;7;3;44;3;80;104;39;Sem 2 2024
207;SULAWESI BARAT;MAJENE;PAMBOANG;2015;BALOMBONG;365;181;12;11;5;3;15;46;135;30;60;181;1;4;26;1;43;7;70;97;53;Sem 2 2024
208;SULAWESI BARAT;MAJENE;SENDANA;1001;MOSSO;1202;703;8;14;10;5;141;178;525;118;165;699;17;1;45;15;146;18;292;363;359;Sem 2 2024
209;SULAWESI BARAT;MAJENE;SENDANA;1002;MOSSO DHUA;447;238;16;5;5;9;29;64;174;30;72;237;0;0;15;1;70;4;122;145;109;Sem 2 2024
210;SULAWESI BARAT;MAJENE;SENDANA;2004;TOTOLISI SENDANA;458;270;3;3;7;6;40;59;211;27;79;269;1;0;2;4;65;2;132;159;128;Sem 2 2024
211;SULAWESI BARAT;MAJENE;SENDANA;2007;TALLUBANUA;557;388;46;18;13;6;67;150;238;87;142;385;7;2;36;13;77;12;180;213;242;Sem 2 2024
212;SULAWESI BARAT;MAJENE;SENDANA;2015;LALATEDZONG;316;180;1;2;2;3;21;29;151;25;44;180;2;2;8;4;54;4;74;99;68;Sem 2 2024
213;SULAWESI BARAT;MAJENE;SENDANA;2016;BINANGA;203;111;2;1;0;0;3;6;105;16;31;111;1;0;0;1;21;2;43;51;22;Sem 2 2024
214;SULAWESI BARAT;MAJENE;SENDANA;2017;PUTTADA;206;120;4;3;2;0;10;19;101;18;33;119;1;1;8;0;29;1;46;61;38;Sem 2 2024
215;SULAWESI BARAT;MAJENE;SENDANA;2018;PAMINGGALAN;148;101;18;13;12;7;4;54;47;12;25;101;0;2;44;0;26;2;47;59;36;Sem 2 2024
216;SULAWESI BARAT;MAJENE;SENDANA;2019;LEPPANGANG;192;126;2;5;3;1;13;24;102;14;27;126;2;2;6;3;24;2;48;67;56;Sem 2 2024
217;SULAWESI BARAT;MAJENE;SENDANA;2020;PUNDAU;178;113;2;4;6;1;9;22;91;14;51;112;1;0;11;4;18;5;46;55;35;Sem 2 2024
218;SULAWESI BARAT;MAJENE;SENDANA;2021;SENDANA;258;152;1;0;1;2;7;11;141;17;44;152;0;0;2;0;31;3;64;76;44;Sem 2 2024
219;SULAWESI BARAT;MAJENE;SENDANA;2022;BANUA SENDANA;401;231;0;4;3;4;209;220;11;37;66;228;6;0;211;3;51;9;111;135;127;Sem 2 2024
220;SULAWESI BARAT;MAJENE;SENDANA;2023;TALLUBANUA UTARA;455;289;0;0;2;3;23;28;261;39;98;289;1;5;5;0;70;8;140;170;71;Sem 2 2024
221;SULAWESI BARAT;MAJENE;SENDANA;2024;LIMBORO RAMBU-RAMBU;213;152;8;4;1;0;9;22;130;28;49;152;9;6;7;1;29;3;82;90;35;Sem 2 2024
222;SULAWESI BARAT;MAJENE;SENDANA;2025;LIMBUA;572;272;4;3;0;1;31;39;233;34;72;272;0;1;4;0;64;6;119;148;118;Sem 2 2024
223;SULAWESI BARAT;MAJENE;SENDANA;2026;BUKIT SAMANG;358;214;14;10;2;2;28;56;158;28;64;213;10;3;6;5;53;5;110;136;84;Sem 2 2024
224;SULAWESI BARAT;MAJENE;TAMMERODO SENDANA;2001;SEPPONG;400;226;10;7;4;8;16;45;181;30;59;226;10;14;18;2;56;6;106;133;57;Sem 2 2024
225;SULAWESI BARAT;MAJENE;TAMMERODO SENDANA;2002;TAMMERODO;614;355;1;2;2;2;134;141;214;69;81;354;8;0;64;5;89;12;139;189;203;Sem 2 2024
226;SULAWESI BARAT;MAJENE;TAMMERODO SENDANA;2003;ULIDANG;515;301;15;11;5;7;48;86;215;30;78;299;10;28;51;1;79;7;139;174;91;Sem 2 2024
227;SULAWESI BARAT;MAJENE;TAMMERODO SENDANA;2004;TALLAMBALAO;518;323;15;22;19;16;41;113;210;27;95;321;11;30;70;3;89;4;132;179;77;Sem 2 2024
228;SULAWESI BARAT;MAJENE;TAMMERODO SENDANA;2005;TAMMERODO UTARA;573;352;1;1;0;3;80;85;267;68;87;351;13;5;32;3;75;7;122;167;157;Sem 2 2024
229;SULAWESI BARAT;MAJENE;TAMMERODO SENDANA;2006;MANYAMBA;363;247;27;30;12;15;32;116;131;20;61;245;7;89;60;5;56;3;106;134;50;Sem 2 2024
230;SULAWESI BARAT;MAJENE;TAMMERODO SENDANA;2007;AWO;531;347;25;11;11;2;186;235;112;49;97;345;16;84;197;15;89;2;138;194;209;Sem 2 2024
231;SULAWESI BARAT;MAJENE;TUBO SENDANA;2001;ONANG;870;595;53;61;32;22;38;206;389;52;163;591;4;14;141;6;118;8;302;344;161;Sem 2 2024
232;SULAWESI BARAT;MAJENE;TUBO SENDANA;2002;TUBO;265;150;13;8;6;4;10;41;109;8;52;150;0;1;24;0;43;5;80;100;40;Sem 2 2024
233;SULAWESI BARAT;MAJENE;TUBO SENDANA;2003;ONANG UTARA;292;165;9;12;4;4;12;41;124;22;48;165;4;0;18;0;33;6;71;92;52;Sem 2 2024
234;SULAWESI BARAT;MAJENE;TUBO SENDANA;2004;TUBO SELATAN;190;132;5;0;1;1;8;15;117;26;44;130;6;0;6;1;29;6;66;81;29;Sem 2 2024
235;SULAWESI BARAT;MAJENE;TUBO SENDANA;2005;BONDE BONDE;258;158;1;1;0;0;3;5;153;17;41;158;5;2;0;1;33;2;65;79;39;Sem 2 2024
236;SULAWESI BARAT;MAJENE;TUBO SENDANA;2006;TUBO TENGAH;253;140;6;7;5;1;8;27;113;19;28;140;4;4;16;1;34;3;62;78;34;Sem 2 2024
237;SULAWESI BARAT;MAJENE;TUBO SENDANA;2007;TUBO POANG;193;124;5;2;3;2;9;21;103;15;54;123;2;6;8;0;31;0;78;90;24;Sem 2 2024
238;SULAWESI BARAT;MAJENE;ULUMANDA;2001;KABIRAAN;332;229;12;19;12;3;9;55;174;16;49;228;0;22;26;1;57;3;77;104;53;Sem 2 2024
239;SULAWESI BARAT;MAJENE;ULUMANDA;2002;SAMBABO;236;152;9;3;9;3;6;30;122;7;44;150;3;12;9;2;38;3;63;80;37;Sem 2 2024
240;SULAWESI BARAT;MAJENE;ULUMANDA;2003;TANDEALLO;353;227;14;17;6;2;13;52;175;7;48;222;0;24;20;2;58;0;76;111;60;Sem 2 2024
241;SULAWESI BARAT;MAJENE;ULUMANDA;2004;ULUMANDA;324;253;12;4;2;3;5;26;227;29;66;252;11;17;12;4;64;3;91;118;64;Sem 2 2024
242;SULAWESI BARAT;MAJENE;ULUMANDA;2005;SALUTAMBUNG;354;224;10;6;7;5;19;47;177;23;50;221;0;9;19;2;50;2;87;112;69;Sem 2 2024
243;SULAWESI BARAT;MAJENE;ULUMANDA;2006;POPENGA;249;162;10;3;4;2;1;20;142;2;34;162;0;8;18;1;37;1;68;79;32;Sem 2 2024
244;SULAWESI BARAT;MAJENE;ULUMANDA;2007;SULAI;274;188;1;2;1;2;9;15;173;24;66;186;7;1;5;4;35;4;83;98;39;Sem 2 2024
245;SULAWESI BARAT;MAJENE;ULUMANDA;2008;PANGGALO;342;232;29;14;11;2;8;64;168;4;32;230;0;34;35;7;59;1;55;104;99;Sem 2 2024
246;SULAWESI BARAT;POLEWALI MANDAR;ALLU;1009;PETOOSANG;490;235;28;19;13;16;81;157;78;32;73;229;2;68;82;6;43;7;86;117;151;Sem 2 2024
247;SULAWESI BARAT;POLEWALI MANDAR;ALLU;2002;MOMBI;668;289;21;20;10;12;28;91;198;33;87;288;2;34;35;7;65;8;114;159;108;Sem 2 2024
248;SULAWESI BARAT;POLEWALI MANDAR;ALLU;2003;KALUMAMMANG;436;232;46;13;11;4;26;100;132;28;56;232;3;0;44;9;47;4;95;124;130;Sem 2 2024
249;SULAWESI BARAT;POLEWALI MANDAR;ALLU;2004;PAO-PAO;630;380;25;12;8;6;15;66;314;26;92;379;7;13;50;6;92;6;134;185;100;Sem 2 2024
250;SULAWESI BARAT;POLEWALI MANDAR;ALLU;2005;PUPPU URING;464;313;32;7;6;3;10;58;255;24;123;309;7;22;17;14;61;5;153;186;75;Sem 2 2024
251;SULAWESI BARAT;POLEWALI MANDAR;ALLU;2006;SARAGIAN;483;262;48;14;8;4;16;90;172;44;68;261;4;3;26;3;62;5;100;131;143;Sem 2 2024
252;SULAWESI BARAT;POLEWALI MANDAR;ALLU;2007;SAYOANG;184;101;3;2;4;2;5;16;85;13;22;101;5;2;5;2;22;5;44;55;33;Sem 2 2024
253;SULAWESI BARAT;POLEWALI MANDAR;ALLU;2008;ALU;427;249;43;17;9;7;18;94;155;23;54;247;0;15;50;2;56;3;106;131;98;Sem 2 2024
254;SULAWESI BARAT;POLEWALI MANDAR;ANREAPI;1001;ANREAPI;373;228;3;6;2;2;5;18;210;35;63;227;14;4;2;0;59;2;70;109;36;Sem 2 2024
255;SULAWESI BARAT;POLEWALI MANDAR;ANREAPI;2002;DUAMPANUA;853;561;17;9;10;6;10;52;509;58;137;556;1;6;3;9;125;5;174;261;147;Sem 2 2024
256;SULAWESI BARAT;POLEWALI MANDAR;ANREAPI;2003;KELAPA DUA;627;387;13;12;14;11;10;60;327;23;79;386;1;12;20;5;108;2;110;191;89;Sem 2 2024
257;SULAWESI BARAT;POLEWALI MANDAR;ANREAPI;2004;PAPPANDANGAN;500;320;14;18;26;12;9;79;241;32;66;319;3;41;38;4;64;0;73;117;45;Sem 2 2024
258;SULAWESI BARAT;POLEWALI MANDAR;ANREAPI;2005;KUNYI;494;299;38;33;30;16;17;134;165;23;54;298;0;109;122;0;80;1;95;144;50;Sem 2 2024
259;SULAWESI BARAT;POLEWALI MANDAR;BALANIPA;1002;BALANIPA;872;495;84;37;34;21;56;232;263;77;133;493;6;25;138;15;104;17;180;254;237;Sem 2 2024
260;SULAWESI BARAT;POLEWALI MANDAR;BALANIPA;2001;TAMMAJARRA;494;297;33;15;7;4;12;71;226;38;104;294;5;7;19;6;67;5;130;174;91;Sem 2 2024
261;SULAWESI BARAT;POLEWALI MANDAR;BALANIPA;2003;TAMANGGALLE;654;379;4;2;1;3;148;158;221;54;113;375;7;1;42;13;84;8;149;203;245;Sem 2 2024
262;SULAWESI BARAT;POLEWALI MANDAR;BALANIPA;2004;MOSSO;227;119;6;3;7;3;0;19;100;8;29;119;1;1;11;1;21;1;24;42;29;Sem 2 2024
263;SULAWESI BARAT;POLEWALI MANDAR;BALANIPA;2005;GALUNG TULUK;937;548;182;49;42;15;51;339;209;42;161;547;0;196;76;2;117;12;229;288;296;Sem 2 2024
264;SULAWESI BARAT;POLEWALI MANDAR;BALANIPA;2006;SABANG SUBIK;864;468;20;12;12;12;31;87;381;54;134;465;0;10;30;6;112;10;191;254;153;Sem 2 2024
265;SULAWESI BARAT;POLEWALI MANDAR;BALANIPA;2007;PAMBUSUANG;1707;944;6;6;7;2;240;261;683;184;257;937;17;11;26;22;202;23;356;487;513;Sem 2 2024
266;SULAWESI BARAT;POLEWALI MANDAR;BALANIPA;2008;BALA;1494;903;45;22;20;15;192;294;609;160;246;903;17;9;34;23;195;15;284;426;575;Sem 2 2024
267;SULAWESI BARAT;POLEWALI MANDAR;BALANIPA;2009;LAMBANAN;174;67;4;4;0;2;5;15;52;9;23;67;0;4;1;0;15;4;24;33;37;Sem 2 2024
268;SULAWESI BARAT;POLEWALI MANDAR;BALANIPA;2010;LEGO;382;220;23;15;3;6;18;65;155;33;65;219;3;9;22;4;48;3;72;105;109;Sem 2 2024
269;SULAWESI BARAT;POLEWALI MANDAR;BALANIPA;2011;PALLIS;186;102;18;11;10;8;10;57;45;8;15;102;1;30;10;1;34;0;38;57;69;Sem 2 2024
270;SULAWESI BARAT;POLEWALI MANDAR;BINUANG;1005;AMASSANGAN;1059;689;50;50;29;17;97;243;446;86;179;682;14;3;110;10;165;9;234;334;358;Sem 2 2024
271;SULAWESI BARAT;POLEWALI MANDAR;BINUANG;2001;TONYAMAN;1398;868;43;46;42;21;96;248;620;92;219;859;2;21;159;11;196;11;317;431;231;Sem 2 2024
272;SULAWESI BARAT;POLEWALI MANDAR;BINUANG;2002;KUAJANG;1106;742;16;26;25;23;91;181;561;108;176;741;21;0;34;9;177;20;270;370;357;Sem 2 2024
273;SULAWESI BARAT;POLEWALI MANDAR;BINUANG;2003;PAKU;736;391;13;18;19;11;41;102;289;17;76;389;3;7;27;2;92;0;143;197;169;Sem 2 2024
274;SULAWESI BARAT;POLEWALI MANDAR;BINUANG;2004;MIRRING;863;504;19;19;24;9;33;104;400;31;119;502;18;2;11;2;117;5;187;254;211;Sem 2 2024
275;SULAWESI BARAT;POLEWALI MANDAR;BINUANG;2006;BATETANGNGA;1873;1177;47;41;52;35;146;321;856;75;235;1171;32;26;143;12;290;13;367;549;523;Sem 2 2024
276;SULAWESI BARAT;POLEWALI MANDAR;BINUANG;2007;MAMMI;501;396;11;9;7;5;33;65;331;73;117;393;19;14;28;5;95;8;136;191;96;Sem 2 2024
277;SULAWESI BARAT;POLEWALI MANDAR;BINUANG;2008;KALEOK;343;225;16;5;6;1;3;31;194;14;47;224;0;13;15;1;61;0;76;108;44;Sem 2 2024
278;SULAWESI BARAT;POLEWALI MANDAR;BINUANG;2009;AMOLA;469;300;17;8;12;8;18;63;237;13;44;300;0;5;10;0;77;1;89;139;119;Sem 2 2024
279;SULAWESI BARAT;POLEWALI MANDAR;BINUANG;2010;REA;858;495;27;17;12;13;25;94;401;78;127;492;3;19;38;4;98;8;172;229;138;Sem 2 2024
280;SULAWESI BARAT;POLEWALI MANDAR;BULO;2001;BULO;250;157;2;1;2;1;7;13;144;12;44;154;19;0;7;5;33;1;28;54;24;Sem 2 2024
281;SULAWESI BARAT;POLEWALI MANDAR;BULO;2002;PULLIWA;760;506;49;37;27;16;57;186;320;31;122;504;20;49;110;5;123;5;125;212;156;Sem 2 2024
282;SULAWESI BARAT;POLEWALI MANDAR;BULO;2003;PATAMBANUA;225;167;15;1;0;0;1;17;150;14;48;166;0;2;12;0;41;2;62;79;13;Sem 2 2024
283;SULAWESI BARAT;POLEWALI MANDAR;BULO;2004;KAROMBANG;339;238;21;3;0;0;53;77;161;28;46;233;9;11;66;5;47;1;63;95;44;Sem 2 2024
284;SULAWESI BARAT;POLEWALI MANDAR;BULO;2005;DAALA TIMUR;227;168;5;2;0;0;1;8;160;19;27;167;9;0;7;2;40;1;60;78;11;Sem 2 2024
285;SULAWESI BARAT;POLEWALI MANDAR;BULO;2006;LENGGO;166;128;3;2;2;0;19;26;102;1;22;127;0;20;4;1;17;0;37;49;19;Sem 2 2024
286;SULAWESI BARAT;POLEWALI MANDAR;BULO;2007;SABURA;167;120;3;5;1;0;7;16;104;3;18;118;6;6;9;4;19;0;24;42;25;Sem 2 2024
287;SULAWESI BARAT;POLEWALI MANDAR;BULO;2008;SEPPORRAKI;247;163;4;0;0;1;7;12;151;18;32;163;11;0;0;6;32;1;25;54;43;Sem 2 2024
288;SULAWESI BARAT;POLEWALI MANDAR;BULO;2009;IHING;261;198;3;2;5;2;1;13;185;26;30;197;18;0;1;4;49;0;37;80;46;Sem 2 2024
289;SULAWESI BARAT;POLEWALI MANDAR;CAMPALAGIAN;1001;PAPPANG;915;440;13;16;17;16;85;147;293;58;95;435;23;6;40;3;94;5;161;210;285;Sem 2 2024
290;SULAWESI BARAT;POLEWALI MANDAR;CAMPALAGIAN;2002;LALIKO;806;523;65;41;30;13;42;191;332;75;169;521;9;7;35;7;130;11;248;307;294;Sem 2 2024
291;SULAWESI BARAT;POLEWALI MANDAR;CAMPALAGIAN;2003;BONDE;1245;557;29;33;28;27;68;185;372;47;113;556;10;3;31;2;151;9;205;295;340;Sem 2 2024
292;SULAWESI BARAT;POLEWALI MANDAR;CAMPALAGIAN;2004;KATUMBANGAN LEMO;1012;570;37;20;13;10;121;201;369;43;112;559;18;16;111;7;117;6;164;248;320;Sem 2 2024
293;SULAWESI BARAT;POLEWALI MANDAR;CAMPALAGIAN;2005;PANYAMPA;946;578;16;17;10;3;233;279;299;106;160;574;25;4;177;15;149;11;226;307;352;Sem 2 2024
294;SULAWESI BARAT;POLEWALI MANDAR;CAMPALAGIAN;2006;SURUANG;586;293;46;12;13;5;22;98;195;54;79;291;14;0;62;3;60;8;113;146;119;Sem 2 2024
295;SULAWESI BARAT;POLEWALI MANDAR;CAMPALAGIAN;2007;LAMPOKO;1016;662;84;40;26;14;31;195;467;81;174;656;29;10;51;6;143;12;223;318;315;Sem 2 2024
296;SULAWESI BARAT;POLEWALI MANDAR;CAMPALAGIAN;2008;KATUMBANGAN;1209;689;41;30;25;11;38;145;544;77;181;687;37;21;21;11;154;4;215;313;311;Sem 2 2024
297;SULAWESI BARAT;POLEWALI MANDAR;CAMPALAGIAN;2009;LAPEO;925;514;11;16;12;11;94;144;370;54;138;511;14;1;5;6;111;14;200;268;298;Sem 2 2024
298;SULAWESI BARAT;POLEWALI MANDAR;CAMPALAGIAN;2010;PARAPPE;1240;704;40;19;12;3;196;270;434;76;187;694;13;11;52;8;150;10;263;348;471;Sem 2 2024
299;SULAWESI BARAT;POLEWALI MANDAR;CAMPALAGIAN;2011;ONGKO;519;277;22;20;27;17;37;123;154;24;65;274;28;77;70;5;66;5;71;120;134;Sem 2 2024
300;SULAWESI BARAT;POLEWALI MANDAR;CAMPALAGIAN;2012;KENJE;963;515;37;36;30;18;78;199;316;75;136;511;12;27;11;16;121;11;167;257;356;Sem 2 2024
301;SULAWESI BARAT;POLEWALI MANDAR;CAMPALAGIAN;2013;SUMARRANG;1475;908;109;60;38;14;86;307;601;112;215;902;24;19;157;24;190;9;283;423;435;Sem 2 2024
302;SULAWESI BARAT;POLEWALI MANDAR;CAMPALAGIAN;2014;BOTTO;680;456;31;21;18;5;25;100;356;15;99;451;33;11;16;5;108;5;154;219;161;Sem 2 2024
303;SULAWESI BARAT;POLEWALI MANDAR;CAMPALAGIAN;2015;GATTUNGAN;549;356;18;13;8;2;45;86;270;56;94;354;10;0;21;13;88;5;110;173;163;Sem 2 2024
304;SULAWESI BARAT;POLEWALI MANDAR;CAMPALAGIAN;2016;PADANG TIMUR;472;256;36;24;29;18;33;140;116;27;60;255;10;84;38;6;60;7;106;149;111;Sem 2 2024
305;SULAWESI BARAT;POLEWALI MANDAR;CAMPALAGIAN;2017;PADANG;355;180;1;5;5;2;61;74;106;21;39;179;4;4;42;2;29;3;34;60;119;Sem 2 2024
306;SULAWESI BARAT;POLEWALI MANDAR;CAMPALAGIAN;2018;LAGI-AGI;769;431;11;3;7;4;27;52;379;41;119;426;14;0;11;5;106;5;152;216;108;Sem 2 2024
307;SULAWESI BARAT;POLEWALI MANDAR;LIMBORO;1001;LIMBORO;621;256;44;28;27;22;52;173;83;45;59;256;10;150;35;5;70;6;111;152;133;Sem 2 2024
308;SULAWESI BARAT;POLEWALI MANDAR;LIMBORO;2002;LEMBANG LEMBANG;851;377;50;58;38;33;60;239;138;39;88;377;10;205;46;0;102;8;158;218;136;Sem 2 2024
309;SULAWESI BARAT;POLEWALI MANDAR;LIMBORO;2003;TANDASURA;417;230;25;30;18;10;16;99;131;28;63;226;5;9;82;0;55;5;88;115;62;Sem 2 2024
310;SULAWESI BARAT;POLEWALI MANDAR;LIMBORO;2004;SAMASUNDU;498;214;24;4;13;5;7;53;161;20;49;213;9;31;13;0;44;6;95;125;52;Sem 2 2024
311;SULAWESI BARAT;POLEWALI MANDAR;LIMBORO;2005;NAPO;592;298;45;23;12;9;24;113;185;39;86;296;5;15;58;1;69;5;120;152;115;Sem 2 2024
312;SULAWESI BARAT;POLEWALI MANDAR;LIMBORO;2006;TODANG TODANG;241;115;39;27;12;8;13;99;16;14;32;114;1;94;9;0;28;4;46;65;70;Sem 2 2024
313;SULAWESI BARAT;POLEWALI MANDAR;LIMBORO;2007;PENDULANGAN;198;111;27;6;6;4;10;53;58;6;44;108;2;7;27;2;19;2;47;59;43;Sem 2 2024
314;SULAWESI BARAT;POLEWALI MANDAR;LIMBORO;2008;RENGGEANG;420;208;35;32;19;9;23;118;90;30;53;208;10;92;12;3;54;3;73;103;77;Sem 2 2024
315;SULAWESI BARAT;POLEWALI MANDAR;LIMBORO;2009;SALARRI;256;153;22;15;11;3;11;62;91;19;53;150;1;28;13;0;30;2;58;73;79;Sem 2 2024
316;SULAWESI BARAT;POLEWALI MANDAR;LIMBORO;2010;TANGAN BARU;332;169;30;15;12;6;23;86;83;23;28;169;5;16;48;2;42;3;62;93;76;Sem 2 2024
317;SULAWESI BARAT;POLEWALI MANDAR;LIMBORO;2011;PALECE;438;204;33;30;27;12;47;149;55;38;50;202;3;141;11;1;53;6;85;123;64;Sem 2 2024
318;SULAWESI BARAT;POLEWALI MANDAR;LUYO;1004;BATUPANGA;872;536;81;61;43;21;52;258;278;37;108;534;17;53;190;8;126;6;143;235;246;Sem 2 2024
319;SULAWESI BARAT;POLEWALI MANDAR;LUYO;2001;MAMBU;698;444;21;11;10;3;21;66;378;66;124;443;0;3;10;11;98;3;136;194;160;Sem 2 2024
320;SULAWESI BARAT;POLEWALI MANDAR;LUYO;2002;TENGGELANG;964;589;59;57;63;25;69;273;316;51;148;587;5;29;205;10;140;10;213;297;221;Sem 2 2024
321;SULAWESI BARAT;POLEWALI MANDAR;LUYO;2003;BARU;1098;644;32;28;25;18;52;155;489;83;140;638;59;20;44;11;144;13;268;340;251;Sem 2 2024
322;SULAWESI BARAT;POLEWALI MANDAR;LUYO;2005;PUSSUI;536;324;16;10;12;4;13;55;269;31;77;322;0;10;12;8;80;6;115;170;112;Sem 2 2024
323;SULAWESI BARAT;POLEWALI MANDAR;LUYO;2006;MAPILI BARAT;777;414;11;14;17;15;28;85;329;45;127;410;24;2;6;3;92;13;184;232;169;Sem 2 2024
324;SULAWESI BARAT;POLEWALI MANDAR;LUYO;2007;SAMBALI WALI;702;416;59;42;25;15;31;172;244;48;85;414;12;31;130;8;97;5;127;202;152;Sem 2 2024
325;SULAWESI BARAT;POLEWALI MANDAR;LUYO;2008;BATUPANGA DAALA;766;472;105;44;28;16;6;199;273;16;106;470;39;106;96;5;103;8;191;249;124;Sem 2 2024
326;SULAWESI BARAT;POLEWALI MANDAR;LUYO;2009;LUYO;550;339;25;24;8;13;26;96;243;39;70;338;1;41;36;5;84;2;122;168;106;Sem 2 2024
327;SULAWESI BARAT;POLEWALI MANDAR;LUYO;2010;PUSSUI BARAT;340;228;58;32;18;9;37;154;74;28;65;226;0;84;105;9;35;4;88;110;79;Sem 2 2024
328;SULAWESI BARAT;POLEWALI MANDAR;LUYO;2011;PUCCADI;502;306;12;5;11;3;18;49;257;15;52;305;20;2;10;2;75;3;115;162;83;Sem 2 2024
329;SULAWESI BARAT;POLEWALI MANDAR;MAPILLI;1001;MAPILI;525;306;9;10;10;11;32;72;234;28;63;306;9;0;6;2;78;0;123;171;140;Sem 2 2024
330;SULAWESI BARAT;POLEWALI MANDAR;MAPILLI;2002;UGIBARU;735;409;19;16;23;20;59;137;272;45;96;408;29;9;27;6;110;4;165;239;213;Sem 2 2024
331;SULAWESI BARAT;POLEWALI MANDAR;MAPILLI;2003;RUMPA;887;525;43;29;47;26;113;258;267;50;97;518;15;9;117;8;107;8;134;232;361;Sem 2 2024
332;SULAWESI BARAT;POLEWALI MANDAR;MAPILLI;2005;KURMA;968;584;41;35;32;18;38;164;420;50;138;581;19;77;13;5;124;11;230;301;203;Sem 2 2024
333;SULAWESI BARAT;POLEWALI MANDAR;MAPILLI;2007;BUKU;641;351;20;17;16;11;10;74;277;14;67;349;1;14;19;5;72;3;132;177;99;Sem 2 2024
334;SULAWESI BARAT;POLEWALI MANDAR;MAPILLI;2009;BONNE BONNE;536;276;5;13;5;9;27;59;217;20;56;275;11;8;8;4;70;2;103;147;124;Sem 2 2024
335;SULAWESI BARAT;POLEWALI MANDAR;MAPILLI;2011;BEROANGIN;565;393;14;15;11;8;65;113;280;48;114;388;14;25;23;14;72;8;115;172;166;Sem 2 2024
336;SULAWESI BARAT;POLEWALI MANDAR;MAPILLI;2015;SEGERANG;405;234;14;12;6;3;10;45;189;15;60;234;0;4;28;3;48;1;71;104;45;Sem 2 2024
337;SULAWESI BARAT;POLEWALI MANDAR;MAPILLI;2016;BONRA;813;435;42;34;23;22;29;150;285;15;99;434;31;24;54;4;111;6;164;228;201;Sem 2 2024
338;SULAWESI BARAT;POLEWALI MANDAR;MAPILLI;2017;SATTOKO;174;112;11;4;2;1;2;20;92;18;30;112;0;0;10;1;24;2;28;42;28;Sem 2 2024
339;SULAWESI BARAT;POLEWALI MANDAR;MAPILLI;2018;RAPPANG BARAT;765;473;8;8;10;11;10;47;426;35;130;469;16;1;16;0;102;2;163;224;127;Sem 2 2024
340;SULAWESI BARAT;POLEWALI MANDAR;MAPILLI;2019;LANDI KANUSUANG;943;629;57;31;33;16;175;312;317;71;133;625;5;203;86;21;127;8;156;256;289;Sem 2 2024
341;SULAWESI BARAT;POLEWALI MANDAR;MATAKALI;1001;MATAKALI;947;584;10;17;17;18;34;96;488;35;127;581;3;6;23;3;149;3;176;272;178;Sem 2 2024
342;SULAWESI BARAT;POLEWALI MANDAR;MATAKALI;2002;PETAMPANUA;1310;770;25;33;46;50;105;259;511;8;110;768;0;9;177;2;193;4;241;376;213;Sem 2 2024
343;SULAWESI BARAT;POLEWALI MANDAR;MATAKALI;2003;BARUMBUNG;658;424;18;14;17;16;29;94;330;53;122;422;2;9;25;2;112;10;144;213;154;Sem 2 2024
344;SULAWESI BARAT;POLEWALI MANDAR;MATAKALI;2004;PASIANG;1128;723;22;45;29;11;47;154;569;77;153;720;2;24;79;10;164;8;235;342;201;Sem 2 2024
345;SULAWESI BARAT;POLEWALI MANDAR;MATAKALI;2005;TONROLIMA;777;484;21;26;15;15;31;108;376;61;109;481;3;24;22;4;126;7;144;230;178;Sem 2 2024
346;SULAWESI BARAT;POLEWALI MANDAR;MATAKALI;2006;INDOMAKKOMBONG;1017;618;11;27;24;16;32;110;508;48;152;614;1;30;33;6;150;6;138;255;135;Sem 2 2024
347;SULAWESI BARAT;POLEWALI MANDAR;MATAKALI;2007;BUNGA-BUNGA;358;241;9;7;5;2;15;38;203;26;65;237;1;3;14;1;58;6;83;118;73;Sem 2 2024
348;SULAWESI BARAT;POLEWALI MANDAR;MATANGNGA;1001;MATANGNGA;206;127;1;3;1;2;9;16;111;15;27;126;0;2;8;1;24;2;24;45;20;Sem 2 2024
349;SULAWESI BARAT;POLEWALI MANDAR;MATANGNGA;2002;LILLI;200;146;2;4;1;2;5;14;132;12;27;146;4;1;4;6;24;0;29;53;27;Sem 2 2024
350;SULAWESI BARAT;POLEWALI MANDAR;MATANGNGA;2003;RANGOAN;203;137;15;3;8;2;6;34;103;7;18;136;3;22;12;1;34;0;30;55;36;Sem 2 2024
351;SULAWESI BARAT;POLEWALI MANDAR;MATANGNGA;2004;TAPUA;329;226;83;20;8;3;25;139;87;15;61;226;1;111;43;6;61;1;68;108;44;Sem 2 2024
352;SULAWESI BARAT;POLEWALI MANDAR;MATANGNGA;2005;MAMBU TAPUA;180;123;8;6;1;1;9;25;98;12;28;122;5;15;10;5;21;2;21;41;20;Sem 2 2024
353;SULAWESI BARAT;POLEWALI MANDAR;MATANGNGA;2006;BA'BA TAPUA;124;100;11;20;9;3;19;62;38;18;29;100;2;57;21;4;22;3;16;36;19;Sem 2 2024
354;SULAWESI BARAT;POLEWALI MANDAR;MATANGNGA;2007;KATIMBANG;160;121;10;9;4;0;9;32;89;19;24;121;3;27;2;4;24;1;32;52;16;Sem 2 2024
355;SULAWESI BARAT;POLEWALI MANDAR;POLEWALI;1001;POLEWALI;1552;933;8;22;26;30;96;182;751;98;228;930;26;8;41;7;210;16;338;466;326;Sem 2 2024
356;SULAWESI BARAT;POLEWALI MANDAR;POLEWALI;1002;WATTANG;996;533;1;1;5;7;67;81;452;54;130;531;2;0;10;3;132;10;213;288;192;Sem 2 2024
357;SULAWESI BARAT;POLEWALI MANDAR;POLEWALI;1003;SULEWATANG;1048;600;44;47;14;21;41;167;433;40;157;599;1;48;102;4;154;9;225;319;123;Sem 2 2024
358;SULAWESI BARAT;POLEWALI MANDAR;POLEWALI;1004;LANTORA;1365;765;10;16;18;19;87;150;615;64;175;764;2;3;26;5;184;13;265;382;304;Sem 2 2024
359;SULAWESI BARAT;POLEWALI MANDAR;POLEWALI;1005;TAKATIDUNG;1511;914;38;34;38;24;112;246;668;96;243;911;18;0;159;8;224;15;330;447;289;Sem 2 2024
360;SULAWESI BARAT;POLEWALI MANDAR;POLEWALI;1006;PEKKABATA;1179;656;0;1;8;12;89;110;546;51;97;655;9;2;2;3;141;10;228;314;277;Sem 2 2024
361;SULAWESI BARAT;POLEWALI MANDAR;POLEWALI;1007;MADATE;2024;1181;41;37;29;44;249;400;781;66;271;1179;13;39;224;6;306;22;422;602;494;Sem 2 2024
362;SULAWESI BARAT;POLEWALI MANDAR;POLEWALI;1008;MANDING;1096;806;17;18;20;17;75;147;659;91;207;802;21;23;43;11;213;11;291;424;244;Sem 2 2024
363;SULAWESI BARAT;POLEWALI MANDAR;POLEWALI;1009;DARMA;1967;1131;9;11;21;14;54;109;1022;96;249;1124;19;11;9;8;290;13;445;610;257;Sem 2 2024
364;SULAWESI BARAT;POLEWALI MANDAR;TAPANGO;1001;PELITAKAN;526;290;5;16;24;9;48;102;188;13;74;287;0;61;12;0;69;3;87;134;126;Sem 2 2024
365;SULAWESI BARAT;POLEWALI MANDAR;TAPANGO;2002;TAPANGO;658;431;21;21;20;13;48;123;308;26;89;429;0;7;55;2;101;5;103;183;180;Sem 2 2024
366;SULAWESI BARAT;POLEWALI MANDAR;TAPANGO;2003;RAPPANG;589;372;34;21;19;13;18;105;267;41;93;371;2;19;62;6;90;8;100;165;105;Sem 2 2024
367;SULAWESI BARAT;POLEWALI MANDAR;TAPANGO;2004;DAKKA;544;355;10;9;8;3;15;45;310;32;74;355;8;1;16;2;89;1;92;161;103;Sem 2 2024
368;SULAWESI BARAT;POLEWALI MANDAR;TAPANGO;2005;BATU;311;182;19;15;6;4;6;50;132;15;36;182;1;39;15;5;43;0;38;74;33;Sem 2 2024
369;SULAWESI BARAT;POLEWALI MANDAR;TAPANGO;2006;RISO;551;340;26;19;12;6;10;73;267;10;66;339;3;12;46;3;90;1;97;157;88;Sem 2 2024
370;SULAWESI BARAT;POLEWALI MANDAR;TAPANGO;2007;PALATTA;403;262;11;15;12;12;23;73;189;8;65;261;3;14;39;1;71;2;69;118;77;Sem 2 2024
371;SULAWESI BARAT;POLEWALI MANDAR;TAPANGO;2008;TAPANGO BARAT;474;317;21;16;30;15;26;108;209;35;89;316;0;45;42;2;56;2;94;130;107;Sem 2 2024
372;SULAWESI BARAT;POLEWALI MANDAR;TAPANGO;2009;KURRAK;163;102;7;6;4;5;11;33;69;3;23;102;6;7;24;3;33;0;25;45;21;Sem 2 2024
373;SULAWESI BARAT;POLEWALI MANDAR;TAPANGO;2010;BUSSU;347;220;0;0;2;0;10;12;208;28;60;219;0;1;3;7;49;0;68;103;34;Sem 2 2024
374;SULAWESI BARAT;POLEWALI MANDAR;TAPANGO;2011;TUTTULA;254;185;6;5;5;6;3;25;160;20;48;185;3;10;4;1;34;2;55;74;44;Sem 2 2024
375;SULAWESI BARAT;POLEWALI MANDAR;TAPANGO;2012;JAMBU MALEA;473;316;11;12;10;6;11;50;266;32;94;316;1;17;13;6;64;8;115;155;79;Sem 2 2024
376;SULAWESI BARAT;POLEWALI MANDAR;TAPANGO;2013;KALIMBUA;385;272;14;11;4;3;6;38;234;18;63;271;5;3;22;9;63;0;55;109;63;Sem 2 2024
377;SULAWESI BARAT;POLEWALI MANDAR;TAPANGO;2014;BANATO REJO;665;434;10;15;30;22;26;103;331;30;89;433;5;80;34;5;71;1;67;125;58;Sem 2 2024
378;SULAWESI BARAT;POLEWALI MANDAR;TINAMBUNG;1001;TINAMBUNG;1044;440;12;18;30;20;171;251;189;54;95;440;4;174;15;2;124;6;164;250;248;Sem 2 2024
379;SULAWESI BARAT;POLEWALI MANDAR;TINAMBUNG;2002;KARAMA;1353;752;33;54;47;34;88;256;496;63;204;752;31;33;143;13;171;15;297;400;237;Sem 2 2024
380;SULAWESI BARAT;POLEWALI MANDAR;TINAMBUNG;2003;TANGNGA TANGNGA;869;471;91;97;85;51;110;434;37;54;145;468;0;415;74;1;109;11;193;252;223;Sem 2 2024
381;SULAWESI BARAT;POLEWALI MANDAR;TINAMBUNG;2004;LEKOPADIS;678;342;55;48;40;24;93;260;82;50;106;340;11;233;17;3;86;10;144;188;196;Sem 2 2024
382;SULAWESI BARAT;POLEWALI MANDAR;TINAMBUNG;2005;GALUNG LOMBOK;662;342;30;39;33;8;37;147;195;48;90;340;8;91;25;5;65;4;137;167;182;Sem 2 2024
383;SULAWESI BARAT;POLEWALI MANDAR;TINAMBUNG;2006;TANDUNG;533;287;31;40;38;22;64;195;92;30;87;284;3;161;40;0;80;3;140;181;131;Sem 2 2024
384;SULAWESI BARAT;POLEWALI MANDAR;TINAMBUNG;2007;BATULAYA;490;239;11;7;6;10;19;53;186;33;70;238;10;16;25;2;57;7;98;129;69;Sem 2 2024
385;SULAWESI BARAT;POLEWALI MANDAR;TINAMBUNG;2008;SEPABATU;623;286;43;42;22;29;84;220;66;36;81;285;3;186;41;4;78;8;106;151;160;Sem 2 2024
386;SULAWESI BARAT;POLEWALI MANDAR;TUTAR;1001;TARAMANU;408;295;109;45;18;15;15;202;93;9;44;293;12;83;148;4;78;1;106;146;81;Sem 2 2024
387;SULAWESI BARAT;POLEWALI MANDAR;TUTAR;2002;AMBOPADANG;414;376;9;8;9;9;28;63;313;17;62;376;13;27;11;8;91;1;86;156;80;Sem 2 2024
388;SULAWESI BARAT;POLEWALI MANDAR;TUTAR;2003;TUBBI;294;212;12;4;5;3;4;28;184;0;36;212;0;3;10;3;49;0;91;112;52;Sem 2 2024
389;SULAWESI BARAT;POLEWALI MANDAR;TUTAR;2004;RATTE;382;319;134;27;11;7;2;181;138;0;35;318;12;115;99;2;61;0;133;165;121;Sem 2 2024
390;SULAWESI BARAT;POLEWALI MANDAR;TUTAR;2005;BESOANGIN;244;185;30;6;5;3;0;44;141;7;35;185;4;0;29;2;52;1;76;102;57;Sem 2 2024
391;SULAWESI BARAT;POLEWALI MANDAR;TUTAR;2006;PIRIANG TAPIKO;272;210;79;37;18;9;8;151;59;5;30;209;1;141;16;1;38;4;81;103;60;Sem 2 2024
392;SULAWESI BARAT;POLEWALI MANDAR;TUTAR;2007;PEBURRU;429;314;23;18;14;4;11;70;244;9;76;313;11;48;4;5;77;2;87;139;82;Sem 2 2024
393;SULAWESI BARAT;POLEWALI MANDAR;TUTAR;2008;TALOBA;213;151;12;7;2;0;0;21;130;11;46;151;4;6;0;1;29;4;86;95;39;Sem 2 2024
394;SULAWESI BARAT;POLEWALI MANDAR;TUTAR;2009;POLLEWANI;609;463;36;16;13;8;22;95;368;38;99;461;0;2;43;10;85;2;141;196;143;Sem 2 2024
395;SULAWESI BARAT;POLEWALI MANDAR;TUTAR;2010;ARABUA;238;179;5;3;4;2;8;22;157;18;35;179;9;10;14;4;43;2;54;85;30;Sem 2 2024
396;SULAWESI BARAT;POLEWALI MANDAR;TUTAR;2011;BESOANGIN UTARA;195;162;47;13;8;3;2;73;89;15;11;162;1;20;60;3;43;0;40;70;46;Sem 2 2024
397;SULAWESI BARAT;POLEWALI MANDAR;TUTAR;2012;PODA;326;219;40;11;7;5;6;69;150;11;69;217;0;26;34;1;57;3;99;127;57;Sem 2 2024
398;SULAWESI BARAT;POLEWALI MANDAR;TUTAR;2013;TARAMANU TUA;314;261;54;22;20;5;8;109;152;2;37;260;2;56;78;5;63;1;86;126;61;Sem 2 2024
399;SULAWESI BARAT;POLEWALI MANDAR;WONOMULYO;1001;SIDODADI;2316;1247;0;10;15;19;346;390;857;128;268;1238;21;3;69;7;282;20;354;548;824;Sem 2 2024
400;SULAWESI BARAT;POLEWALI MANDAR;WONOMULYO;2002;SIDOREJO;1173;690;0;5;10;13;29;57;633;53;151;687;10;5;4;3;147;9;161;271;191;Sem 2 2024
401;SULAWESI BARAT;POLEWALI MANDAR;WONOMULYO;2003;SUMBEREJO;1325;814;1;5;12;15;36;69;745;86;170;812;28;3;21;8;174;5;126;275;170;Sem 2 2024
402;SULAWESI BARAT;POLEWALI MANDAR;WONOMULYO;2004;BUMIAYU;1215;638;1;1;7;5;51;65;573;69;125;634;3;4;5;4;141;3;82;195;243;Sem 2 2024
403;SULAWESI BARAT;POLEWALI MANDAR;WONOMULYO;2005;KEBUNSARI;705;395;0;1;2;8;16;27;368;50;72;394;6;3;1;1;72;3;39;103;81;Sem 2 2024
404;SULAWESI BARAT;POLEWALI MANDAR;WONOMULYO;2006;BANUA BARU;552;311;1;4;2;5;20;32;279;34;60;311;7;0;5;1;82;4;99;153;81;Sem 2 2024
405;SULAWESI BARAT;POLEWALI MANDAR;WONOMULYO;2007;NEPO;718;451;26;17;18;16;41;118;333;34;128;449;16;17;64;7;93;5;136;200;153;Sem 2 2024
406;SULAWESI BARAT;POLEWALI MANDAR;WONOMULYO;2008;SUGIHWARAS;1427;869;4;12;19;25;40;100;769;77;173;865;16;2;45;3;181;4;211;349;216;Sem 2 2024
407;SULAWESI BARAT;POLEWALI MANDAR;WONOMULYO;2009;CAMPURJO;888;495;9;14;19;12;76;130;365;66;119;495;9;2;16;3;153;9;135;242;250;Sem 2 2024
408;SULAWESI BARAT;POLEWALI MANDAR;WONOMULYO;2010;BUMIMULYO;483;327;2;0;1;2;12;17;310;30;79;327;3;4;0;2;78;2;55;117;65;Sem 2 2024
409;SULAWESI BARAT;POLEWALI MANDAR;WONOMULYO;2011;TUMPILING;696;408;4;4;10;4;29;51;357;47;111;405;10;3;3;6;101;2;101;177;128;Sem 2 2024
410;SULAWESI BARAT;POLEWALI MANDAR;WONOMULYO;2012;BAKKA-BAKKA;516;310;9;17;22;7;23;78;232;35;85;309;7;7;48;4;76;5;96;149;86;Sem 2 2024
411;SULAWESI BARAT;POLEWALI MANDAR;WONOMULYO;2013;ARJO SARI;614;410;2;4;2;6;13;27;383;28;87;409;8;1;6;8;89;0;68;146;92;Sem 2 2024
412;SULAWESI BARAT;POLEWALI MANDAR;WONOMULYO;2014;GALESON;835;479;7;6;11;7;21;52;427;52;147;477;5;4;17;4;130;3;133;212;105;Sem 2 2024
413;SULAWESI BARAT;MAMASA;MAMASA;1001;MAMASA;831;518;0;0;0;1;58;59;459;45;112;516;6;0;1;0;143;4;184;270;141;Sem 2 2024
414;SULAWESI BARAT;MAMASA;MAMASA;2002;RAMBUSARATU;496;322;2;5;4;3;12;26;296;27;82;317;0;5;19;0;81;1;103;145;41;Sem 2 2024
415;SULAWESI BARAT;MAMASA;MAMASA;2003;OSANGO;972;621;0;1;0;0;124;125;496;31;145;620;3;36;41;3;177;4;209;327;173;Sem 2 2024
416;SULAWESI BARAT;MAMASA;MAMASA;2004;LAMBANAN;460;272;28;24;21;10;38;121;151;19;63;272;0;32;106;3;61;1;96;137;39;Sem 2 2024
417;SULAWESI BARAT;MAMASA;MAMASA;2005;LEMBANA SALULO;236;138;4;5;8;6;30;53;85;14;34;137;2;1;45;3;33;1;29;51;45;Sem 2 2024
418;SULAWESI BARAT;MAMASA;MAMASA;2006;TAUPE;471;325;42;45;23;25;107;242;83;24;88;323;0;22;241;5;80;3;87;147;62;Sem 2 2024
419;SULAWESI BARAT;MAMASA;MAMASA;2007;BUNTU BUDA;778;451;0;0;0;1;100;101;350;56;96;449;0;13;27;3;104;2;122;191;175;Sem 2 2024
420;SULAWESI BARAT;MAMASA;MAMASA;2008;TONDOK BAKARU;553;363;7;7;4;3;24;45;318;28;88;362;0;10;25;1;93;4;104;163;69;Sem 2 2024
421;SULAWESI BARAT;MAMASA;MAMASA;2009;PEBASSIAN;211;125;2;3;6;1;37;49;76;9;37;124;1;1;46;2;30;1;25;49;20;Sem 2 2024
422;SULAWESI BARAT;MAMASA;MAMASA;2010;MAMBULILING;252;167;7;3;5;5;18;38;129;12;41;167;0;13;26;0;35;1;43;60;37;Sem 2 2024
423;SULAWESI BARAT;MAMASA;MAMASA;2011;BOMBONG LAMBE;399;251;5;4;7;4;121;141;110;30;59;250;4;9;126;1;75;5;82;123;81;Sem 2 2024
424;SULAWESI BARAT;MAMASA;MAMASA;2012;BUBUN BATU;246;157;2;1;7;8;33;51;106;5;19;157;0;3;39;1;45;0;41;72;23;Sem 2 2024
425;SULAWESI BARAT;MAMASA;ARALLE;1001;ARALLE;239;151;0;1;6;2;54;63;88;10;39;151;1;15;51;0;42;1;62;84;33;Sem 2 2024
426;SULAWESI BARAT;MAMASA;ARALLE;2003;RALLE ANAK;76;51;0;0;0;0;2;2;49;7;6;51;4;1;0;1;8;0;22;26;9;Sem 2 2024
427;SULAWESI BARAT;MAMASA;ARALLE;2004;PANETEAN;159;94;0;1;1;2;8;12;82;5;25;93;0;0;6;0;22;1;29;39;17;Sem 2 2024
428;SULAWESI BARAT;MAMASA;ARALLE;2005;UHAILANU;206;146;12;4;4;6;15;41;105;21;46;145;3;17;16;0;32;1;60;71;50;Sem 2 2024
429;SULAWESI BARAT;MAMASA;ARALLE;2007;ARALLE UTARA;174;118;1;1;0;0;2;4;114;8;27;116;0;2;3;0;33;2;32;56;15;Sem 2 2024
430;SULAWESI BARAT;MAMASA;ARALLE;2009;UHAIDAHO;152;112;10;11;5;4;20;50;62;10;29;112;0;38;5;4;21;2;63;71;45;Sem 2 2024
431;SULAWESI BARAT;MAMASA;ARALLE;2010;BARURU;198;115;4;9;9;3;28;53;62;5;31;115;0;0;52;0;24;0;30;47;18;Sem 2 2024
432;SULAWESI BARAT;MAMASA;ARALLE;2015;RALLEANAK UTARA;96;61;5;6;6;3;8;28;33;3;5;61;0;25;5;0;19;0;28;35;16;Sem 2 2024
433;SULAWESI BARAT;MAMASA;ARALLE;2016;PAMOSEANG PANGGA;70;64;8;2;2;0;9;21;43;9;15;64;1;12;12;3;13;0;30;39;21;Sem 2 2024
434;SULAWESI BARAT;MAMASA;ARALLE;2017;KALABE;132;80;0;1;0;0;2;3;77;0;25;78;0;0;1;0;13;0;33;36;10;Sem 2 2024
435;SULAWESI BARAT;MAMASA;ARALLE;2018;ARALLE SELATAN;71;67;1;0;0;3;5;9;58;8;20;66;1;3;2;0;9;1;24;29;18;Sem 2 2024
436;SULAWESI BARAT;MAMASA;ARALLE;2019;HAHANGAN;81;52;1;6;1;2;12;22;30;3;13;52;0;19;6;0;12;0;23;29;10;Sem 2 2024
437;SULAWESI BARAT;MAMASA;BALLA;2001;BALLA;394;255;0;2;2;4;35;43;212;24;47;253;3;10;9;1;58;0;61;100;82;Sem 2 2024
438;SULAWESI BARAT;MAMASA;BALLA;2002;BALLA BARAT;237;121;3;3;2;1;6;15;106;5;18;121;0;5;9;1;27;0;22;41;18;Sem 2 2024
439;SULAWESI BARAT;MAMASA;BALLA;2003;BALLA SATANETEAN;351;198;12;7;2;3;23;47;151;15;44;198;7;18;23;2;44;0;36;70;34;Sem 2 2024
440;SULAWESI BARAT;MAMASA;BALLA;2004;BALLA TUMUKA;326;177;8;10;4;5;24;51;126;17;23;174;4;2;39;8;32;1;22;57;52;Sem 2 2024
441;SULAWESI BARAT;MAMASA;BALLA;2005;SEPAKUAN;348;202;3;12;9;9;33;66;136;8;25;202;1;27;34;2;40;0;41;75;20;Sem 2 2024
442;SULAWESI BARAT;MAMASA;BALLA;2006;PIDARA;170;99;9;7;3;4;27;50;49;11;25;99;0;1;47;0;9;0;7;14;28;Sem 2 2024
443;SULAWESI BARAT;MAMASA;BALLA;2007;BAMBAPUANG;162;84;3;4;2;3;3;15;69;3;11;84;0;0;9;2;17;0;10;29;17;Sem 2 2024
444;SULAWESI BARAT;MAMASA;BALLA;2008;BALLA TIMUR;78;51;1;0;1;0;6;8;43;9;9;50;2;1;8;0;6;0;11;15;5;Sem 2 2024
445;SULAWESI BARAT;MAMASA;BAMBANG;2001;MOKALLANG;127;56;1;2;0;0;0;3;53;6;14;55;1;0;3;0;8;0;22;27;8;Sem 2 2024
446;SULAWESI BARAT;MAMASA;BAMBANG;2002;MASOSO;118;61;0;0;0;0;0;0;61;3;13;61;2;0;0;0;9;1;9;18;9;Sem 2 2024
447;SULAWESI BARAT;MAMASA;BAMBANG;2003;SALUASSING;224;154;5;2;5;3;11;26;128;19;44;154;8;0;23;0;27;0;59;69;21;Sem 2 2024
448;SULAWESI BARAT;MAMASA;BAMBANG;2004;SALUBULO;132;95;4;0;5;3;11;23;72;11;28;95;1;0;17;0;22;0;21;36;23;Sem 2 2024
449;SULAWESI BARAT;MAMASA;BAMBANG;2005;SALUKADI;203;112;1;1;2;2;2;8;104;13;24;112;4;0;3;1;17;0;19;33;20;Sem 2 2024
450;SULAWESI BARAT;MAMASA;BAMBANG;2006;SALUKEPOPOK;255;170;3;2;0;0;9;14;156;12;46;167;3;1;2;3;25;0;43;61;36;Sem 2 2024
451;SULAWESI BARAT;MAMASA;BAMBANG;2007;ULUMAMBI BARAT;152;79;4;1;5;3;5;18;61;12;24;79;1;2;15;0;12;0;19;27;15;Sem 2 2024
452;SULAWESI BARAT;MAMASA;BAMBANG;2008;LIMBADEBATA;191;124;3;3;2;2;2;12;112;12;31;123;2;1;8;4;16;0;21;37;11;Sem 2 2024
453;SULAWESI BARAT;MAMASA;BAMBANG;2009;TANETE TOMBA;116;82;0;0;0;0;0;0;82;6;22;82;2;0;0;2;5;1;7;13;10;Sem 2 2024
454;SULAWESI BARAT;MAMASA;BAMBANG;2010;BAMBANG;298;168;9;8;2;5;13;37;131;20;49;168;0;2;27;3;31;2;51;71;27;Sem 2 2024
455;SULAWESI BARAT;MAMASA;BAMBANG;2011;RANTELEMO;106;66;0;0;0;0;1;1;65;9;18;64;6;0;0;1;12;0;10;20;8;Sem 2 2024
456;SULAWESI BARAT;MAMASA;BAMBANG;2012;SALUDENGEN;141;53;0;0;0;1;12;13;40;13;10;53;3;7;0;0;13;0;14;24;13;Sem 2 2024
457;SULAWESI BARAT;MAMASA;BAMBANG;2013;ULUMAMBI;177;109;9;5;6;1;4;25;84;21;27;109;0;0;12;0;23;5;42;58;38;Sem 2 2024
458;SULAWESI BARAT;MAMASA;BAMBANG;2014;BAMBANG TIMUR;200;111;0;0;1;0;2;3;108;9;27;111;2;0;3;0;17;1;17;31;15;Sem 2 2024
459;SULAWESI BARAT;MAMASA;BAMBANG;2015;MINANGA;383;211;2;2;1;4;74;83;128;23;56;211;2;1;74;1;20;2;42;56;60;Sem 2 2024
460;SULAWESI BARAT;MAMASA;BAMBANG;2016;SIKAMASE;103;66;3;2;1;0;0;6;60;13;21;66;0;3;0;0;12;1;21;28;8;Sem 2 2024
461;SULAWESI BARAT;MAMASA;BAMBANG;2017;RANTETARIMA;86;35;0;0;0;0;1;1;34;3;6;35;0;0;1;0;2;0;16;17;4;Sem 2 2024
462;SULAWESI BARAT;MAMASA;BAMBANG;2018;SALURURU;86;44;0;0;0;0;2;2;42;7;12;44;0;0;0;0;4;0;11;14;9;Sem 2 2024
463;SULAWESI BARAT;MAMASA;BAMBANG;2019;SALUTABANG;93;47;1;1;1;2;1;6;41;4;12;47;2;4;5;0;10;1;15;22;9;Sem 2 2024
464;SULAWESI BARAT;MAMASA;BAMBANG;2020;BALATANA;104;60;0;0;0;1;1;2;58;8;23;60;3;0;2;0;6;1;11;16;6;Sem 2 2024
465;SULAWESI BARAT;MAMASA;BUNTUMALANGKA;2001;BUNTUMALANGKA;291;167;3;0;2;5;17;27;140;30;32;166;2;20;0;2;30;2;47;70;35;Sem 2 2024
466;SULAWESI BARAT;MAMASA;BUNTUMALANGKA;2002;RANTEBERAN;286;176;4;2;0;3;28;37;139;32;38;174;5;2;22;0;34;3;70;88;49;Sem 2 2024
467;SULAWESI BARAT;MAMASA;BUNTUMALANGKA;2003;KEBANGA;126;82;11;4;0;1;3;19;63;20;24;82;0;18;0;0;12;1;41;44;12;Sem 2 2024
468;SULAWESI BARAT;MAMASA;BUNTUMALANGKA;2004;SALURINDU;105;75;0;0;2;1;4;7;68;5;28;75;0;2;0;1;11;0;34;37;12;Sem 2 2024
469;SULAWESI BARAT;MAMASA;BUNTUMALANGKA;2005;TAORA;126;65;0;0;0;0;3;3;62;8;14;64;0;2;0;0;14;0;21;30;3;Sem 2 2024
470;SULAWESI BARAT;MAMASA;BUNTUMALANGKA;2006;KABAE;142;94;0;0;0;0;1;1;93;17;11;94;0;1;0;0;18;0;17;30;11;Sem 2 2024
471;SULAWESI BARAT;MAMASA;BUNTUMALANGKA;2007;SALUTAMBUN BARAT;169;90;0;0;1;1;6;8;82;8;24;90;4;0;2;0;12;0;18;28;39;Sem 2 2024
472;SULAWESI BARAT;MAMASA;BUNTUMALANGKA;2008;PENATANGAN;203;153;6;3;2;0;7;18;135;35;50;153;2;14;1;5;30;11;81;95;27;Sem 2 2024
473;SULAWESI BARAT;MAMASA;BUNTUMALANGKA;2009;SALUTAMBUN TIMUR;126;75;0;2;2;0;2;6;69;11;13;74;0;4;2;0;13;1;12;23;16;Sem 2 2024
474;SULAWESI BARAT;MAMASA;BUNTUMALANGKA;2010;SALUTAMBUN;146;47;0;5;1;3;14;23;24;7;10;47;1;23;1;1;10;0;12;20;4;Sem 2 2024
475;SULAWESI BARAT;MAMASA;BUNTUMALANGKA;2011;ARALLE TIMUR;230;147;15;13;9;3;99;139;8;27;51;145;0;137;17;3;15;1;40;49;55;Sem 2 2024
476;SULAWESI BARAT;MAMASA;MAMBI;1001;MAMBI;415;234;0;1;2;2;61;66;168;27;42;233;0;4;0;1;50;3;88;119;129;Sem 2 2024
477;SULAWESI BARAT;MAMASA;MAMBI;1002;TALIPUKKI;313;210;25;25;8;7;25;90;120;21;61;208;0;63;55;3;42;2;84;108;66;Sem 2 2024
478;SULAWESI BARAT;MAMASA;MAMBI;2004;RANTEBULAHAN;143;99;0;2;7;6;39;54;45;12;17;99;0;37;19;2;16;3;33;47;41;Sem 2 2024
479;SULAWESI BARAT;MAMASA;MAMBI;2008;SONDONGLAYU;117;86;7;1;2;3;35;48;38;13;26;86;0;33;1;0;19;2;38;49;47;Sem 2 2024
480;SULAWESI BARAT;MAMASA;MAMBI;2016;SALUBANUA;65;48;2;0;0;0;5;7;41;6;17;48;0;1;1;1;8;4;26;31;9;Sem 2 2024
481;SULAWESI BARAT;MAMASA;MAMBI;2017;TAPALINA;200;147;15;9;15;5;16;60;87;16;26;147;0;58;19;2;43;3;39;69;24;Sem 2 2024
482;SULAWESI BARAT;MAMASA;MAMBI;2019;SENDANA;290;213;3;0;8;5;59;75;138;1;43;212;0;57;14;2;40;0;73;95;54;Sem 2 2024
483;SULAWESI BARAT;MAMASA;MAMBI;2024;PAMOSEAN;114;85;18;11;3;5;10;47;38;5;20;85;0;38;25;4;13;0;34;43;22;Sem 2 2024
484;SULAWESI BARAT;MAMASA;MAMBI;2025;SELUMAKA;242;165;1;5;5;1;8;20;145;4;37;164;1;4;0;0;45;1;77;92;30;Sem 2 2024
485;SULAWESI BARAT;MAMASA;MAMBI;2026;BUJUNG MANURUNG;100;68;0;0;3;2;33;38;30;6;7;68;1;0;37;1;12;0;23;30;19;Sem 2 2024
486;SULAWESI BARAT;MAMASA;MAMBI;2027;SALU ALO;178;128;17;10;7;5;16;55;73;9;31;128;0;43;11;5;24;2;47;61;48;Sem 2 2024
487;SULAWESI BARAT;MAMASA;MAMBI;2029;INDOBANUA;94;61;1;7;1;3;17;29;32;9;13;60;0;4;26;3;11;1;19;28;20;Sem 2 2024
488;SULAWESI BARAT;MAMASA;MAMBI;2030;SALUDURIAN;189;152;13;7;9;9;23;61;91;19;34;152;0;34;32;2;33;1;54;74;40;Sem 2 2024
489;SULAWESI BARAT;MAMASA;MEHALAAN;2001;MEHALAAN;118;69;3;2;0;0;4;9;60;10;17;69;0;2;6;1;9;0;12;19;7;Sem 2 2024
490;SULAWESI BARAT;MAMASA;MEHALAAN;2002;BOTTENG;144;89;10;3;3;2;11;29;60;13;29;89;1;9;23;1;12;2;28;36;20;Sem 2 2024
491;SULAWESI BARAT;MAMASA;MEHALAAN;2003;SALUKONTA;127;80;3;2;1;2;6;14;66;9;12;80;1;2;13;1;17;0;28;36;16;Sem 2 2024
492;SULAWESI BARAT;MAMASA;MEHALAAN;2004;MESAKADA;140;90;3;3;0;1;5;12;78;18;14;90;0;0;4;0;19;0;29;40;12;Sem 2 2024
493;SULAWESI BARAT;MAMASA;MEHALAAN;2005;MEHALAAN BARAT;185;118;0;3;0;4;12;19;99;12;22;118;1;14;2;1;23;0;22;40;9;Sem 2 2024
494;SULAWESI BARAT;MAMASA;MEHALAAN;2006;SALUAHOK;131;91;0;1;5;3;27;36;55;10;12;91;0;1;33;0;17;1;33;42;12;Sem 2 2024
495;SULAWESI BARAT;MAMASA;MEHALAAN;2007;SALUBALO;92;59;1;0;1;1;2;5;54;8;14;59;0;3;3;1;12;2;15;25;11;Sem 2 2024
496;SULAWESI BARAT;MAMASA;MEHALAAN;2008;PASSEMBUK;64;54;5;3;5;1;6;20;34;3;15;54;0;9;19;0;9;0;14;20;9;Sem 2 2024
497;SULAWESI BARAT;MAMASA;MEHALAAN;2009;KONDO;63;44;4;9;4;0;6;23;21;4;16;44;0;22;22;0;15;0;22;26;6;Sem 2 2024
498;SULAWESI BARAT;MAMASA;MEHALAAN;2010;LEKO SUKAMAJU;55;38;3;4;5;3;7;22;16;2;6;38;0;22;11;0;6;1;17;19;4;Sem 2 2024
499;SULAWESI BARAT;MAMASA;MEHALAAN;2011;ULUMEA;63;37;3;0;0;0;1;4;33;1;14;37;0;4;4;0;7;0;10;13;2;Sem 2 2024
500;SULAWESI BARAT;MAMASA;MESSAWA;1001;MESSAWA;150;68;0;0;0;0;5;5;63;0;5;68;0;0;0;0;23;0;16;34;17;Sem 2 2024
501;SULAWESI BARAT;MAMASA;MESSAWA;2002;RIPPUNG;316;197;15;7;6;9;22;59;138;0;20;196;0;13;32;0;48;0;65;94;60;Sem 2 2024
502;SULAWESI BARAT;MAMASA;MESSAWA;2003;MAKUANG;272;136;4;5;2;3;6;20;116;11;27;136;0;1;16;1;33;2;44;65;19;Sem 2 2024
503;SULAWESI BARAT;MAMASA;MESSAWA;2004;SEPANG;195;99;14;29;11;7;30;91;8;2;10;98;0;88;3;1;29;0;26;48;24;Sem 2 2024
504;SULAWESI BARAT;MAMASA;MESSAWA;2005;MALIMBONG;128;67;0;0;0;0;3;3;64;2;6;67;1;3;1;5;12;0;16;29;7;Sem 2 2024
505;SULAWESI BARAT;MAMASA;MESSAWA;2006;MATANDE;150;93;0;1;1;0;1;3;90;0;10;93;0;0;0;0;19;0;23;36;4;Sem 2 2024
506;SULAWESI BARAT;MAMASA;MESSAWA;2007;SIPAI;211;122;12;6;6;1;12;37;85;12;20;121;0;13;8;2;26;2;58;72;41;Sem 2 2024
507;SULAWESI BARAT;MAMASA;MESSAWA;2008;PASMA MAMBU;146;71;0;1;2;2;4;9;62;0;1;71;0;0;4;0;15;0;26;34;12;Sem 2 2024
508;SULAWESI BARAT;MAMASA;MESSAWA;2009;TANETE BATU;165;73;0;2;0;1;4;7;66;4;4;72;0;3;1;0;23;0;16;36;13;Sem 2 2024
509;SULAWESI BARAT;MAMASA;NOSU;1001;NOSU;213;116;0;6;2;4;10;22;94;3;28;114;0;6;12;0;30;3;50;69;25;Sem 2 2024
510;SULAWESI BARAT;MAMASA;NOSU;2002;MINANGA;85;44;0;1;3;1;0;5;39;5;9;44;0;0;2;0;9;1;19;26;7;Sem 2 2024
511;SULAWESI BARAT;MAMASA;NOSU;2003;BATUPAPAN;249;120;16;3;4;3;3;29;91;0;14;120;0;4;9;1;29;0;69;82;35;Sem 2 2024
512;SULAWESI BARAT;MAMASA;NOSU;2004;MASEWWE;151;119;5;3;4;1;5;18;101;2;13;119;1;2;6;0;36;1;57;69;27;Sem 2 2024
513;SULAWESI BARAT;MAMASA;NOSU;2005;SIWI;132;54;8;4;0;0;3;15;39;7;15;54;0;10;14;0;7;1;24;30;8;Sem 2 2024
514;SULAWESI BARAT;MAMASA;NOSU;2006;MINANGA TIMUR;151;63;3;7;5;6;15;36;27;0;7;63;0;18;31;0;17;0;22;35;25;Sem 2 2024
515;SULAWESI BARAT;MAMASA;NOSU;2007;PARINDING;80;44;3;4;1;3;2;13;31;2;8;44;0;4;9;0;14;1;14;21;13;Sem 2 2024
516;SULAWESI BARAT;MAMASA;PANA;1001;PANA;173;87;1;0;1;1;4;7;80;3;16;86;0;2;4;0;21;1;33;43;11;Sem 2 2024
517;SULAWESI BARAT;MAMASA;PANA;2003;MANIPI;325;170;28;9;3;1;9;50;120;9;34;170;0;30;46;0;52;1;90;107;31;Sem 2 2024
518;SULAWESI BARAT;MAMASA;PANA;2005;MAMULLU;203;89;19;17;10;2;13;61;28;5;13;89;1;61;54;0;20;0;39;48;15;Sem 2 2024
519;SULAWESI BARAT;MAMASA;PANA;2006;SAPAN;192;80;0;1;1;0;5;7;73;6;8;80;0;0;2;1;23;0;35;46;25;Sem 2 2024
520;SULAWESI BARAT;MAMASA;PANA;2009;DATUBARINGAN;198;112;30;13;11;4;7;65;47;4;10;112;0;63;63;0;30;1;53;67;28;Sem 2 2024
521;SULAWESI BARAT;MAMASA;PANA;2010;PANURA;181;83;2;0;0;2;5;9;74;0;6;82;0;0;8;0;22;0;37;48;10;Sem 2 2024
522;SULAWESI BARAT;MAMASA;PANA;2011;TALLANG BULAWAN;160;89;3;13;5;5;8;34;55;4;14;88;0;1;33;0;27;0;45;61;11;Sem 2 2024
523;SULAWESI BARAT;MAMASA;PANA;2012;KARAKA;187;90;2;0;1;0;6;9;81;0;14;90;1;1;1;0;26;1;35;52;32;Sem 2 2024
524;SULAWESI BARAT;MAMASA;PANA;2013;ULUSALU;132;77;2;2;1;0;2;7;70;0;6;77;0;4;7;0;13;1;39;45;5;Sem 2 2024
525;SULAWESI BARAT;MAMASA;PANA;2014;WERI;129;69;0;1;0;1;2;4;65;4;14;69;0;0;2;0;16;0;34;41;4;Sem 2 2024
526;SULAWESI BARAT;MAMASA;PANA;2015;SALUTAMBUN;164;76;5;1;2;0;9;17;59;2;17;76;2;3;11;0;20;0;48;56;12;Sem 2 2024
527;SULAWESI BARAT;MAMASA;PANA;2016;SALOAN;203;116;3;0;1;1;4;9;107;9;39;116;0;7;6;0;26;1;50;59;5;Sem 2 2024
528;SULAWESI BARAT;MAMASA;PANA;2017;ULUSALU INDAH;159;78;2;1;3;0;4;10;68;8;17;78;0;1;1;0;22;0;35;46;25;Sem 2 2024
529;SULAWESI BARAT;MAMASA;RANTEBULAHAN TIMUR;2001;SALUMOKANAN;210;139;19;9;3;1;20;52;87;12;35;138;0;32;45;2;28;1;44;63;37;Sem 2 2024
530;SULAWESI BARAT;MAMASA;RANTEBULAHAN TIMUR;2003;SALUMOKANAN BARAT;260;143;19;18;8;8;9;62;81;2;35;143;0;44;21;0;26;0;48;64;34;Sem 2 2024
531;SULAWESI BARAT;MAMASA;RANTEBULAHAN TIMUR;2004;BUANGIN;233;145;17;8;6;7;5;43;102;3;34;145;1;14;28;0;33;0;48;64;31;Sem 2 2024
532;SULAWESI BARAT;MAMASA;RANTEBULAHAN TIMUR;2005;BAMBANG BUDA;300;154;6;4;6;6;9;31;123;10;30;154;0;7;20;0;31;3;23;50;28;Sem 2 2024
533;SULAWESI BARAT;MAMASA;RANTEBULAHAN TIMUR;2006;LEKO;77;43;10;7;3;3;6;29;14;1;3;43;0;9;17;0;10;0;7;15;16;Sem 2 2024
534;SULAWESI BARAT;MAMASA;RANTEBULAHAN TIMUR;2007;KIRAK;166;111;9;12;5;5;13;44;67;12;28;111;0;25;28;1;16;3;37;48;28;Sem 2 2024
535;SULAWESI BARAT;MAMASA;RANTEBULAHAN TIMUR;2008;SALUMOKANAN UTARA;241;157;16;16;11;8;5;56;101;14;25;157;0;26;37;1;25;0;58;78;31;Sem 2 2024
536;SULAWESI BARAT;MAMASA;RANTEBULAHAN TIMUR;2009;SAMPALE;101;65;14;12;11;3;4;44;21;1;8;65;0;26;32;0;10;0;14;21;6;Sem 2 2024
537;SULAWESI BARAT;MAMASA;SESENAPADANG;2002;OROBUA;493;291;1;1;0;2;43;47;244;24;68;290;3;7;14;0;56;1;109;128;69;Sem 2 2024
538;SULAWESI BARAT;MAMASA;SESENAPADANG;2003;PALADAN;180;107;5;5;8;4;21;43;64;16;32;105;0;12;33;2;23;1;21;38;31;Sem 2 2024
539;SULAWESI BARAT;MAMASA;SESENAPADANG;2004;OROBUA TIMUR;142;63;5;5;3;2;8;23;40;8;12;63;0;0;22;0;14;0;22;29;11;Sem 2 2024
540;SULAWESI BARAT;MAMASA;SESENAPADANG;2006;RANTE PUANG;318;167;1;3;2;4;27;37;130;10;43;166;1;2;24;1;39;1;53;73;50;Sem 2 2024
541;SULAWESI BARAT;MAMASA;SESENAPADANG;2007;SATENETEAN;110;61;14;10;1;3;10;38;23;3;14;60;0;1;38;0;17;0;30;38;8;Sem 2 2024
542;SULAWESI BARAT;MAMASA;SESENAPADANG;2008;LISUAN ADA;163;93;5;6;1;4;6;22;71;7;20;93;0;2;17;1;11;0;29;36;12;Sem 2 2024
543;SULAWESI BARAT;MAMASA;SESENAPADANG;2010;OROBUA SELATAN;129;97;25;6;7;6;17;61;36;8;18;97;0;11;57;1;16;0;39;52;15;Sem 2 2024
544;SULAWESI BARAT;MAMASA;SESENAPADANG;2012;MALANGKENA PADANG;172;92;4;2;5;1;13;25;67;4;14;92;0;1;20;1;16;0;27;41;15;Sem 2 2024
545;SULAWESI BARAT;MAMASA;SESENAPADANG;2013;MALIMBONG;72;35;3;1;0;3;2;9;26;2;10;34;0;0;9;0;2;0;12;13;6;Sem 2 2024
546;SULAWESI BARAT;MAMASA;SESENAPADANG;2014;MARAMPAN OROBUA;115;53;12;2;6;0;11;31;22;3;18;52;1;1;29;0;10;1;22;28;8;Sem 2 2024
547;SULAWESI BARAT;MAMASA;SUMARORONG;1001;SUMARORONG;426;214;0;0;0;1;18;19;195;9;25;213;0;0;2;1;60;1;63;103;54;Sem 2 2024
548;SULAWESI BARAT;MAMASA;SUMARORONG;1002;TABONE;278;149;6;3;4;1;16;30;119;11;30;149;0;13;10;1;31;2;61;82;32;Sem 2 2024
549;SULAWESI BARAT;MAMASA;SUMARORONG;2003;BATANG URU;250;120;1;0;2;1;13;17;103;5;20;120;0;1;10;0;32;0;49;62;21;Sem 2 2024
550;SULAWESI BARAT;MAMASA;SUMARORONG;2004;SASAKAN;366;214;4;8;11;7;87;117;97;17;39;214;0;2;109;0;49;4;85;110;34;Sem 2 2024
551;SULAWESI BARAT;MAMASA;SUMARORONG;2005;TADISI;381;85;0;0;0;0;22;22;63;9;23;85;0;2;20;1;16;1;11;25;19;Sem 2 2024
552;SULAWESI BARAT;MAMASA;SUMARORONG;2006;SIBANAWA;262;148;8;15;7;10;11;51;97;10;30;147;0;3;38;1;30;2;68;81;36;Sem 2 2024
553;SULAWESI BARAT;MAMASA;SUMARORONG;2007;BATANGNGURU TIMUR;272;150;2;7;4;3;17;33;117;7;35;148;0;0;27;0;38;1;60;77;20;Sem 2 2024
554;SULAWESI BARAT;MAMASA;SUMARORONG;2008;SALUBALO;266;162;7;10;5;4;23;49;113;15;39;162;1;14;36;1;31;0;55;78;25;Sem 2 2024
555;SULAWESI BARAT;MAMASA;SUMARORONG;2009;BANEA;224;87;17;16;8;7;11;59;28;8;16;87;0;31;46;2;25;1;39;52;8;Sem 2 2024
556;SULAWESI BARAT;MAMASA;SUMARORONG;2010;RANTE KAMASE;401;214;4;4;1;2;18;29;185;11;45;214;0;7;12;0;57;0;73;112;42;Sem 2 2024
557;SULAWESI BARAT;MAMASA;TABANG;1001;TABANG;277;149;4;1;1;3;35;44;105;11;24;148;1;5;11;5;29;1;51;75;73;Sem 2 2024
558;SULAWESI BARAT;MAMASA;TABANG;2003;TADOKALUA;233;134;2;0;1;5;43;51;83;5;26;130;0;29;39;4;26;0;39;60;25;Sem 2 2024
559;SULAWESI BARAT;MAMASA;TABANG;2004;TABANG BARAT;472;276;3;0;1;1;129;134;142;31;54;273;2;55;85;1;62;0;94;133;103;Sem 2 2024
560;SULAWESI BARAT;MAMASA;TABANG;2005;MASUPU;167;95;6;8;11;3;10;38;57;0;8;94;5;28;11;1;23;0;31;47;8;Sem 2 2024
561;SULAWESI BARAT;MAMASA;TABANG;2006;KALAMA;146;93;20;9;10;2;11;52;41;0;6;93;0;31;31;0;12;0;50;55;24;Sem 2 2024
562;SULAWESI BARAT;MAMASA;TABANG;2007;BAKADISURA;262;174;12;4;4;0;69;89;85;18;42;173;1;7;72;2;31;3;57;79;70;Sem 2 2024
563;SULAWESI BARAT;MAMASA;TABANG;2008;SALUKONA;162;119;4;2;0;1;4;11;108;0;21;118;4;0;11;0;20;0;32;42;17;Sem 2 2024
564;SULAWESI BARAT;MAMASA;TABULAHAN;1001;LAKAHANG;531;332;19;27;31;15;107;199;133;10;47;329;1;75;150;2;78;2;92;147;36;Sem 2 2024
565;SULAWESI BARAT;MAMASA;TABULAHAN;2002;PERIANGAN;145;97;5;10;6;5;14;40;57;4;18;96;0;21;32;0;19;1;25;35;17;Sem 2 2024
566;SULAWESI BARAT;MAMASA;TABULAHAN;2003;MALATIRO;324;202;2;5;3;1;15;26;176;1;30;201;0;7;8;2;52;0;81;111;39;Sem 2 2024
567;SULAWESI BARAT;MAMASA;TABULAHAN;2004;TABULAHAN;123;70;2;8;8;8;22;48;22;8;12;69;0;48;1;0;18;0;23;35;5;Sem 2 2024
568;SULAWESI BARAT;MAMASA;TABULAHAN;2005;SALULEANG;106;50;2;1;1;3;16;23;27;0;7;50;0;7;21;1;12;0;17;23;11;Sem 2 2024
569;SULAWESI BARAT;MAMASA;TABULAHAN;2007;TAMPAK KURRA;340;250;6;9;7;7;35;64;186;16;54;250;0;15;51;0;49;1;59;92;55;Sem 2 2024
570;SULAWESI BARAT;MAMASA;TABULAHAN;2008;GANDANG DEWATA;93;44;1;3;2;2;14;22;22;0;8;44;0;3;22;1;11;0;6;17;6;Sem 2 2024
571;SULAWESI BARAT;MAMASA;TABULAHAN;2009;BURANA;211;135;3;6;7;2;24;42;93;0;16;134;0;12;38;0;37;0;47;62;19;Sem 2 2024
572;SULAWESI BARAT;MAMASA;TABULAHAN;2010;SALUBAKKA;165;121;0;0;0;0;10;10;111;8;33;121;0;1;7;1;21;2;17;38;12;Sem 2 2024
573;SULAWESI BARAT;MAMASA;TABULAHAN;2011;PANGANDARAN;231;177;12;27;20;8;24;91;86;6;18;177;0;73;90;0;46;2;21;60;27;Sem 2 2024
574;SULAWESI BARAT;MAMASA;TABULAHAN;2012;TALOPAK;103;63;0;0;2;0;21;23;40;1;6;63;0;0;22;0;14;1;11;21;6;Sem 2 2024
575;SULAWESI BARAT;MAMASA;TABULAHAN;2013;PEU';80;59;5;2;0;0;0;7;52;0;4;59;0;5;1;1;10;0;22;28;2;Sem 2 2024
576;SULAWESI BARAT;MAMASA;TABULAHAN;2014;TIMORO;93;54;0;0;0;0;7;7;47;5;4;54;0;5;1;1;13;1;15;24;5;Sem 2 2024
577;SULAWESI BARAT;MAMASA;TABULAHAN;2015;LAKAHANG UTAMA;155;110;0;2;1;2;19;24;86;1;12;110;0;1;15;0;27;0;33;50;29;Sem 2 2024
578;SULAWESI BARAT;MAMASA;TANDUK KALUA;1011;MINAKE;288;142;16;15;6;5;12;54;88;8;20;141;0;26;24;2;43;1;43;68;51;Sem 2 2024
579;SULAWESI BARAT;MAMASA;TANDUK KALUA;2001;MALABO;145;75;0;2;5;2;18;27;48;4;13;75;0;0;19;0;21;0;24;36;20;Sem 2 2024
580;SULAWESI BARAT;MAMASA;TANDUK KALUA;2005;SINDAGAMANIK;292;185;13;11;14;4;18;60;125;1;31;184;0;1;52;1;51;0;41;82;35;Sem 2 2024
581;SULAWESI BARAT;MAMASA;TANDUK KALUA;2006;PARONDOBULAWAN;263;146;7;11;8;10;35;71;75;6;24;146;0;0;67;0;36;0;47;74;28;Sem 2 2024
582;SULAWESI BARAT;MAMASA;TANDUK KALUA;2007;TAMALANTIK;308;207;34;25;14;16;46;135;72;8;51;207;0;109;71;1;45;3;55;86;40;Sem 2 2024
583;SULAWESI BARAT;MAMASA;TANDUK KALUA;2008;MANNABABA;181;88;15;15;4;4;10;48;40;3;20;88;0;13;43;0;24;0;25;37;13;Sem 2 2024
584;SULAWESI BARAT;MAMASA;TANDUK KALUA;2009;MESAKADA;232;152;13;6;3;4;6;32;120;14;26;151;1;20;14;0;26;0;51;67;22;Sem 2 2024
585;SULAWESI BARAT;MAMASA;TANDUK KALUA;2010;BALLABATU;311;213;25;31;10;6;21;93;120;16;38;213;0;28;76;1;35;0;49;72;44;Sem 2 2024
586;SULAWESI BARAT;MAMASA;TANDUK KALUA;2012;PAMBE;193;107;2;5;2;4;21;34;73;3;26;107;1;6;26;0;29;0;30;50;17;Sem 2 2024
587;SULAWESI BARAT;MAMASA;TANDUK KALUA;2013;SALURANO;165;107;5;14;8;10;21;58;49;6;11;106;0;45;44;2;24;1;27;51;30;Sem 2 2024
588;SULAWESI BARAT;MAMASA;TANDUK KALUA;2014;TALIMBUNG;204;123;1;4;13;15;28;61;62;8;22;123;0;0;59;1;29;1;27;51;21;Sem 2 2024
589;SULAWESI BARAT;MAMASA;TANDUK KALUA;2015;KANAN;253;162;20;10;6;2;11;49;113;16;32;162;1;14;36;0;46;0;50;73;39;Sem 2 2024
590;SULAWESI BARAT;MAMASA;TAWALIAN;1001;TAWALIAN;655;373;4;7;17;18;89;135;238;11;54;373;0;38;101;1;116;4;126;204;99;Sem 2 2024
591;SULAWESI BARAT;MAMASA;TAWALIAN;2002;TAWALIAN TIMUR;434;238;8;9;23;22;109;171;67;7;44;238;0;23;164;0;50;1;81;113;52;Sem 2 2024
592;SULAWESI BARAT;MAMASA;TAWALIAN;2003;KARIANGO;425;260;4;4;7;10;82;107;153;0;15;260;0;1;94;2;65;1;73;120;33;Sem 2 2024
593;SULAWESI BARAT;MAMASA;TAWALIAN;2004;RANTETANGNGA;377;202;2;2;5;5;27;41;161;18;63;201;0;17;20;2;41;1;69;90;40;Sem 2 2024
594;SULAWESI BARAT;MAMUJU TENGAH;TOBADAK;2001;MAHAHE;827;528;0;0;0;1;78;79;449;51;123;525;13;12;12;5;133;9;138;234;157;Sem 2 2024
595;SULAWESI BARAT;MAMUJU TENGAH;TOBADAK;2002;SALOBAJA;894;581;2;3;3;2;59;69;512;84;149;579;8;4;15;11;105;4;99;184;190;Sem 2 2024
596;SULAWESI BARAT;MAMUJU TENGAH;TOBADAK;2003;TOBADAK;2725;1946;4;10;13;19;501;547;1399;215;484;1938;35;162;221;26;435;25;522;822;669;Sem 2 2024
597;SULAWESI BARAT;MAMUJU TENGAH;TOBADAK;2004;PALONGAAN;728;446;1;2;8;6;158;175;271;55;112;446;14;100;64;4;108;5;102;187;130;Sem 2 2024
598;SULAWESI BARAT;MAMUJU TENGAH;TOBADAK;2005;BATU PARIGI;1646;1074;22;26;23;34;345;450;624;113;212;1069;18;290;121;14;242;6;296;461;378;Sem 2 2024
599;SULAWESI BARAT;MAMUJU TENGAH;TOBADAK;2006;BAMBADARU;435;257;1;1;4;1;42;49;208;35;55;256;10;39;5;6;59;1;73;109;44;Sem 2 2024
600;SULAWESI BARAT;MAMUJU TENGAH;TOBADAK;2007;SEJATI;331;196;2;5;2;0;14;23;173;45;50;196;9;3;12;3;31;1;73;88;35;Sem 2 2024
601;SULAWESI BARAT;MAMUJU TENGAH;TOBADAK;2008;SALOADAK;619;397;2;2;3;1;83;91;306;52;75;395;7;58;27;7;78;2;89;143;135;Sem 2 2024
602;SULAWESI BARAT;MAMUJU TENGAH;PANGALE;2001;POLO PANGALE;498;341;6;5;3;3;16;33;308;11;92;340;1;0;10;4;81;4;69;137;81;Sem 2 2024
603;SULAWESI BARAT;MAMUJU TENGAH;PANGALE;2002;PANGALE;576;355;12;8;7;4;50;81;274;41;87;351;4;15;22;12;70;4;111;166;135;Sem 2 2024
604;SULAWESI BARAT;MAMUJU TENGAH;PANGALE;2003;SARTANAMAJU;179;122;14;9;3;1;10;37;85;16;48;122;0;5;27;0;21;3;31;44;28;Sem 2 2024
605;SULAWESI BARAT;MAMUJU TENGAH;PANGALE;2004;POLO LERENG;531;317;7;9;8;6;26;56;261;30;94;316;5;9;19;5;72;3;80;131;78;Sem 2 2024
606;SULAWESI BARAT;MAMUJU TENGAH;PANGALE;2005;KUO;932;559;0;2;2;5;40;49;510;61;119;556;5;1;5;2;119;5;117;202;151;Sem 2 2024
607;SULAWESI BARAT;MAMUJU TENGAH;PANGALE;2006;POLO CAMBA;315;207;4;2;1;6;24;37;170;21;55;207;2;0;21;0;42;4;45;77;65;Sem 2 2024
608;SULAWESI BARAT;MAMUJU TENGAH;PANGALE;2007;LAMBA-LAMBA;270;195;3;9;4;2;10;28;167;13;64;195;13;0;3;2;40;4;60;87;59;Sem 2 2024
609;SULAWESI BARAT;MAMUJU TENGAH;PANGALE;2008;KOMBILING;659;441;17;14;10;14;51;106;335;44;126;440;0;16;56;6;91;5;154;211;101;Sem 2 2024
610;SULAWESI BARAT;MAMUJU TENGAH;PANGALE;2009;LEMO-LEMO;312;192;2;2;2;2;14;22;170;32;47;190;1;0;1;3;46;6;38;73;59;Sem 2 2024
611;SULAWESI BARAT;MAMUJU TENGAH;BUDONG-BUDONG;2001;BABANA;1740;1263;28;27;33;44;298;430;833;136;342;1257;16;16;169;16;287;13;428;595;672;Sem 2 2024
612;SULAWESI BARAT;MAMUJU TENGAH;BUDONG-BUDONG;2002;LUMU;712;452;8;1;1;4;112;126;326;65;127;446;12;24;23;13;108;11;175;234;210;Sem 2 2024
613;SULAWESI BARAT;MAMUJU TENGAH;BUDONG-BUDONG;2003;PONTANAKAYANG;937;641;4;7;11;19;520;561;80;47;151;638;5;544;135;9;142;3;131;237;226;Sem 2 2024
614;SULAWESI BARAT;MAMUJU TENGAH;BUDONG-BUDONG;2004;SALOGATTA;1149;807;5;2;6;10;211;234;573;74;204;805;4;161;6;8;189;10;167;306;272;Sem 2 2024
615;SULAWESI BARAT;MAMUJU TENGAH;BUDONG-BUDONG;2005;KIRE;591;363;21;24;18;11;53;127;236;21;74;363;0;45;44;5;93;5;141;198;111;Sem 2 2024
616;SULAWESI BARAT;MAMUJU TENGAH;BUDONG-BUDONG;2006;TINALI;475;322;14;9;4;6;38;71;251;30;87;322;9;44;6;5;79;2;79;130;71;Sem 2 2024
617;SULAWESI BARAT;MAMUJU TENGAH;BUDONG-BUDONG;2007;SALUMANURUNG;472;336;14;9;14;6;38;81;255;45;99;336;7;14;9;4;76;5;85;134;171;Sem 2 2024
618;SULAWESI BARAT;MAMUJU TENGAH;BUDONG-BUDONG;2008;PASAPA;328;241;42;18;5;7;17;89;152;18;49;239;0;58;62;2;51;2;87;112;40;Sem 2 2024
619;SULAWESI BARAT;MAMUJU TENGAH;BUDONG-BUDONG;2009;BOJO;497;344;3;2;5;2;73;85;259;28;75;344;0;39;43;3;75;2;104;152;49;Sem 2 2024
620;SULAWESI BARAT;MAMUJU TENGAH;BUDONG-BUDONG;2010;BARAKKANG;386;289;14;9;10;14;35;82;207;16;56;289;1;31;28;4;59;1;113;141;97;Sem 2 2024
621;SULAWESI BARAT;MAMUJU TENGAH;BUDONG-BUDONG;2011;LEMBAH HADA;159;120;6;10;8;8;18;50;70;4;13;119;0;44;7;3;31;0;30;57;35;Sem 2 2024
622;SULAWESI BARAT;MAMUJU TENGAH;TOPOYO;2001;BUDONG-BUDONG;572;403;7;7;4;8;53;79;324;50;100;399;2;32;12;7;92;10;142;206;118;Sem 2 2024
623;SULAWESI BARAT;MAMUJU TENGAH;TOPOYO;2002;TOPOYO;2500;1801;1;3;10;13;361;388;1413;131;366;1790;11;1;1;9;468;20;451;787;974;Sem 2 2024
624;SULAWESI BARAT;MAMUJU TENGAH;TOPOYO;2003;TUMBU;687;478;17;16;20;10;34;97;381;22;131;477;12;14;49;2;107;10;190;256;105;Sem 2 2024
625;SULAWESI BARAT;MAMUJU TENGAH;TOPOYO;2004;KABUBU;641;440;2;0;4;4;36;46;394;73;113;439;9;1;0;2;98;10;106;167;159;Sem 2 2024
626;SULAWESI BARAT;MAMUJU TENGAH;TOPOYO;2005;WAEPUTEH;514;366;3;0;3;4;22;32;334;26;99;366;4;1;6;1;97;1;65;140;75;Sem 2 2024
627;SULAWESI BARAT;MAMUJU TENGAH;TOPOYO;2006;TANGKOU;319;216;0;0;0;2;18;20;196;23;53;213;3;0;1;4;43;0;45;77;67;Sem 2 2024
628;SULAWESI BARAT;MAMUJU TENGAH;TOPOYO;2007;TABOLANG;945;710;9;9;14;13;84;129;581;106;211;705;2;0;47;11;138;8;210;299;222;Sem 2 2024
629;SULAWESI BARAT;MAMUJU TENGAH;TOPOYO;2008;PARAILI;321;260;0;3;3;1;14;21;239;25;74;259;5;3;7;1;49;4;69;102;42;Sem 2 2024
630;SULAWESI BARAT;MAMUJU TENGAH;TOPOYO;2009;SALUPANGKANG;998;612;0;1;3;7;43;54;558;70;165;607;6;24;9;8;144;4;82;205;120;Sem 2 2024
631;SULAWESI BARAT;MAMUJU TENGAH;TOPOYO;2010;SALUPANGKANG IV;128;89;4;0;0;3;6;13;76;10;36;89;2;1;4;0;18;0;24;33;22;Sem 2 2024
632;SULAWESI BARAT;MAMUJU TENGAH;TOPOYO;2011;TAPPILINA;449;263;0;0;0;2;31;33;230;23;75;262;11;10;4;3;44;4;45;85;105;Sem 2 2024
633;SULAWESI BARAT;MAMUJU TENGAH;TOPOYO;2012;BAMBAMANURUNG;351;224;1;1;0;0;22;24;200;23;51;224;3;0;3;2;55;3;45;85;73;Sem 2 2024
634;SULAWESI BARAT;MAMUJU TENGAH;TOPOYO;2013;SALULEKBO;837;593;91;58;31;15;152;347;246;16;96;593;0;160;251;3;143;4;171;266;185;Sem 2 2024
635;SULAWESI BARAT;MAMUJU TENGAH;TOPOYO;2014;PANGALLOANG;510;372;13;8;17;5;76;119;253;50;110;372;4;60;44;14;83;8;121;180;132;Sem 2 2024
636;SULAWESI BARAT;MAMUJU TENGAH;TOPOYO;2015;SINABATTA;247;184;7;14;3;6;20;50;134;22;52;183;4;24;3;3;39;3;68;87;61;Sem 2 2024
637;SULAWESI BARAT;MAMUJU TENGAH;KAROSSA;2001;KAROSSA;1680;1203;13;19;30;25;212;299;904;126;265;1197;16;3;19;16;330;13;458;649;571;Sem 2 2024
638;SULAWESI BARAT;MAMUJU TENGAH;KAROSSA;2002;TASOKKO;1090;755;83;30;36;16;104;269;486;85;226;753;13;50;162;11;173;24;351;438;243;Sem 2 2024
639;SULAWESI BARAT;MAMUJU TENGAH;KAROSSA;2003;LARA;469;306;25;21;4;16;57;123;183;30;66;305;3;0;62;3;74;6;119;158;177;Sem 2 2024
640;SULAWESI BARAT;MAMUJU TENGAH;KAROSSA;2004;KADAILA;495;307;3;4;8;6;20;41;266;43;77;306;4;0;14;1;56;4;81;113;100;Sem 2 2024
641;SULAWESI BARAT;MAMUJU TENGAH;KAROSSA;2005;KAYU CALLA;209;127;2;0;2;0;3;7;120;18;32;127;0;0;2;7;21;0;20;42;19;Sem 2 2024
642;SULAWESI BARAT;MAMUJU TENGAH;KAROSSA;2006;LEMBAH HOPO;292;210;16;9;2;5;30;62;148;34;82;210;2;15;28;7;44;5;92;118;61;Sem 2 2024
643;SULAWESI BARAT;MAMUJU TENGAH;KAROSSA;2007;BENGGAULU;625;460;11;11;8;9;100;139;321;64;127;460;9;42;32;14;87;8;130;197;192;Sem 2 2024
644;SULAWESI BARAT;MAMUJU TENGAH;KAROSSA;2008;SUKA MAJU;340;247;17;5;5;3;22;52;195;41;75;247;0;0;8;6;54;7;89;125;85;Sem 2 2024
645;SULAWESI BARAT;MAMUJU TENGAH;KAROSSA;2009;KAMBUNONG;618;423;53;13;17;15;46;144;279;57;126;421;0;13;112;3;81;6;191;223;110;Sem 2 2024
646;SULAWESI BARAT;MAMUJU TENGAH;KAROSSA;2010;SALUBIRO;300;226;6;3;5;2;13;29;197;23;71;226;2;4;21;5;44;4;85;110;46;Sem 2 2024
647;SULAWESI BARAT;MAMUJU TENGAH;KAROSSA;2011;SANJANGO;401;306;17;7;8;4;80;116;190;45;74;305;3;12;69;6;51;1;98;128;148;Sem 2 2024
