PROVINSI;KABUPATEN;KECAMATAN;KELURAHAN;PENDAMPINGAN TPA;BULAN
SULAWESI BARAT;MAJENE;BANGGAE;BANGGAE;1;SEPTEMBER
SULAWESI BARAT;MAJENE;BANGGAE;PAMBOBORANG;1;SEPTEMBER
SULAWESI BARAT;MAJENE;BANGGAE TIMUR;BARUGA;1;SEPTEMBER
SULAWESI BARAT;MAJENE;PAMBOANG;BONDE UTARA;1;SEPTEMBER
SULAWESI BARAT;MAMUJU;MAMUJU;KAREMA;1;SEPTEMBER
SULAWESI BARAT;MAMUJU;SIMBORO;RANGAS;1;SEPTEMBER
SULAWESI BARAT;MAMUJU;TOMMO;KAKULLASANG;1;SEPTEMBER
SULAWESI BARAT;MAMUJU;TOMMO;LELING;1;SEPTEMBER
SULAWESI BARAT;PASANGKAYU;BARAS;MOTU;5;SEPTEMBER
SULAWESI BARAT;PASANGKAYU;PEDONGGA;MARTASARI;5;SEPTEMBER
SULAWESI BARAT;PASANGKAYU;TIKKE RAYA;JENGENG RAYA;1;SEPTEMBER
SULAWESI BARAT;PASANGKAYU;TIKKE RAYA;LARIANG;1;SEPTEMBER
SULAWESI BARAT;PASANGKAYU;TIKKE RAYA;MAKMUR JAYA;4;SEPTEMBER
SULAWESI BARAT;PASANGKAYU;TIKKE RAYA;PAJALELE;7;SEPTEMBER
SULAWESI BARAT;POLEWALI MANDAR;CAMPALAGIAN;SUMARRANG;1;SEPTEMBER
SULAWESI BARAT;POLEWALI MANDAR;MATAKALI;BARUMBUNG;3;SEPTEMBER
SULAWESI BARAT;POLEWALI MANDAR;WONOMULYO;SIDODADI;1;SEPTEMBER
SULAWESI BARAT;POLEWALI MANDAR;WONOMULYO;TUMPILING;1;SEPTEMBER
SULAWESI BARAT;MAMUJU TENGAH;TOBADAK;MAHAHE;0;SEPTEMBER
SULAWESI BARAT;MAMUJU TENGAH;TOBADAK;SALOBAJA;0;SEPTEMBER
SULAWESI BARAT;MAMUJU TENGAH;TOBADAK;TOBADAK;0;SEPTEMBER
SULAWESI BARAT;MAMUJU TENGAH;TOBADAK;PALONGAAN;0;SEPTEMBER
SULAWESI BARAT;MAMUJU TENGAH;TOBADAK;BATU PARIGI;0;SEPTEMBER
SULAWESI BARAT;MAMUJU TENGAH;TOBADAK;BAMBADARU;0;SEPTEMBER
SULAWESI BARAT;MAMUJU TENGAH;TOBADAK;SEJATI;0;SEPTEMBER
SULAWESI BARAT;MAMUJU TENGAH;TOBADAK;SALOADAK;0;SEPTEMBER
SULAWESI BARAT;MAMUJU TENGAH;PANGALE;POLO PANGALE;0;SEPTEMBER
SULAWESI BARAT;MAMUJU TENGAH;PANGALE;PANGALE;0;SEPTEMBER
SULAWESI BARAT;MAMUJU TENGAH;PANGALE;SARTANAMAJU;0;SEPTEMBER
SULAWESI BARAT;MAMUJU TENGAH;PANGALE;POLO LERENG;0;SEPTEMBER
SULAWESI BARAT;MAMUJU TENGAH;PANGALE;KUO;0;SEPTEMBER
SULAWESI BARAT;MAMUJU TENGAH;PANGALE;POLO CAMBA;0;SEPTEMBER
SULAWESI BARAT;MAMUJU TENGAH;PANGALE;LAMBA-LAMBA;0;SEPTEMBER
SULAWESI BARAT;MAMUJU TENGAH;PANGALE;KOMBILING;0;SEPTEMBER
SULAWESI BARAT;MAMUJU TENGAH;PANGALE;LEMO-LEMO;0;SEPTEMBER
SULAWESI BARAT;MAMUJU TENGAH;BUDONG-BUDONG;BABANA;0;SEPTEMBER
SULAWESI BARAT;MAMUJU TENGAH;BUDONG-BUDONG;LUMU;0;SEPTEMBER
SULAWESI BARAT;MAMUJU TENGAH;BUDONG-BUDONG;PONTANAKAYANG;0;SEPTEMBER
SULAWESI BARAT;MAMUJU TENGAH;BUDONG-BUDONG;SALOGATTA;0;SEPTEMBER
SULAWESI BARAT;MAMUJU TENGAH;BUDONG-BUDONG;KIRE;0;SEPTEMBER
SULAWESI BARAT;MAMUJU TENGAH;BUDONG-BUDONG;TINALI;0;SEPTEMBER
SULAWESI BARAT;MAMUJU TENGAH;BUDONG-BUDONG;SALUMANURUNG;0;SEPTEMBER
SULAWESI BARAT;MAMUJU TENGAH;BUDONG-BUDONG;PASAPA;0;SEPTEMBER
SULAWESI BARAT;MAMUJU TENGAH;BUDONG-BUDONG;BOJO;0;SEPTEMBER
SULAWESI BARAT;MAMUJU TENGAH;BUDONG-BUDONG;BARAKKANG;0;SEPTEMBER
SULAWESI BARAT;MAMUJU TENGAH;BUDONG-BUDONG;LEMBAH HADA;0;SEPTEMBER
SULAWESI BARAT;MAMUJU TENGAH;TOPOYO;BUDONG-BUDONG;0;SEPTEMBER
SULAWESI BARAT;MAMUJU TENGAH;TOPOYO;TOPOYO;0;SEPTEMBER
SULAWESI BARAT;MAMUJU TENGAH;TOPOYO;TUMBU;0;SEPTEMBER
SULAWESI BARAT;MAMUJU TENGAH;TOPOYO;KABUBU;0;SEPTEMBER
SULAWESI BARAT;MAMUJU TENGAH;TOPOYO;WAEPUTEH;0;SEPTEMBER
SULAWESI BARAT;MAMUJU TENGAH;TOPOYO;TANGKOU;0;SEPTEMBER
SULAWESI BARAT;MAMUJU TENGAH;TOPOYO;TABOLANG;0;SEPTEMBER
SULAWESI BARAT;MAMUJU TENGAH;TOPOYO;PARAILI;0;SEPTEMBER
SULAWESI BARAT;MAMUJU TENGAH;TOPOYO;SALUPANGKANG;0;SEPTEMBER
SULAWESI BARAT;MAMUJU TENGAH;TOPOYO;SALUPANGKANG IV;0;SEPTEMBER
SULAWESI BARAT;MAMUJU TENGAH;TOPOYO;TAPPILINA;0;SEPTEMBER
SULAWESI BARAT;MAMUJU TENGAH;TOPOYO;BAMBAMANURUNG;0;SEPTEMBER
SULAWESI BARAT;MAMUJU TENGAH;TOPOYO;SALULEKBO;0;SEPTEMBER
SULAWESI BARAT;MAMUJU TENGAH;TOPOYO;PANGALLOANG;0;SEPTEMBER
SULAWESI BARAT;MAMUJU TENGAH;TOPOYO;SINABATTA;0;SEPTEMBER
SULAWESI BARAT;MAMUJU TENGAH;KAROSSA;KAROSSA;0;SEPTEMBER
SULAWESI BARAT;MAMUJU TENGAH;KAROSSA;TASOKKO;0;SEPTEMBER
SULAWESI BARAT;MAMUJU TENGAH;KAROSSA;LARA;0;SEPTEMBER
SULAWESI BARAT;MAMUJU TENGAH;KAROSSA;KADAILA;0;SEPTEMBER
SULAWESI BARAT;MAMUJU TENGAH;KAROSSA;KAYU CALLA;0;SEPTEMBER
SULAWESI BARAT;MAMUJU TENGAH;KAROSSA;LEMBAH HOPO;0;SEPTEMBER
SULAWESI BARAT;MAMUJU TENGAH;KAROSSA;BENGGAULU;0;SEPTEMBER
SULAWESI BARAT;MAMUJU TENGAH;KAROSSA;SUKA MAJU;0;SEPTEMBER
SULAWESI BARAT;MAMUJU TENGAH;KAROSSA;KAMBUNONG;0;SEPTEMBER
SULAWESI BARAT;MAMUJU TENGAH;KAROSSA;SALUBIRO;0;SEPTEMBER
SULAWESI BARAT;MAMUJU TENGAH;KAROSSA;SANJANGO;0;SEPTEMBER
SULAWESI BARAT;PASANGKAYU;BAMBAIRA;TAMPAURE;0;SEPTEMBER
SULAWESI BARAT;PASANGKAYU;BAMBAIRA;BAMBAIRA;0;SEPTEMBER
SULAWESI BARAT;PASANGKAYU;BAMBAIRA;KASOLOANG;0;SEPTEMBER
SULAWESI BARAT;PASANGKAYU;BAMBAIRA;KALUKU NANGKA;0;SEPTEMBER
SULAWESI BARAT;PASANGKAYU;BAMBALAMOTU;RANDOMAYANG;0;SEPTEMBER
SULAWESI BARAT;PASANGKAYU;BAMBALAMOTU;BAMBALAMOTU;0;SEPTEMBER
SULAWESI BARAT;PASANGKAYU;BAMBALAMOTU;POLEWALI;0;SEPTEMBER
SULAWESI BARAT;PASANGKAYU;BAMBALAMOTU;PANGIANG;0;SEPTEMBER
SULAWESI BARAT;PASANGKAYU;BAMBALAMOTU;KALOLA;0;SEPTEMBER
SULAWESI BARAT;PASANGKAYU;BAMBALAMOTU;WULAI;0;SEPTEMBER
SULAWESI BARAT;PASANGKAYU;BARAS;BARAS;0;SEPTEMBER
SULAWESI BARAT;PASANGKAYU;BARAS;BULU PARIGI;0;SEPTEMBER
SULAWESI BARAT;PASANGKAYU;BARAS;BALANTI;0;SEPTEMBER
SULAWESI BARAT;PASANGKAYU;BARAS;TOWONI;0;SEPTEMBER
SULAWESI BARAT;PASANGKAYU;BARAS;KASANO;0;SEPTEMBER
SULAWESI BARAT;PASANGKAYU;BULU TABA;SUMBER SARI;0;SEPTEMBER
SULAWESI BARAT;PASANGKAYU;BULU TABA;LELEJAE;0;SEPTEMBER
SULAWESI BARAT;PASANGKAYU;BULU TABA;BUKIT HARAPAN;0;SEPTEMBER
SULAWESI BARAT;PASANGKAYU;BULU TABA;LILIMORI;0;SEPTEMBER
SULAWESI BARAT;PASANGKAYU;BULU TABA;KARAVE;0;SEPTEMBER
SULAWESI BARAT;PASANGKAYU;BULU TABA;KASTABUANA;0;SEPTEMBER
SULAWESI BARAT;PASANGKAYU;BULU TABA;OMPI;0;SEPTEMBER
SULAWESI BARAT;PASANGKAYU;DAPURANG;DAPURANG;0;SEPTEMBER
SULAWESI BARAT;PASANGKAYU;DAPURANG;BENGGAULU;0;SEPTEMBER
SULAWESI BARAT;PASANGKAYU;DAPURANG;TIRTABUANA;0;SEPTEMBER
SULAWESI BARAT;PASANGKAYU;DAPURANG;BULU BONGGU;0;SEPTEMBER
SULAWESI BARAT;PASANGKAYU;DAPURANG;SARASA;0;SEPTEMBER
SULAWESI BARAT;PASANGKAYU;DURIPOKU;TAMMARUNANG;0;SEPTEMBER
SULAWESI BARAT;PASANGKAYU;DURIPOKU;SAPTANAJAYA;0;SEPTEMBER
SULAWESI BARAT;PASANGKAYU;DURIPOKU;TARANGGI;0;SEPTEMBER
SULAWESI BARAT;PASANGKAYU;DURIPOKU;SIPAKAINGA;0;SEPTEMBER
SULAWESI BARAT;PASANGKAYU;LARIANG;KULU;0;SEPTEMBER
SULAWESI BARAT;PASANGKAYU;LARIANG;PARABU;0;SEPTEMBER
SULAWESI BARAT;PASANGKAYU;LARIANG;KENANGAN;0;SEPTEMBER
SULAWESI BARAT;PASANGKAYU;LARIANG;BAJAWALI;0;SEPTEMBER
SULAWESI BARAT;PASANGKAYU;LARIANG;SINGGANI;0;SEPTEMBER
SULAWESI BARAT;PASANGKAYU;LARIANG;BATU MATORU;0;SEPTEMBER
SULAWESI BARAT;PASANGKAYU;LARIANG;BAMBAKORO;0;SEPTEMBER
SULAWESI BARAT;PASANGKAYU;PASANGKAYU;KARYA BERSAMA;0;SEPTEMBER
SULAWESI BARAT;PASANGKAYU;PASANGKAYU;AKO;0;SEPTEMBER
SULAWESI BARAT;PASANGKAYU;PASANGKAYU;PASANGKAYU;0;SEPTEMBER
SULAWESI BARAT;PASANGKAYU;PASANGKAYU;MARTAJAYA;0;SEPTEMBER
SULAWESI BARAT;PASANGKAYU;PASANGKAYU;PAKAVA;0;SEPTEMBER
SULAWESI BARAT;PASANGKAYU;PASANGKAYU;GUNUNG SARI;0;SEPTEMBER
SULAWESI BARAT;PASANGKAYU;PEDONGGA;MALEI;0;SEPTEMBER
SULAWESI BARAT;PASANGKAYU;PEDONGGA;PEDANDA;0;SEPTEMBER
SULAWESI BARAT;PASANGKAYU;PEDONGGA;BATU OGE;0;SEPTEMBER
SULAWESI BARAT;PASANGKAYU;SARJO;SARJO;0;SEPTEMBER
SULAWESI BARAT;PASANGKAYU;SARJO;MAPONU;0;SEPTEMBER
SULAWESI BARAT;PASANGKAYU;SARJO;LETAWA;0;SEPTEMBER
SULAWESI BARAT;PASANGKAYU;SARJO;SARUDE;0;SEPTEMBER
SULAWESI BARAT;PASANGKAYU;SARUDU;DODA;0;SEPTEMBER
SULAWESI BARAT;PASANGKAYU;SARUDU;SARUDU;0;SEPTEMBER
SULAWESI BARAT;PASANGKAYU;SARUDU;BULU MARIO;0;SEPTEMBER
SULAWESI BARAT;PASANGKAYU;SARUDU;KUMASARI;0;SEPTEMBER
SULAWESI BARAT;PASANGKAYU;SARUDU;PATIKA;0;SEPTEMBER
SULAWESI BARAT;PASANGKAYU;TIKKE RAYA;TIKKE;0;SEPTEMBER
SULAWESI BARAT;MAJENE;BANGGAE;BARU;0;SEPTEMBER
SULAWESI BARAT;MAJENE;BANGGAE;PANGALI ALI;0;SEPTEMBER
SULAWESI BARAT;MAJENE;BANGGAE;TOTOLI;0;SEPTEMBER
SULAWESI BARAT;MAJENE;BANGGAE;RANGAS;0;SEPTEMBER
SULAWESI BARAT;MAJENE;BANGGAE;GALUNG;0;SEPTEMBER
SULAWESI BARAT;MAJENE;BANGGAE;PALIPI SOREANG;0;SEPTEMBER
SULAWESI BARAT;MAJENE;BANGGAE TIMUR;BAURUNG;0;SEPTEMBER
SULAWESI BARAT;MAJENE;BANGGAE TIMUR;BARUGA DHUA;0;SEPTEMBER
SULAWESI BARAT;MAJENE;BANGGAE TIMUR;LABUANG;0;SEPTEMBER
SULAWESI BARAT;MAJENE;BANGGAE TIMUR;TANDE;0;SEPTEMBER
SULAWESI BARAT;MAJENE;BANGGAE TIMUR;LEMBANG;0;SEPTEMBER
SULAWESI BARAT;MAJENE;BANGGAE TIMUR;LABUANG UTARA;0;SEPTEMBER
SULAWESI BARAT;MAJENE;BANGGAE TIMUR;TANDE TIMUR;0;SEPTEMBER
SULAWESI BARAT;MAJENE;BANGGAE TIMUR;BUTTU BARUGA;0;SEPTEMBER
SULAWESI BARAT;MAJENE;MALUNDA;MALUNDA;0;SEPTEMBER
SULAWESI BARAT;MAJENE;MALUNDA;LAMUNGANG BATU;0;SEPTEMBER
SULAWESI BARAT;MAJENE;MALUNDA;BAMBANGAN;0;SEPTEMBER
SULAWESI BARAT;MAJENE;MALUNDA;LOMBANG;0;SEPTEMBER
SULAWESI BARAT;MAJENE;MALUNDA;LOMBONG;0;SEPTEMBER
SULAWESI BARAT;MAJENE;MALUNDA;MEKKATTA;0;SEPTEMBER
SULAWESI BARAT;MAJENE;MALUNDA;MALIAYA;0;SEPTEMBER
SULAWESI BARAT;MAJENE;MALUNDA;LOMBANG TIMUR;0;SEPTEMBER
SULAWESI BARAT;MAJENE;MALUNDA;SALUTAHONGAN;0;SEPTEMBER
SULAWESI BARAT;MAJENE;MALUNDA;LOMBONG TIMUR;0;SEPTEMBER
SULAWESI BARAT;MAJENE;MALUNDA;MEKKATTA SELATAN;0;SEPTEMBER
SULAWESI BARAT;MAJENE;MALUNDA;KAYUANGIN;0;SEPTEMBER
SULAWESI BARAT;MAJENE;PAMBOANG;LALAMPANUA;0;SEPTEMBER
SULAWESI BARAT;MAJENE;PAMBOANG;SIRINDU;0;SEPTEMBER
SULAWESI BARAT;MAJENE;PAMBOANG;ADOLANG;0;SEPTEMBER
SULAWESI BARAT;MAJENE;PAMBOANG;BABABULO;0;SEPTEMBER
SULAWESI BARAT;MAJENE;PAMBOANG;BONDE;0;SEPTEMBER
SULAWESI BARAT;MAJENE;PAMBOANG;BETTENG;0;SEPTEMBER
SULAWESI BARAT;MAJENE;PAMBOANG;SIMBANG;0;SEPTEMBER
SULAWESI BARAT;MAJENE;PAMBOANG;BABABULO UTARA;0;SEPTEMBER
SULAWESI BARAT;MAJENE;PAMBOANG;BUTTU PAMBOANG;0;SEPTEMBER
SULAWESI BARAT;MAJENE;PAMBOANG;BANUA ADOLANG;0;SEPTEMBER
SULAWESI BARAT;MAJENE;PAMBOANG;ADOLANG DHUA;0;SEPTEMBER
SULAWESI BARAT;MAJENE;PAMBOANG;TINAMBUNG;0;SEPTEMBER
SULAWESI BARAT;MAJENE;PAMBOANG;PESULOANG;0;SEPTEMBER
SULAWESI BARAT;MAJENE;PAMBOANG;BALOMBONG;0;SEPTEMBER
SULAWESI BARAT;MAJENE;SENDANA;MOSSO;0;SEPTEMBER
SULAWESI BARAT;MAJENE;SENDANA;MOSSO DHUA;0;SEPTEMBER
SULAWESI BARAT;MAJENE;SENDANA;TOTOLISI SENDANA;0;SEPTEMBER
SULAWESI BARAT;MAJENE;SENDANA;TALLUBANUA;0;SEPTEMBER
SULAWESI BARAT;MAJENE;SENDANA;LALATEDZONG;0;SEPTEMBER
SULAWESI BARAT;MAJENE;SENDANA;BINANGA;0;SEPTEMBER
SULAWESI BARAT;MAJENE;SENDANA;PUTTADA;0;SEPTEMBER
SULAWESI BARAT;MAJENE;SENDANA;PAMINGGALAN;0;SEPTEMBER
SULAWESI BARAT;MAJENE;SENDANA;LEPPANGANG;0;SEPTEMBER
SULAWESI BARAT;MAJENE;SENDANA;PUNDAU;0;SEPTEMBER
SULAWESI BARAT;MAJENE;SENDANA;SENDANA;0;SEPTEMBER
SULAWESI BARAT;MAJENE;SENDANA;BANUA SENDANA;0;SEPTEMBER
SULAWESI BARAT;MAJENE;SENDANA;TALLUBANUA UTARA;0;SEPTEMBER
SULAWESI BARAT;MAJENE;SENDANA;LIMBORO RAMBU-RAMBU;0;SEPTEMBER
SULAWESI BARAT;MAJENE;SENDANA;LIMBUA;0;SEPTEMBER
SULAWESI BARAT;MAJENE;SENDANA;BUKIT SAMANG;0;SEPTEMBER
SULAWESI BARAT;MAJENE;TAMMERODO SENDANA;SEPPONG;0;SEPTEMBER
SULAWESI BARAT;MAJENE;TAMMERODO SENDANA;TAMMERODO;0;SEPTEMBER
SULAWESI BARAT;MAJENE;TAMMERODO SENDANA;ULIDANG;0;SEPTEMBER
SULAWESI BARAT;MAJENE;TAMMERODO SENDANA;TALLAMBALAO;0;SEPTEMBER
SULAWESI BARAT;MAJENE;TAMMERODO SENDANA;TAMMERODO UTARA;0;SEPTEMBER
SULAWESI BARAT;MAJENE;TAMMERODO SENDANA;MANYAMBA;0;SEPTEMBER
SULAWESI BARAT;MAJENE;TAMMERODO SENDANA;AWO;0;SEPTEMBER
SULAWESI BARAT;MAJENE;TUBO SENDANA;ONANG;0;SEPTEMBER
SULAWESI BARAT;MAJENE;TUBO SENDANA;TUBO;0;SEPTEMBER
SULAWESI BARAT;MAJENE;TUBO SENDANA;ONANG UTARA;0;SEPTEMBER
SULAWESI BARAT;MAJENE;TUBO SENDANA;TUBO SELATAN;0;SEPTEMBER
SULAWESI BARAT;MAJENE;TUBO SENDANA;BONDE BONDE;0;SEPTEMBER
SULAWESI BARAT;MAJENE;TUBO SENDANA;TUBO TENGAH;0;SEPTEMBER
SULAWESI BARAT;MAJENE;TUBO SENDANA;TUBO POANG;0;SEPTEMBER
SULAWESI BARAT;MAJENE;ULUMANDA;KABIRAAN;0;SEPTEMBER
SULAWESI BARAT;MAJENE;ULUMANDA;SAMBABO;0;SEPTEMBER
SULAWESI BARAT;MAJENE;ULUMANDA;TANDEALLO;0;SEPTEMBER
SULAWESI BARAT;MAJENE;ULUMANDA;ULUMANDA;0;SEPTEMBER
SULAWESI BARAT;MAJENE;ULUMANDA;SALUTAMBUNG;0;SEPTEMBER
SULAWESI BARAT;MAJENE;ULUMANDA;POPENGA;0;SEPTEMBER
SULAWESI BARAT;MAJENE;ULUMANDA;SULAI;0;SEPTEMBER
SULAWESI BARAT;MAJENE;ULUMANDA;PANGGALO;0;SEPTEMBER
SULAWESI BARAT;MAMASA;ARALLE;ARALLE;0;SEPTEMBER
SULAWESI BARAT;MAMASA;ARALLE;RALLE ANAK;0;SEPTEMBER
SULAWESI BARAT;MAMASA;ARALLE;PANETEAN;0;SEPTEMBER
SULAWESI BARAT;MAMASA;ARALLE;UHAILANU;0;SEPTEMBER
SULAWESI BARAT;MAMASA;ARALLE;ARALLE UTARA;0;SEPTEMBER
SULAWESI BARAT;MAMASA;ARALLE;UHAIDAHO;0;SEPTEMBER
SULAWESI BARAT;MAMASA;ARALLE;BARURU;0;SEPTEMBER
SULAWESI BARAT;MAMASA;ARALLE;RALLEANAK UTARA;0;SEPTEMBER
SULAWESI BARAT;MAMASA;ARALLE;PAMOSEANG PANGGA;0;SEPTEMBER
SULAWESI BARAT;MAMASA;ARALLE;KALABE;0;SEPTEMBER
SULAWESI BARAT;MAMASA;ARALLE;ARALLE SELATAN;0;SEPTEMBER
SULAWESI BARAT;MAMASA;ARALLE;HAHANGAN;0;SEPTEMBER
SULAWESI BARAT;MAMASA;BALLA;BALLA;0;SEPTEMBER
SULAWESI BARAT;MAMASA;BALLA;BALLA BARAT;0;SEPTEMBER
SULAWESI BARAT;MAMASA;BALLA;BALLA SATANETEAN;0;SEPTEMBER
SULAWESI BARAT;MAMASA;BALLA;BALLA TUMUKA;0;SEPTEMBER
SULAWESI BARAT;MAMASA;BALLA;SEPAKUAN;0;SEPTEMBER
SULAWESI BARAT;MAMASA;BALLA;PIDARA;0;SEPTEMBER
SULAWESI BARAT;MAMASA;BALLA;BAMBAPUANG;0;SEPTEMBER
SULAWESI BARAT;MAMASA;BALLA;BALLA TIMUR;0;SEPTEMBER
SULAWESI BARAT;MAMASA;BAMBANG;MOKALLANG;0;SEPTEMBER
SULAWESI BARAT;MAMASA;BAMBANG;MASOSO;0;SEPTEMBER
SULAWESI BARAT;MAMASA;BAMBANG;SALUASSING;0;SEPTEMBER
SULAWESI BARAT;MAMASA;BAMBANG;SALUBULO;0;SEPTEMBER
SULAWESI BARAT;MAMASA;BAMBANG;SALUKADI;0;SEPTEMBER
SULAWESI BARAT;MAMASA;BAMBANG;SALUKEPOPOK;0;SEPTEMBER
SULAWESI BARAT;MAMASA;BAMBANG;ULUMAMBI BARAT;0;SEPTEMBER
SULAWESI BARAT;MAMASA;BAMBANG;LIMBADEBATA;0;SEPTEMBER
SULAWESI BARAT;MAMASA;BAMBANG;TANETE TOMBA;0;SEPTEMBER
SULAWESI BARAT;MAMASA;BAMBANG;BAMBANG;0;SEPTEMBER
SULAWESI BARAT;MAMASA;BAMBANG;RANTELEMO;0;SEPTEMBER
SULAWESI BARAT;MAMASA;BAMBANG;SALUDENGEN;0;SEPTEMBER
SULAWESI BARAT;MAMASA;BAMBANG;ULUMAMBI;0;SEPTEMBER
SULAWESI BARAT;MAMASA;BAMBANG;BAMBANG TIMUR;0;SEPTEMBER
SULAWESI BARAT;MAMASA;BAMBANG;MINANGA;0;SEPTEMBER
SULAWESI BARAT;MAMASA;BAMBANG;SIKAMASE;0;SEPTEMBER
SULAWESI BARAT;MAMASA;BAMBANG;RANTETARIMA;0;SEPTEMBER
SULAWESI BARAT;MAMASA;BAMBANG;SALURURU;0;SEPTEMBER
SULAWESI BARAT;MAMASA;BAMBANG;SALUTABANG;0;SEPTEMBER
SULAWESI BARAT;MAMASA;BAMBANG;BALATANA;0;SEPTEMBER
SULAWESI BARAT;MAMASA;BUNTUMALANGKA;BUNTUMALANGKA;0;SEPTEMBER
SULAWESI BARAT;MAMASA;BUNTUMALANGKA;RANTEBERAN;0;SEPTEMBER
SULAWESI BARAT;MAMASA;BUNTUMALANGKA;KEBANGA;0;SEPTEMBER
SULAWESI BARAT;MAMASA;BUNTUMALANGKA;SALURINDU;0;SEPTEMBER
SULAWESI BARAT;MAMASA;BUNTUMALANGKA;TAORA;0;SEPTEMBER
SULAWESI BARAT;MAMASA;BUNTUMALANGKA;KABAE;0;SEPTEMBER
SULAWESI BARAT;MAMASA;BUNTUMALANGKA;SALUTAMBUN BARAT;0;SEPTEMBER
SULAWESI BARAT;MAMASA;BUNTUMALANGKA;PENATANGAN;0;SEPTEMBER
SULAWESI BARAT;MAMASA;BUNTUMALANGKA;SALUTAMBUN TIMUR;0;SEPTEMBER
SULAWESI BARAT;MAMASA;BUNTUMALANGKA;SALUTAMBUN;0;SEPTEMBER
SULAWESI BARAT;MAMASA;BUNTUMALANGKA;ARALLE TIMUR;0;SEPTEMBER
SULAWESI BARAT;MAMASA;MAMASA;MAMASA;0;SEPTEMBER
SULAWESI BARAT;MAMASA;MAMASA;RAMBUSARATU;0;SEPTEMBER
SULAWESI BARAT;MAMASA;MAMASA;OSANGO;0;SEPTEMBER
SULAWESI BARAT;MAMASA;MAMASA;LAMBANAN;0;SEPTEMBER
SULAWESI BARAT;MAMASA;MAMASA;LEMBANA SALULO;0;SEPTEMBER
SULAWESI BARAT;MAMASA;MAMASA;TAUPE;0;SEPTEMBER
SULAWESI BARAT;MAMASA;MAMASA;BUNTU BUDA;0;SEPTEMBER
SULAWESI BARAT;MAMASA;MAMASA;TONDOK BAKARU;0;SEPTEMBER
SULAWESI BARAT;MAMASA;MAMASA;PEBASSIAN;0;SEPTEMBER
SULAWESI BARAT;MAMASA;MAMASA;MAMBULILING;0;SEPTEMBER
SULAWESI BARAT;MAMASA;MAMASA;BOMBONG LAMBE;0;SEPTEMBER
SULAWESI BARAT;MAMASA;MAMASA;BUBUN BATU;0;SEPTEMBER
SULAWESI BARAT;MAMASA;MAMBI;MAMBI;0;SEPTEMBER
SULAWESI BARAT;MAMASA;MAMBI;TALIPUKKI;0;SEPTEMBER
SULAWESI BARAT;MAMASA;MAMBI;RANTEBULAHAN;0;SEPTEMBER
SULAWESI BARAT;MAMASA;MAMBI;SONDONGLAYU;0;SEPTEMBER
SULAWESI BARAT;MAMASA;MAMBI;SALUBANUA;0;SEPTEMBER
SULAWESI BARAT;MAMASA;MAMBI;TAPALINA;0;SEPTEMBER
SULAWESI BARAT;MAMASA;MAMBI;SENDANA;0;SEPTEMBER
SULAWESI BARAT;MAMASA;MAMBI;PAMOSEAN;0;SEPTEMBER
SULAWESI BARAT;MAMASA;MAMBI;SELUMAKA;0;SEPTEMBER
SULAWESI BARAT;MAMASA;MAMBI;BUJUNG MANURUNG;0;SEPTEMBER
SULAWESI BARAT;MAMASA;MAMBI;SALU ALO;0;SEPTEMBER
SULAWESI BARAT;MAMASA;MAMBI;INDOBANUA;0;SEPTEMBER
SULAWESI BARAT;MAMASA;MAMBI;SALUDURIAN;0;SEPTEMBER
SULAWESI BARAT;MAMASA;MEHALAAN;MEHALAAN;0;SEPTEMBER
SULAWESI BARAT;MAMASA;MEHALAAN;BOTTENG;0;SEPTEMBER
SULAWESI BARAT;MAMASA;MEHALAAN;SALUKONTA;0;SEPTEMBER
SULAWESI BARAT;MAMASA;MEHALAAN;MESAKADA;0;SEPTEMBER
SULAWESI BARAT;MAMASA;MEHALAAN;MEHALAAN BARAT;0;SEPTEMBER
SULAWESI BARAT;MAMASA;MEHALAAN;SALUAHOK;0;SEPTEMBER
SULAWESI BARAT;MAMASA;MEHALAAN;SALUBALO;0;SEPTEMBER
SULAWESI BARAT;MAMASA;MEHALAAN;PASSEMBUK;0;SEPTEMBER
SULAWESI BARAT;MAMASA;MEHALAAN;KONDO;0;SEPTEMBER
SULAWESI BARAT;MAMASA;MEHALAAN;LEKO SUKAMAJU;0;SEPTEMBER
SULAWESI BARAT;MAMASA;MEHALAAN;ULUMEA;0;SEPTEMBER
SULAWESI BARAT;MAMASA;MESSAWA;MESSAWA;0;SEPTEMBER
SULAWESI BARAT;MAMASA;MESSAWA;RIPPUNG;0;SEPTEMBER
SULAWESI BARAT;MAMASA;MESSAWA;MAKUANG;0;SEPTEMBER
SULAWESI BARAT;MAMASA;MESSAWA;SEPANG;0;SEPTEMBER
SULAWESI BARAT;MAMASA;MESSAWA;MALIMBONG;0;SEPTEMBER
SULAWESI BARAT;MAMASA;MESSAWA;MATANDE;0;SEPTEMBER
SULAWESI BARAT;MAMASA;MESSAWA;SIPAI;0;SEPTEMBER
SULAWESI BARAT;MAMASA;MESSAWA;PASMA MAMBU;0;SEPTEMBER
SULAWESI BARAT;MAMASA;MESSAWA;TANETE BATU;0;SEPTEMBER
SULAWESI BARAT;MAMASA;NOSU;NOSU;0;SEPTEMBER
SULAWESI BARAT;MAMASA;NOSU;MINANGA;0;SEPTEMBER
SULAWESI BARAT;MAMASA;NOSU;BATUPAPAN;0;SEPTEMBER
SULAWESI BARAT;MAMASA;NOSU;MASEWWE;0;SEPTEMBER
SULAWESI BARAT;MAMASA;NOSU;SIWI;0;SEPTEMBER
SULAWESI BARAT;MAMASA;NOSU;MINANGA TIMUR;0;SEPTEMBER
SULAWESI BARAT;MAMASA;NOSU;PARINDING;0;SEPTEMBER
SULAWESI BARAT;MAMASA;PANA;PANA;0;SEPTEMBER
SULAWESI BARAT;MAMASA;PANA;MANIPI;0;SEPTEMBER
SULAWESI BARAT;MAMASA;PANA;MAMULLU;0;SEPTEMBER
SULAWESI BARAT;MAMASA;PANA;SAPAN;0;SEPTEMBER
SULAWESI BARAT;MAMASA;PANA;DATUBARINGAN;0;SEPTEMBER
SULAWESI BARAT;MAMASA;PANA;PANURA;0;SEPTEMBER
SULAWESI BARAT;MAMASA;PANA;TALLANG BULAWAN;0;SEPTEMBER
SULAWESI BARAT;MAMASA;PANA;KARAKA;0;SEPTEMBER
SULAWESI BARAT;MAMASA;PANA;ULUSALU;0;SEPTEMBER
SULAWESI BARAT;MAMASA;PANA;WERI;0;SEPTEMBER
SULAWESI BARAT;MAMASA;PANA;SALUTAMBUN;0;SEPTEMBER
SULAWESI BARAT;MAMASA;PANA;SALOAN;0;SEPTEMBER
SULAWESI BARAT;MAMASA;PANA;ULUSALU INDAH;0;SEPTEMBER
SULAWESI BARAT;MAMASA;RANTEBULAHAN TIMUR;SALUMOKANAN;0;SEPTEMBER
SULAWESI BARAT;MAMASA;RANTEBULAHAN TIMUR;SALUMOKANAN BARAT;0;SEPTEMBER
SULAWESI BARAT;MAMASA;RANTEBULAHAN TIMUR;BUANGIN;0;SEPTEMBER
SULAWESI BARAT;MAMASA;RANTEBULAHAN TIMUR;BAMBANG BUDA;0;SEPTEMBER
SULAWESI BARAT;MAMASA;RANTEBULAHAN TIMUR;LEKO;0;SEPTEMBER
SULAWESI BARAT;MAMASA;RANTEBULAHAN TIMUR;KIRAK;0;SEPTEMBER
SULAWESI BARAT;MAMASA;RANTEBULAHAN TIMUR;SALUMOKANAN UTARA;0;SEPTEMBER
SULAWESI BARAT;MAMASA;RANTEBULAHAN TIMUR;SAMPALE;0;SEPTEMBER
SULAWESI BARAT;MAMASA;SESENAPADANG;OROBUA;0;SEPTEMBER
SULAWESI BARAT;MAMASA;SESENAPADANG;PALADAN;0;SEPTEMBER
SULAWESI BARAT;MAMASA;SESENAPADANG;OROBUA TIMUR;0;SEPTEMBER
SULAWESI BARAT;MAMASA;SESENAPADANG;RANTE PUANG;0;SEPTEMBER
SULAWESI BARAT;MAMASA;SESENAPADANG;SATENETEAN;0;SEPTEMBER
SULAWESI BARAT;MAMASA;SESENAPADANG;LISUAN ADA;0;SEPTEMBER
SULAWESI BARAT;MAMASA;SESENAPADANG;OROBUA SELATAN;0;SEPTEMBER
SULAWESI BARAT;MAMASA;SESENAPADANG;MALANGKENA PADANG;0;SEPTEMBER
SULAWESI BARAT;MAMASA;SESENAPADANG;MALIMBONG;0;SEPTEMBER
SULAWESI BARAT;MAMASA;SESENAPADANG;MARAMPAN OROBUA;0;SEPTEMBER
SULAWESI BARAT;MAMASA;SUMARORONG;SUMARORONG;0;SEPTEMBER
SULAWESI BARAT;MAMASA;SUMARORONG;TABONE;0;SEPTEMBER
SULAWESI BARAT;MAMASA;SUMARORONG;BATANG URU;0;SEPTEMBER
SULAWESI BARAT;MAMASA;SUMARORONG;SASAKAN;0;SEPTEMBER
SULAWESI BARAT;MAMASA;SUMARORONG;TADISI;0;SEPTEMBER
SULAWESI BARAT;MAMASA;SUMARORONG;SIBANAWA;0;SEPTEMBER
SULAWESI BARAT;MAMASA;SUMARORONG;BATANGNGURU TIMUR;0;SEPTEMBER
SULAWESI BARAT;MAMASA;SUMARORONG;SALUBALO;0;SEPTEMBER
SULAWESI BARAT;MAMASA;SUMARORONG;BANEA;0;SEPTEMBER
SULAWESI BARAT;MAMASA;SUMARORONG;RANTE KAMASE;0;SEPTEMBER
SULAWESI BARAT;MAMASA;TABANG;TABANG;0;SEPTEMBER
SULAWESI BARAT;MAMASA;TABANG;TADOKALUA;0;SEPTEMBER
SULAWESI BARAT;MAMASA;TABANG;TABANG BARAT;0;SEPTEMBER
SULAWESI BARAT;MAMASA;TABANG;MASUPU;0;SEPTEMBER
SULAWESI BARAT;MAMASA;TABANG;KALAMA;0;SEPTEMBER
SULAWESI BARAT;MAMASA;TABANG;BAKADISURA;0;SEPTEMBER
SULAWESI BARAT;MAMASA;TABANG;SALUKONA;0;SEPTEMBER
SULAWESI BARAT;MAMASA;TABULAHAN;LAKAHANG;0;SEPTEMBER
SULAWESI BARAT;MAMASA;TABULAHAN;PERIANGAN;0;SEPTEMBER
SULAWESI BARAT;MAMASA;TABULAHAN;MALATIRO;0;SEPTEMBER
SULAWESI BARAT;MAMASA;TABULAHAN;TABULAHAN;0;SEPTEMBER
SULAWESI BARAT;MAMASA;TABULAHAN;SALULEANG;0;SEPTEMBER
SULAWESI BARAT;MAMASA;TABULAHAN;TAMPAK KURRA;0;SEPTEMBER
SULAWESI BARAT;MAMASA;TABULAHAN;GANDANG DEWATA;0;SEPTEMBER
SULAWESI BARAT;MAMASA;TABULAHAN;BURANA;0;SEPTEMBER
SULAWESI BARAT;MAMASA;TABULAHAN;SALUBAKKA;0;SEPTEMBER
SULAWESI BARAT;MAMASA;TABULAHAN;PANGANDARAN;0;SEPTEMBER
SULAWESI BARAT;MAMASA;TABULAHAN;TALOPAK;0;SEPTEMBER
SULAWESI BARAT;MAMASA;TABULAHAN;PEU';0;SEPTEMBER
SULAWESI BARAT;MAMASA;TABULAHAN;TIMORO;0;SEPTEMBER
SULAWESI BARAT;MAMASA;TABULAHAN;LAKAHANG UTAMA;0;SEPTEMBER
SULAWESI BARAT;MAMASA;TANDUK KALUA;MINAKE;0;SEPTEMBER
SULAWESI BARAT;MAMASA;TANDUK KALUA;MALABO;0;SEPTEMBER
SULAWESI BARAT;MAMASA;TANDUK KALUA;SINDAGAMANIK;0;SEPTEMBER
SULAWESI BARAT;MAMASA;TANDUK KALUA;PARONDOBULAWAN;0;SEPTEMBER
SULAWESI BARAT;MAMASA;TANDUK KALUA;TAMALANTIK;0;SEPTEMBER
SULAWESI BARAT;MAMASA;TANDUK KALUA;MANNABABA;0;SEPTEMBER
SULAWESI BARAT;MAMASA;TANDUK KALUA;MESAKADA;0;SEPTEMBER
SULAWESI BARAT;MAMASA;TANDUK KALUA;BALLABATU;0;SEPTEMBER
SULAWESI BARAT;MAMASA;TANDUK KALUA;PAMBE;0;SEPTEMBER
SULAWESI BARAT;MAMASA;TANDUK KALUA;SALURANO;0;SEPTEMBER
SULAWESI BARAT;MAMASA;TANDUK KALUA;TALIMBUNG;0;SEPTEMBER
SULAWESI BARAT;MAMASA;TANDUK KALUA;KANAN;0;SEPTEMBER
SULAWESI BARAT;MAMASA;TAWALIAN;TAWALIAN;0;SEPTEMBER
SULAWESI BARAT;MAMASA;TAWALIAN;TAWALIAN TIMUR;0;SEPTEMBER
SULAWESI BARAT;MAMASA;TAWALIAN;KARIANGO;0;SEPTEMBER
SULAWESI BARAT;MAMASA;TAWALIAN;RANTETANGNGA;0;SEPTEMBER
SULAWESI BARAT;POLEWALI MANDAR;ALLU;PETOOSANG;0;SEPTEMBER
SULAWESI BARAT;POLEWALI MANDAR;ALLU;MOMBI;0;SEPTEMBER
SULAWESI BARAT;POLEWALI MANDAR;ALLU;KALUMAMMANG;0;SEPTEMBER
SULAWESI BARAT;POLEWALI MANDAR;ALLU;PAO-PAO;0;SEPTEMBER
SULAWESI BARAT;POLEWALI MANDAR;ALLU;PUPPU URING;0;SEPTEMBER
SULAWESI BARAT;POLEWALI MANDAR;ALLU;SARAGIAN;0;SEPTEMBER
SULAWESI BARAT;POLEWALI MANDAR;ALLU;SAYOANG;0;SEPTEMBER
SULAWESI BARAT;POLEWALI MANDAR;ALLU;ALU;0;SEPTEMBER
SULAWESI BARAT;POLEWALI MANDAR;ANREAPI;ANREAPI;0;SEPTEMBER
SULAWESI BARAT;POLEWALI MANDAR;ANREAPI;DUAMPANUA;0;SEPTEMBER
SULAWESI BARAT;POLEWALI MANDAR;ANREAPI;KELAPA DUA;0;SEPTEMBER
SULAWESI BARAT;POLEWALI MANDAR;ANREAPI;PAPPANDANGAN;0;SEPTEMBER
SULAWESI BARAT;POLEWALI MANDAR;ANREAPI;KUNYI;0;SEPTEMBER
SULAWESI BARAT;POLEWALI MANDAR;BALANIPA;BALANIPA;0;SEPTEMBER
SULAWESI BARAT;POLEWALI MANDAR;BALANIPA;TAMMAJARRA;0;SEPTEMBER
SULAWESI BARAT;POLEWALI MANDAR;BALANIPA;TAMANGGALLE;0;SEPTEMBER
SULAWESI BARAT;POLEWALI MANDAR;BALANIPA;MOSSO;0;SEPTEMBER
SULAWESI BARAT;POLEWALI MANDAR;BALANIPA;GALUNG TULUK;0;SEPTEMBER
SULAWESI BARAT;POLEWALI MANDAR;BALANIPA;SABANG SUBIK;0;SEPTEMBER
SULAWESI BARAT;POLEWALI MANDAR;BALANIPA;PAMBUSUANG;0;SEPTEMBER
SULAWESI BARAT;POLEWALI MANDAR;BALANIPA;BALA;0;SEPTEMBER
SULAWESI BARAT;POLEWALI MANDAR;BALANIPA;LAMBANAN;0;SEPTEMBER
SULAWESI BARAT;POLEWALI MANDAR;BALANIPA;LEGO;0;SEPTEMBER
SULAWESI BARAT;POLEWALI MANDAR;BALANIPA;PALLIS;0;SEPTEMBER
SULAWESI BARAT;POLEWALI MANDAR;BINUANG;AMASSANGAN;0;SEPTEMBER
SULAWESI BARAT;POLEWALI MANDAR;BINUANG;TONYAMAN;0;SEPTEMBER
SULAWESI BARAT;POLEWALI MANDAR;BINUANG;KUAJANG;0;SEPTEMBER
SULAWESI BARAT;POLEWALI MANDAR;BINUANG;PAKU;0;SEPTEMBER
SULAWESI BARAT;POLEWALI MANDAR;BINUANG;MIRRING;0;SEPTEMBER
SULAWESI BARAT;POLEWALI MANDAR;BINUANG;BATETANGNGA;0;SEPTEMBER
SULAWESI BARAT;POLEWALI MANDAR;BINUANG;MAMMI;0;SEPTEMBER
SULAWESI BARAT;POLEWALI MANDAR;BINUANG;KALEOK;0;SEPTEMBER
SULAWESI BARAT;POLEWALI MANDAR;BINUANG;AMOLA;0;SEPTEMBER
SULAWESI BARAT;POLEWALI MANDAR;BINUANG;REA;0;SEPTEMBER
SULAWESI BARAT;POLEWALI MANDAR;BULO;BULO;0;SEPTEMBER
SULAWESI BARAT;POLEWALI MANDAR;BULO;PULLIWA;0;SEPTEMBER
SULAWESI BARAT;POLEWALI MANDAR;BULO;PATAMBANUA;0;SEPTEMBER
SULAWESI BARAT;POLEWALI MANDAR;BULO;KAROMBANG;0;SEPTEMBER
SULAWESI BARAT;POLEWALI MANDAR;BULO;DAALA TIMUR;0;SEPTEMBER
SULAWESI BARAT;POLEWALI MANDAR;BULO;LENGGO;0;SEPTEMBER
SULAWESI BARAT;POLEWALI MANDAR;BULO;SABURA;0;SEPTEMBER
SULAWESI BARAT;POLEWALI MANDAR;BULO;SEPPORRAKI;0;SEPTEMBER
SULAWESI BARAT;POLEWALI MANDAR;BULO;IHING;0;SEPTEMBER
SULAWESI BARAT;POLEWALI MANDAR;CAMPALAGIAN;PAPPANG;0;SEPTEMBER
SULAWESI BARAT;POLEWALI MANDAR;CAMPALAGIAN;LALIKO;0;SEPTEMBER
SULAWESI BARAT;POLEWALI MANDAR;CAMPALAGIAN;BONDE;0;SEPTEMBER
SULAWESI BARAT;POLEWALI MANDAR;CAMPALAGIAN;KATUMBANGAN LEMO;0;SEPTEMBER
SULAWESI BARAT;POLEWALI MANDAR;CAMPALAGIAN;PANYAMPA;0;SEPTEMBER
SULAWESI BARAT;POLEWALI MANDAR;CAMPALAGIAN;SURUANG;0;SEPTEMBER
SULAWESI BARAT;POLEWALI MANDAR;CAMPALAGIAN;LAMPOKO;0;SEPTEMBER
SULAWESI BARAT;POLEWALI MANDAR;CAMPALAGIAN;KATUMBANGAN;0;SEPTEMBER
SULAWESI BARAT;POLEWALI MANDAR;CAMPALAGIAN;LAPEO;0;SEPTEMBER
SULAWESI BARAT;POLEWALI MANDAR;CAMPALAGIAN;PARAPPE;0;SEPTEMBER
SULAWESI BARAT;POLEWALI MANDAR;CAMPALAGIAN;ONGKO;0;SEPTEMBER
SULAWESI BARAT;POLEWALI MANDAR;CAMPALAGIAN;KENJE;0;SEPTEMBER
SULAWESI BARAT;POLEWALI MANDAR;CAMPALAGIAN;BOTTO;0;SEPTEMBER
SULAWESI BARAT;POLEWALI MANDAR;CAMPALAGIAN;GATTUNGAN;0;SEPTEMBER
SULAWESI BARAT;POLEWALI MANDAR;CAMPALAGIAN;PADANG TIMUR;0;SEPTEMBER
SULAWESI BARAT;POLEWALI MANDAR;CAMPALAGIAN;PADANG;0;SEPTEMBER
SULAWESI BARAT;POLEWALI MANDAR;CAMPALAGIAN;LAGI-AGI;0;SEPTEMBER
SULAWESI BARAT;POLEWALI MANDAR;LIMBORO;LIMBORO;0;SEPTEMBER
SULAWESI BARAT;POLEWALI MANDAR;LIMBORO;LEMBANG LEMBANG;0;SEPTEMBER
SULAWESI BARAT;POLEWALI MANDAR;LIMBORO;TANDASURA;0;SEPTEMBER
SULAWESI BARAT;POLEWALI MANDAR;LIMBORO;SAMASUNDU;0;SEPTEMBER
SULAWESI BARAT;POLEWALI MANDAR;LIMBORO;NAPO;0;SEPTEMBER
SULAWESI BARAT;POLEWALI MANDAR;LIMBORO;TODANG TODANG;0;SEPTEMBER
SULAWESI BARAT;POLEWALI MANDAR;LIMBORO;PENDULANGAN;0;SEPTEMBER
SULAWESI BARAT;POLEWALI MANDAR;LIMBORO;RENGGEANG;0;SEPTEMBER
SULAWESI BARAT;POLEWALI MANDAR;LIMBORO;SALARRI;0;SEPTEMBER
SULAWESI BARAT;POLEWALI MANDAR;LIMBORO;TANGAN BARU;0;SEPTEMBER
SULAWESI BARAT;POLEWALI MANDAR;LIMBORO;PALECE;0;SEPTEMBER
SULAWESI BARAT;POLEWALI MANDAR;LUYO;BATUPANGA;0;SEPTEMBER
SULAWESI BARAT;POLEWALI MANDAR;LUYO;MAMBU;0;SEPTEMBER
SULAWESI BARAT;POLEWALI MANDAR;LUYO;TENGGELANG;0;SEPTEMBER
SULAWESI BARAT;POLEWALI MANDAR;LUYO;BARU;0;SEPTEMBER
SULAWESI BARAT;POLEWALI MANDAR;LUYO;PUSSUI;0;SEPTEMBER
SULAWESI BARAT;POLEWALI MANDAR;LUYO;MAPILI BARAT;0;SEPTEMBER
SULAWESI BARAT;POLEWALI MANDAR;LUYO;SAMBALI WALI;0;SEPTEMBER
SULAWESI BARAT;POLEWALI MANDAR;LUYO;BATUPANGA DAALA;0;SEPTEMBER
SULAWESI BARAT;POLEWALI MANDAR;LUYO;LUYO;0;SEPTEMBER
SULAWESI BARAT;POLEWALI MANDAR;LUYO;PUSSUI BARAT;0;SEPTEMBER
SULAWESI BARAT;POLEWALI MANDAR;LUYO;PUCCADI;0;SEPTEMBER
SULAWESI BARAT;POLEWALI MANDAR;MAPILLI;MAPILI;0;SEPTEMBER
SULAWESI BARAT;POLEWALI MANDAR;MAPILLI;UGIBARU;0;SEPTEMBER
SULAWESI BARAT;POLEWALI MANDAR;MAPILLI;RUMPA;0;SEPTEMBER
SULAWESI BARAT;POLEWALI MANDAR;MAPILLI;KURMA;0;SEPTEMBER
SULAWESI BARAT;POLEWALI MANDAR;MAPILLI;BUKU;0;SEPTEMBER
SULAWESI BARAT;POLEWALI MANDAR;MAPILLI;BONNE BONNE;0;SEPTEMBER
SULAWESI BARAT;POLEWALI MANDAR;MAPILLI;BEROANGIN;0;SEPTEMBER
SULAWESI BARAT;POLEWALI MANDAR;MAPILLI;SEGERANG;0;SEPTEMBER
SULAWESI BARAT;POLEWALI MANDAR;MAPILLI;BONRA;0;SEPTEMBER
SULAWESI BARAT;POLEWALI MANDAR;MAPILLI;SATTOKO;0;SEPTEMBER
SULAWESI BARAT;POLEWALI MANDAR;MAPILLI;RAPPANG BARAT;0;SEPTEMBER
SULAWESI BARAT;POLEWALI MANDAR;MAPILLI;LANDI KANUSUANG;0;SEPTEMBER
SULAWESI BARAT;POLEWALI MANDAR;MATAKALI;MATAKALI;0;SEPTEMBER
SULAWESI BARAT;POLEWALI MANDAR;MATAKALI;PETAMPANUA;0;SEPTEMBER
SULAWESI BARAT;POLEWALI MANDAR;MATAKALI;PASIANG;0;SEPTEMBER
SULAWESI BARAT;POLEWALI MANDAR;MATAKALI;TONROLIMA;0;SEPTEMBER
SULAWESI BARAT;POLEWALI MANDAR;MATAKALI;INDOMAKKOMBONG;0;SEPTEMBER
SULAWESI BARAT;POLEWALI MANDAR;MATAKALI;BUNGA-BUNGA;0;SEPTEMBER
SULAWESI BARAT;POLEWALI MANDAR;MATANGNGA;MATANGNGA;0;SEPTEMBER
SULAWESI BARAT;POLEWALI MANDAR;MATANGNGA;LILLI;0;SEPTEMBER
SULAWESI BARAT;POLEWALI MANDAR;MATANGNGA;RANGOAN;0;SEPTEMBER
SULAWESI BARAT;POLEWALI MANDAR;MATANGNGA;TAPUA;0;SEPTEMBER
SULAWESI BARAT;POLEWALI MANDAR;MATANGNGA;MAMBU TAPUA;0;SEPTEMBER
SULAWESI BARAT;POLEWALI MANDAR;MATANGNGA;BA'BA TAPUA;0;SEPTEMBER
SULAWESI BARAT;POLEWALI MANDAR;MATANGNGA;KATIMBANG;0;SEPTEMBER
SULAWESI BARAT;POLEWALI MANDAR;POLEWALI;POLEWALI;0;SEPTEMBER
SULAWESI BARAT;POLEWALI MANDAR;POLEWALI;WATTANG;0;SEPTEMBER
SULAWESI BARAT;POLEWALI MANDAR;POLEWALI;SULEWATANG;0;SEPTEMBER
SULAWESI BARAT;POLEWALI MANDAR;POLEWALI;LANTORA;0;SEPTEMBER
SULAWESI BARAT;POLEWALI MANDAR;POLEWALI;TAKATIDUNG;0;SEPTEMBER
SULAWESI BARAT;POLEWALI MANDAR;POLEWALI;PEKKABATA;0;SEPTEMBER
SULAWESI BARAT;POLEWALI MANDAR;POLEWALI;MADATE;0;SEPTEMBER
SULAWESI BARAT;POLEWALI MANDAR;POLEWALI;MANDING;0;SEPTEMBER
SULAWESI BARAT;POLEWALI MANDAR;POLEWALI;DARMA;0;SEPTEMBER
SULAWESI BARAT;POLEWALI MANDAR;TAPANGO;PELITAKAN;0;SEPTEMBER
SULAWESI BARAT;POLEWALI MANDAR;TAPANGO;TAPANGO;0;SEPTEMBER
SULAWESI BARAT;POLEWALI MANDAR;TAPANGO;RAPPANG;0;SEPTEMBER
SULAWESI BARAT;POLEWALI MANDAR;TAPANGO;DAKKA;0;SEPTEMBER
SULAWESI BARAT;POLEWALI MANDAR;TAPANGO;BATU;0;SEPTEMBER
SULAWESI BARAT;POLEWALI MANDAR;TAPANGO;RISO;0;SEPTEMBER
SULAWESI BARAT;POLEWALI MANDAR;TAPANGO;PALATTA;0;SEPTEMBER
SULAWESI BARAT;POLEWALI MANDAR;TAPANGO;TAPANGO BARAT;0;SEPTEMBER
SULAWESI BARAT;POLEWALI MANDAR;TAPANGO;KURRAK;0;SEPTEMBER
SULAWESI BARAT;POLEWALI MANDAR;TAPANGO;BUSSU;0;SEPTEMBER
SULAWESI BARAT;POLEWALI MANDAR;TAPANGO;TUTTULA;0;SEPTEMBER
SULAWESI BARAT;POLEWALI MANDAR;TAPANGO;JAMBU MALEA;0;SEPTEMBER
SULAWESI BARAT;POLEWALI MANDAR;TAPANGO;KALIMBUA;0;SEPTEMBER
SULAWESI BARAT;POLEWALI MANDAR;TAPANGO;BANATO REJO;0;SEPTEMBER
SULAWESI BARAT;POLEWALI MANDAR;TINAMBUNG;TINAMBUNG;0;SEPTEMBER
SULAWESI BARAT;POLEWALI MANDAR;TINAMBUNG;KARAMA;0;SEPTEMBER
SULAWESI BARAT;POLEWALI MANDAR;TINAMBUNG;TANGNGA TANGNGA;0;SEPTEMBER
SULAWESI BARAT;POLEWALI MANDAR;TINAMBUNG;LEKOPADIS;0;SEPTEMBER
SULAWESI BARAT;POLEWALI MANDAR;TINAMBUNG;GALUNG LOMBOK;0;SEPTEMBER
SULAWESI BARAT;POLEWALI MANDAR;TINAMBUNG;TANDUNG;0;SEPTEMBER
SULAWESI BARAT;POLEWALI MANDAR;TINAMBUNG;BATULAYA;0;SEPTEMBER
SULAWESI BARAT;POLEWALI MANDAR;TINAMBUNG;SEPABATU;0;SEPTEMBER
SULAWESI BARAT;POLEWALI MANDAR;TUTAR;TARAMANU;0;SEPTEMBER
SULAWESI BARAT;POLEWALI MANDAR;TUTAR;AMBOPADANG;0;SEPTEMBER
SULAWESI BARAT;POLEWALI MANDAR;TUTAR;TUBBI;0;SEPTEMBER
SULAWESI BARAT;POLEWALI MANDAR;TUTAR;RATTE;0;SEPTEMBER
SULAWESI BARAT;POLEWALI MANDAR;TUTAR;BESOANGIN;0;SEPTEMBER
SULAWESI BARAT;POLEWALI MANDAR;TUTAR;PIRIANG TAPIKO;0;SEPTEMBER
SULAWESI BARAT;POLEWALI MANDAR;TUTAR;PEBURRU;0;SEPTEMBER
SULAWESI BARAT;POLEWALI MANDAR;TUTAR;TALOBA;0;SEPTEMBER
SULAWESI BARAT;POLEWALI MANDAR;TUTAR;POLLEWANI;0;SEPTEMBER
SULAWESI BARAT;POLEWALI MANDAR;TUTAR;ARABUA;0;SEPTEMBER
SULAWESI BARAT;POLEWALI MANDAR;TUTAR;BESOANGIN UTARA;0;SEPTEMBER
SULAWESI BARAT;POLEWALI MANDAR;TUTAR;PODA;0;SEPTEMBER
SULAWESI BARAT;POLEWALI MANDAR;TUTAR;TARAMANU TUA;0;SEPTEMBER
SULAWESI BARAT;POLEWALI MANDAR;WONOMULYO;SIDOREJO;0;SEPTEMBER
SULAWESI BARAT;POLEWALI MANDAR;WONOMULYO;SUMBEREJO;0;SEPTEMBER
SULAWESI BARAT;POLEWALI MANDAR;WONOMULYO;BUMIAYU;0;SEPTEMBER
SULAWESI BARAT;POLEWALI MANDAR;WONOMULYO;KEBUNSARI;0;SEPTEMBER
SULAWESI BARAT;POLEWALI MANDAR;WONOMULYO;BANUA BARU;0;SEPTEMBER
SULAWESI BARAT;POLEWALI MANDAR;WONOMULYO;NEPO;0;SEPTEMBER
SULAWESI BARAT;POLEWALI MANDAR;WONOMULYO;SUGIHWARAS;0;SEPTEMBER
SULAWESI BARAT;POLEWALI MANDAR;WONOMULYO;CAMPURJO;0;SEPTEMBER
SULAWESI BARAT;POLEWALI MANDAR;WONOMULYO;BUMIMULYO;0;SEPTEMBER
SULAWESI BARAT;POLEWALI MANDAR;WONOMULYO;BAKKA-BAKKA;0;SEPTEMBER
SULAWESI BARAT;POLEWALI MANDAR;WONOMULYO;ARJO SARI;0;SEPTEMBER
SULAWESI BARAT;POLEWALI MANDAR;WONOMULYO;GALESON;0;SEPTEMBER
SULAWESI BARAT;MAMUJU;MAMUJU;BINANGA;0;SEPTEMBER
SULAWESI BARAT;MAMUJU;MAMUJU;MAMUNYU;0;SEPTEMBER
SULAWESI BARAT;MAMUJU;MAMUJU;RIMUKU;0;SEPTEMBER
SULAWESI BARAT;MAMUJU;MAMUJU;BAMBU;0;SEPTEMBER
SULAWESI BARAT;MAMUJU;MAMUJU;KARAMPUANG;0;SEPTEMBER
SULAWESI BARAT;MAMUJU;MAMUJU;TADUI;0;SEPTEMBER
SULAWESI BARAT;MAMUJU;MAMUJU;BATU PANNU;0;SEPTEMBER
SULAWESI BARAT;MAMUJU;TAPALANG;GALUNG;0;SEPTEMBER
SULAWESI BARAT;MAMUJU;TAPALANG;KASAMBANG;0;SEPTEMBER
SULAWESI BARAT;MAMUJU;TAPALANG;DAYANGINNA;0;SEPTEMBER
SULAWESI BARAT;MAMUJU;TAPALANG;OROBATU;0;SEPTEMBER
SULAWESI BARAT;MAMUJU;TAPALANG;TAKANDEANG;0;SEPTEMBER
SULAWESI BARAT;MAMUJU;TAPALANG;BELA;0;SEPTEMBER
SULAWESI BARAT;MAMUJU;TAPALANG;TAAN;0;SEPTEMBER
SULAWESI BARAT;MAMUJU;TAPALANG;TAMPALANG;0;SEPTEMBER
SULAWESI BARAT;MAMUJU;TAPALANG;RANTEDODA;0;SEPTEMBER
SULAWESI BARAT;MAMUJU;TAPALANG;KOPEANG;0;SEPTEMBER
SULAWESI BARAT;MAMUJU;KALUKKU;SINYONYOI;0;SEPTEMBER
SULAWESI BARAT;MAMUJU;KALUKKU;BEBANGA;0;SEPTEMBER
SULAWESI BARAT;MAMUJU;KALUKKU;KALUKKU;0;SEPTEMBER
SULAWESI BARAT;MAMUJU;KALUKKU;SINYONYOI SELATAN;0;SEPTEMBER
SULAWESI BARAT;MAMUJU;KALUKKU;SONDOANG;0;SEPTEMBER
SULAWESI BARAT;MAMUJU;KALUKKU;BERU-BERU;0;SEPTEMBER
SULAWESI BARAT;MAMUJU;KALUKKU;BELANG BELANG;0;SEPTEMBER
SULAWESI BARAT;MAMUJU;KALUKKU;KABULOANG;0;SEPTEMBER
SULAWESI BARAT;MAMUJU;KALUKKU;KEANG;0;SEPTEMBER
SULAWESI BARAT;MAMUJU;KALUKKU;POKKANG;0;SEPTEMBER
SULAWESI BARAT;MAMUJU;KALUKKU;GULILING;0;SEPTEMBER
SULAWESI BARAT;MAMUJU;KALUKKU;UHAIMATE;0;SEPTEMBER
SULAWESI BARAT;MAMUJU;KALUKKU;KALUKKU BARAT;0;SEPTEMBER
SULAWESI BARAT;MAMUJU;KALUKKU;PAMMULUKANG;0;SEPTEMBER
SULAWESI BARAT;MAMUJU;KALUMPANG;KALUMPANG;0;SEPTEMBER
SULAWESI BARAT;MAMUJU;KALUMPANG;KARATAUN;0;SEPTEMBER
SULAWESI BARAT;MAMUJU;KALUMPANG;KARAMA;0;SEPTEMBER
SULAWESI BARAT;MAMUJU;KALUMPANG;SIRAUN;0;SEPTEMBER
SULAWESI BARAT;MAMUJU;KALUMPANG;TUMOGA;0;SEPTEMBER
SULAWESI BARAT;MAMUJU;KALUMPANG;SALUMAKKI;0;SEPTEMBER
SULAWESI BARAT;MAMUJU;KALUMPANG;POLIO;0;SEPTEMBER
SULAWESI BARAT;MAMUJU;KALUMPANG;LIMBONG;0;SEPTEMBER
SULAWESI BARAT;MAMUJU;KALUMPANG;SANDAPANG;0;SEPTEMBER
SULAWESI BARAT;MAMUJU;KALUMPANG;KONDO BULO;0;SEPTEMBER
SULAWESI BARAT;MAMUJU;KALUMPANG;MAKKALIKI;0;SEPTEMBER
SULAWESI BARAT;MAMUJU;KALUMPANG;BATU MAKKADA;0;SEPTEMBER
SULAWESI BARAT;MAMUJU;KALUMPANG;LASA';0;SEPTEMBER
SULAWESI BARAT;MAMUJU;PAPALANG;TOABO;0;SEPTEMBER
SULAWESI BARAT;MAMUJU;PAPALANG;PAPALANG;0;SEPTEMBER
SULAWESI BARAT;MAMUJU;PAPALANG;BONDA;0;SEPTEMBER
SULAWESI BARAT;MAMUJU;PAPALANG;TOPORE;0;SEPTEMBER
SULAWESI BARAT;MAMUJU;PAPALANG;SALUKAYU;0;SEPTEMBER
SULAWESI BARAT;MAMUJU;PAPALANG;SUKADAMAI;0;SEPTEMBER
SULAWESI BARAT;MAMUJU;PAPALANG;BODA-BODA;0;SEPTEMBER
SULAWESI BARAT;MAMUJU;PAPALANG;SISANGO;0;SEPTEMBER
SULAWESI BARAT;MAMUJU;PAPALANG;BATU AMPA;0;SEPTEMBER
SULAWESI BARAT;MAMUJU;SAMPAGA;BUNDE;0;SEPTEMBER
SULAWESI BARAT;MAMUJU;SAMPAGA;KALONDING;0;SEPTEMBER
SULAWESI BARAT;MAMUJU;SAMPAGA;TARAILU;0;SEPTEMBER
SULAWESI BARAT;MAMUJU;SAMPAGA;SAMPAGA;0;SEPTEMBER
SULAWESI BARAT;MAMUJU;SAMPAGA;TANAMBUAH;0;SEPTEMBER
SULAWESI BARAT;MAMUJU;SAMPAGA;SALUBARANA;0;SEPTEMBER
SULAWESI BARAT;MAMUJU;SAMPAGA;LOSSO;0;SEPTEMBER
SULAWESI BARAT;MAMUJU;TOMMO;TOMMO;0;SEPTEMBER
SULAWESI BARAT;MAMUJU;TOMMO;CAMPALOGA;0;SEPTEMBER
SULAWESI BARAT;MAMUJU;TOMMO;BUANA SAKTI;0;SEPTEMBER
SULAWESI BARAT;MAMUJU;TOMMO;TAMEMONGGA;0;SEPTEMBER
SULAWESI BARAT;MAMUJU;TOMMO;TAMEJARRA;0;SEPTEMBER
SULAWESI BARAT;MAMUJU;TOMMO;RANTEMARIO;0;SEPTEMBER
SULAWESI BARAT;MAMUJU;TOMMO;MALINO;0;SEPTEMBER
SULAWESI BARAT;MAMUJU;TOMMO;KALEPU;0;SEPTEMBER
SULAWESI BARAT;MAMUJU;TOMMO;SANDANA;0;SEPTEMBER
SULAWESI BARAT;MAMUJU;TOMMO;LELING BARAT;0;SEPTEMBER
SULAWESI BARAT;MAMUJU;TOMMO;LELING UTARA;0;SEPTEMBER
SULAWESI BARAT;MAMUJU;TOMMO;SALUDENGEN;0;SEPTEMBER
SULAWESI BARAT;MAMUJU;SIMBORO;SIMBORO;0;SEPTEMBER
SULAWESI BARAT;MAMUJU;SIMBORO;BOTTENG;0;SEPTEMBER
SULAWESI BARAT;MAMUJU;SIMBORO;SALETTO;0;SEPTEMBER
SULAWESI BARAT;MAMUJU;SIMBORO;SUMARE;0;SEPTEMBER
SULAWESI BARAT;MAMUJU;SIMBORO;BOTTENG UTARA;0;SEPTEMBER
SULAWESI BARAT;MAMUJU;SIMBORO;TAPANDULLU;0;SEPTEMBER
SULAWESI BARAT;MAMUJU;SIMBORO;PATI'DI;0;SEPTEMBER
SULAWESI BARAT;MAMUJU;TAPALANG BARAT;DUNGKAIT;0;SEPTEMBER
SULAWESI BARAT;MAMUJU;TAPALANG BARAT;LEBANI;0;SEPTEMBER
SULAWESI BARAT;MAMUJU;TAPALANG BARAT;LABUANG RANO;0;SEPTEMBER
SULAWESI BARAT;MAMUJU;TAPALANG BARAT;PASABU;0;SEPTEMBER
SULAWESI BARAT;MAMUJU;TAPALANG BARAT;TANETE PAO;0;SEPTEMBER
SULAWESI BARAT;MAMUJU;TAPALANG BARAT;PANGASAAN;0;SEPTEMBER
SULAWESI BARAT;MAMUJU;TAPALANG BARAT;AHU;0;SEPTEMBER
SULAWESI BARAT;MAMUJU;BONEHAU;BONEHAU;0;SEPTEMBER
SULAWESI BARAT;MAMUJU;BONEHAU;SALUTIWO;0;SEPTEMBER
SULAWESI BARAT;MAMUJU;BONEHAU;BUTTUADA;0;SEPTEMBER
SULAWESI BARAT;MAMUJU;BONEHAU;TAMALEA;0;SEPTEMBER
SULAWESI BARAT;MAMUJU;BONEHAU;LUMIKA;0;SEPTEMBER
SULAWESI BARAT;MAMUJU;BONEHAU;MAPPU;0;SEPTEMBER
SULAWESI BARAT;MAMUJU;BONEHAU;BANUADA;0;SEPTEMBER
SULAWESI BARAT;MAMUJU;BONEHAU;HINUA;0;SEPTEMBER
SULAWESI BARAT;MAMUJU;BONEHAU;KINATANG;0;SEPTEMBER
SULAWESI BARAT;MAMUJU;KEP. BALA BALAKANG;BALA BALAKANG;0;SEPTEMBER
SULAWESI BARAT;MAMUJU;KEP. BALA BALAKANG;BALA-BALAKANG TIMUR;0;SEPTEMBER
SULAWESI BARAT;MAJENE;BANGGAE;BANGGAE;1;OKTOBER
SULAWESI BARAT;MAJENE;BANGGAE;PAMBOBORANG;1;OKTOBER
SULAWESI BARAT;MAJENE;BANGGAE TIMUR;BARUGA;1;OKTOBER
SULAWESI BARAT;MAJENE;PAMBOANG;BONDE UTARA;1;OKTOBER
SULAWESI BARAT;MAMUJU;MAMUJU;KAREMA;1;OKTOBER
SULAWESI BARAT;MAMUJU;SIMBORO;RANGAS;1;OKTOBER
SULAWESI BARAT;MAMUJU;TOMMO;KAKULLASANG;1;OKTOBER
SULAWESI BARAT;MAMUJU;TOMMO;LELING;1;OKTOBER
SULAWESI BARAT;PASANGKAYU;BARAS;MOTU;5;OKTOBER
SULAWESI BARAT;PASANGKAYU;PEDONGGA;MARTASARI;5;OKTOBER
SULAWESI BARAT;PASANGKAYU;TIKKE RAYA;JENGENG RAYA;1;OKTOBER
SULAWESI BARAT;PASANGKAYU;TIKKE RAYA;LARIANG;1;OKTOBER
SULAWESI BARAT;PASANGKAYU;TIKKE RAYA;MAKMUR JAYA;4;OKTOBER
SULAWESI BARAT;PASANGKAYU;TIKKE RAYA;PAJALELE;7;OKTOBER
SULAWESI BARAT;POLEWALI MANDAR;CAMPALAGIAN;SUMARRANG;1;OKTOBER
SULAWESI BARAT;POLEWALI MANDAR;MATAKALI;BARUMBUNG;3;OKTOBER
SULAWESI BARAT;POLEWALI MANDAR;WONOMULYO;SIDODADI;1;OKTOBER
SULAWESI BARAT;POLEWALI MANDAR;WONOMULYO;TUMPILING;1;OKTOBER
SULAWESI BARAT;MAMUJU TENGAH;TOBADAK;MAHAHE;0;OKTOBER
SULAWESI BARAT;MAMUJU TENGAH;TOBADAK;SALOBAJA;0;OKTOBER
SULAWESI BARAT;MAMUJU TENGAH;TOBADAK;TOBADAK;0;OKTOBER
SULAWESI BARAT;MAMUJU TENGAH;TOBADAK;PALONGAAN;0;OKTOBER
SULAWESI BARAT;MAMUJU TENGAH;TOBADAK;BATU PARIGI;0;OKTOBER
SULAWESI BARAT;MAMUJU TENGAH;TOBADAK;BAMBADARU;0;OKTOBER
SULAWESI BARAT;MAMUJU TENGAH;TOBADAK;SEJATI;0;OKTOBER
SULAWESI BARAT;MAMUJU TENGAH;TOBADAK;SALOADAK;0;OKTOBER
SULAWESI BARAT;MAMUJU TENGAH;PANGALE;POLO PANGALE;0;OKTOBER
SULAWESI BARAT;MAMUJU TENGAH;PANGALE;PANGALE;0;OKTOBER
SULAWESI BARAT;MAMUJU TENGAH;PANGALE;SARTANAMAJU;0;OKTOBER
SULAWESI BARAT;MAMUJU TENGAH;PANGALE;POLO LERENG;0;OKTOBER
SULAWESI BARAT;MAMUJU TENGAH;PANGALE;KUO;0;OKTOBER
SULAWESI BARAT;MAMUJU TENGAH;PANGALE;POLO CAMBA;0;OKTOBER
SULAWESI BARAT;MAMUJU TENGAH;PANGALE;LAMBA-LAMBA;0;OKTOBER
SULAWESI BARAT;MAMUJU TENGAH;PANGALE;KOMBILING;0;OKTOBER
SULAWESI BARAT;MAMUJU TENGAH;PANGALE;LEMO-LEMO;0;OKTOBER
SULAWESI BARAT;MAMUJU TENGAH;BUDONG-BUDONG;BABANA;0;OKTOBER
SULAWESI BARAT;MAMUJU TENGAH;BUDONG-BUDONG;LUMU;0;OKTOBER
SULAWESI BARAT;MAMUJU TENGAH;BUDONG-BUDONG;PONTANAKAYANG;0;OKTOBER
SULAWESI BARAT;MAMUJU TENGAH;BUDONG-BUDONG;SALOGATTA;0;OKTOBER
SULAWESI BARAT;MAMUJU TENGAH;BUDONG-BUDONG;KIRE;0;OKTOBER
SULAWESI BARAT;MAMUJU TENGAH;BUDONG-BUDONG;TINALI;0;OKTOBER
SULAWESI BARAT;MAMUJU TENGAH;BUDONG-BUDONG;SALUMANURUNG;0;OKTOBER
SULAWESI BARAT;MAMUJU TENGAH;BUDONG-BUDONG;PASAPA;0;OKTOBER
SULAWESI BARAT;MAMUJU TENGAH;BUDONG-BUDONG;BOJO;0;OKTOBER
SULAWESI BARAT;MAMUJU TENGAH;BUDONG-BUDONG;BARAKKANG;0;OKTOBER
SULAWESI BARAT;MAMUJU TENGAH;BUDONG-BUDONG;LEMBAH HADA;0;OKTOBER
SULAWESI BARAT;MAMUJU TENGAH;TOPOYO;BUDONG-BUDONG;0;OKTOBER
SULAWESI BARAT;MAMUJU TENGAH;TOPOYO;TOPOYO;0;OKTOBER
SULAWESI BARAT;MAMUJU TENGAH;TOPOYO;TUMBU;0;OKTOBER
SULAWESI BARAT;MAMUJU TENGAH;TOPOYO;KABUBU;0;OKTOBER
SULAWESI BARAT;MAMUJU TENGAH;TOPOYO;WAEPUTEH;0;OKTOBER
SULAWESI BARAT;MAMUJU TENGAH;TOPOYO;TANGKOU;0;OKTOBER
SULAWESI BARAT;MAMUJU TENGAH;TOPOYO;TABOLANG;0;OKTOBER
SULAWESI BARAT;MAMUJU TENGAH;TOPOYO;PARAILI;0;OKTOBER
SULAWESI BARAT;MAMUJU TENGAH;TOPOYO;SALUPANGKANG;0;OKTOBER
SULAWESI BARAT;MAMUJU TENGAH;TOPOYO;SALUPANGKANG IV;0;OKTOBER
SULAWESI BARAT;MAMUJU TENGAH;TOPOYO;TAPPILINA;0;OKTOBER
SULAWESI BARAT;MAMUJU TENGAH;TOPOYO;BAMBAMANURUNG;0;OKTOBER
SULAWESI BARAT;MAMUJU TENGAH;TOPOYO;SALULEKBO;0;OKTOBER
SULAWESI BARAT;MAMUJU TENGAH;TOPOYO;PANGALLOANG;0;OKTOBER
SULAWESI BARAT;MAMUJU TENGAH;TOPOYO;SINABATTA;0;OKTOBER
SULAWESI BARAT;MAMUJU TENGAH;KAROSSA;KAROSSA;0;OKTOBER
SULAWESI BARAT;MAMUJU TENGAH;KAROSSA;TASOKKO;0;OKTOBER
SULAWESI BARAT;MAMUJU TENGAH;KAROSSA;LARA;0;OKTOBER
SULAWESI BARAT;MAMUJU TENGAH;KAROSSA;KADAILA;0;OKTOBER
SULAWESI BARAT;MAMUJU TENGAH;KAROSSA;KAYU CALLA;0;OKTOBER
SULAWESI BARAT;MAMUJU TENGAH;KAROSSA;LEMBAH HOPO;0;OKTOBER
SULAWESI BARAT;MAMUJU TENGAH;KAROSSA;BENGGAULU;0;OKTOBER
SULAWESI BARAT;MAMUJU TENGAH;KAROSSA;SUKA MAJU;0;OKTOBER
SULAWESI BARAT;MAMUJU TENGAH;KAROSSA;KAMBUNONG;0;OKTOBER
SULAWESI BARAT;MAMUJU TENGAH;KAROSSA;SALUBIRO;0;OKTOBER
SULAWESI BARAT;MAMUJU TENGAH;KAROSSA;SANJANGO;0;OKTOBER
SULAWESI BARAT;PASANGKAYU;BAMBAIRA;TAMPAURE;0;OKTOBER
SULAWESI BARAT;PASANGKAYU;BAMBAIRA;BAMBAIRA;0;OKTOBER
SULAWESI BARAT;PASANGKAYU;BAMBAIRA;KASOLOANG;0;OKTOBER
SULAWESI BARAT;PASANGKAYU;BAMBAIRA;KALUKU NANGKA;0;OKTOBER
SULAWESI BARAT;PASANGKAYU;BAMBALAMOTU;RANDOMAYANG;0;OKTOBER
SULAWESI BARAT;PASANGKAYU;BAMBALAMOTU;BAMBALAMOTU;0;OKTOBER
SULAWESI BARAT;PASANGKAYU;BAMBALAMOTU;POLEWALI;0;OKTOBER
SULAWESI BARAT;PASANGKAYU;BAMBALAMOTU;PANGIANG;0;OKTOBER
SULAWESI BARAT;PASANGKAYU;BAMBALAMOTU;KALOLA;0;OKTOBER
SULAWESI BARAT;PASANGKAYU;BAMBALAMOTU;WULAI;0;OKTOBER
SULAWESI BARAT;PASANGKAYU;BARAS;BARAS;0;OKTOBER
SULAWESI BARAT;PASANGKAYU;BARAS;BULU PARIGI;0;OKTOBER
SULAWESI BARAT;PASANGKAYU;BARAS;BALANTI;0;OKTOBER
SULAWESI BARAT;PASANGKAYU;BARAS;TOWONI;0;OKTOBER
SULAWESI BARAT;PASANGKAYU;BARAS;KASANO;0;OKTOBER
SULAWESI BARAT;PASANGKAYU;BULU TABA;SUMBER SARI;0;OKTOBER
SULAWESI BARAT;PASANGKAYU;BULU TABA;LELEJAE;0;OKTOBER
SULAWESI BARAT;PASANGKAYU;BULU TABA;BUKIT HARAPAN;0;OKTOBER
SULAWESI BARAT;PASANGKAYU;BULU TABA;LILIMORI;0;OKTOBER
SULAWESI BARAT;PASANGKAYU;BULU TABA;KARAVE;0;OKTOBER
SULAWESI BARAT;PASANGKAYU;BULU TABA;KASTABUANA;0;OKTOBER
SULAWESI BARAT;PASANGKAYU;BULU TABA;OMPI;0;OKTOBER
SULAWESI BARAT;PASANGKAYU;DAPURANG;DAPURANG;0;OKTOBER
SULAWESI BARAT;PASANGKAYU;DAPURANG;BENGGAULU;0;OKTOBER
SULAWESI BARAT;PASANGKAYU;DAPURANG;TIRTABUANA;0;OKTOBER
SULAWESI BARAT;PASANGKAYU;DAPURANG;BULU BONGGU;0;OKTOBER
SULAWESI BARAT;PASANGKAYU;DAPURANG;SARASA;0;OKTOBER
SULAWESI BARAT;PASANGKAYU;DURIPOKU;TAMMARUNANG;0;OKTOBER
SULAWESI BARAT;PASANGKAYU;DURIPOKU;SAPTANAJAYA;0;OKTOBER
SULAWESI BARAT;PASANGKAYU;DURIPOKU;TARANGGI;0;OKTOBER
SULAWESI BARAT;PASANGKAYU;DURIPOKU;SIPAKAINGA;0;OKTOBER
SULAWESI BARAT;PASANGKAYU;LARIANG;KULU;0;OKTOBER
SULAWESI BARAT;PASANGKAYU;LARIANG;PARABU;0;OKTOBER
SULAWESI BARAT;PASANGKAYU;LARIANG;KENANGAN;0;OKTOBER
SULAWESI BARAT;PASANGKAYU;LARIANG;BAJAWALI;0;OKTOBER
SULAWESI BARAT;PASANGKAYU;LARIANG;SINGGANI;0;OKTOBER
SULAWESI BARAT;PASANGKAYU;LARIANG;BATU MATORU;0;OKTOBER
SULAWESI BARAT;PASANGKAYU;LARIANG;BAMBAKORO;0;OKTOBER
SULAWESI BARAT;PASANGKAYU;PASANGKAYU;KARYA BERSAMA;0;OKTOBER
SULAWESI BARAT;PASANGKAYU;PASANGKAYU;AKO;0;OKTOBER
SULAWESI BARAT;PASANGKAYU;PASANGKAYU;PASANGKAYU;0;OKTOBER
SULAWESI BARAT;PASANGKAYU;PASANGKAYU;MARTAJAYA;0;OKTOBER
SULAWESI BARAT;PASANGKAYU;PASANGKAYU;PAKAVA;0;OKTOBER
SULAWESI BARAT;PASANGKAYU;PASANGKAYU;GUNUNG SARI;0;OKTOBER
SULAWESI BARAT;PASANGKAYU;PEDONGGA;MALEI;0;OKTOBER
SULAWESI BARAT;PASANGKAYU;PEDONGGA;PEDANDA;0;OKTOBER
SULAWESI BARAT;PASANGKAYU;PEDONGGA;BATU OGE;0;OKTOBER
SULAWESI BARAT;PASANGKAYU;SARJO;SARJO;0;OKTOBER
SULAWESI BARAT;PASANGKAYU;SARJO;MAPONU;0;OKTOBER
SULAWESI BARAT;PASANGKAYU;SARJO;LETAWA;0;OKTOBER
SULAWESI BARAT;PASANGKAYU;SARJO;SARUDE;0;OKTOBER
SULAWESI BARAT;PASANGKAYU;SARUDU;DODA;0;OKTOBER
SULAWESI BARAT;PASANGKAYU;SARUDU;SARUDU;0;OKTOBER
SULAWESI BARAT;PASANGKAYU;SARUDU;BULU MARIO;0;OKTOBER
SULAWESI BARAT;PASANGKAYU;SARUDU;KUMASARI;0;OKTOBER
SULAWESI BARAT;PASANGKAYU;SARUDU;PATIKA;0;OKTOBER
SULAWESI BARAT;PASANGKAYU;TIKKE RAYA;TIKKE;0;OKTOBER
SULAWESI BARAT;MAJENE;BANGGAE;BARU;0;OKTOBER
SULAWESI BARAT;MAJENE;BANGGAE;PANGALI ALI;0;OKTOBER
SULAWESI BARAT;MAJENE;BANGGAE;TOTOLI;0;OKTOBER
SULAWESI BARAT;MAJENE;BANGGAE;RANGAS;0;OKTOBER
SULAWESI BARAT;MAJENE;BANGGAE;GALUNG;0;OKTOBER
SULAWESI BARAT;MAJENE;BANGGAE;PALIPI SOREANG;0;OKTOBER
SULAWESI BARAT;MAJENE;BANGGAE TIMUR;BAURUNG;0;OKTOBER
SULAWESI BARAT;MAJENE;BANGGAE TIMUR;BARUGA DHUA;0;OKTOBER
SULAWESI BARAT;MAJENE;BANGGAE TIMUR;LABUANG;0;OKTOBER
SULAWESI BARAT;MAJENE;BANGGAE TIMUR;TANDE;0;OKTOBER
SULAWESI BARAT;MAJENE;BANGGAE TIMUR;LEMBANG;0;OKTOBER
SULAWESI BARAT;MAJENE;BANGGAE TIMUR;LABUANG UTARA;0;OKTOBER
SULAWESI BARAT;MAJENE;BANGGAE TIMUR;TANDE TIMUR;0;OKTOBER
SULAWESI BARAT;MAJENE;BANGGAE TIMUR;BUTTU BARUGA;0;OKTOBER
SULAWESI BARAT;MAJENE;MALUNDA;MALUNDA;0;OKTOBER
SULAWESI BARAT;MAJENE;MALUNDA;LAMUNGANG BATU;0;OKTOBER
SULAWESI BARAT;MAJENE;MALUNDA;BAMBANGAN;0;OKTOBER
SULAWESI BARAT;MAJENE;MALUNDA;LOMBANG;0;OKTOBER
SULAWESI BARAT;MAJENE;MALUNDA;LOMBONG;0;OKTOBER
SULAWESI BARAT;MAJENE;MALUNDA;MEKKATTA;0;OKTOBER
SULAWESI BARAT;MAJENE;MALUNDA;MALIAYA;0;OKTOBER
SULAWESI BARAT;MAJENE;MALUNDA;LOMBANG TIMUR;0;OKTOBER
SULAWESI BARAT;MAJENE;MALUNDA;SALUTAHONGAN;0;OKTOBER
SULAWESI BARAT;MAJENE;MALUNDA;LOMBONG TIMUR;0;OKTOBER
SULAWESI BARAT;MAJENE;MALUNDA;MEKKATTA SELATAN;0;OKTOBER
SULAWESI BARAT;MAJENE;MALUNDA;KAYUANGIN;0;OKTOBER
SULAWESI BARAT;MAJENE;PAMBOANG;LALAMPANUA;0;OKTOBER
SULAWESI BARAT;MAJENE;PAMBOANG;SIRINDU;0;OKTOBER
SULAWESI BARAT;MAJENE;PAMBOANG;ADOLANG;0;OKTOBER
SULAWESI BARAT;MAJENE;PAMBOANG;BABABULO;0;OKTOBER
SULAWESI BARAT;MAJENE;PAMBOANG;BONDE;0;OKTOBER
SULAWESI BARAT;MAJENE;PAMBOANG;BETTENG;0;OKTOBER
SULAWESI BARAT;MAJENE;PAMBOANG;SIMBANG;0;OKTOBER
SULAWESI BARAT;MAJENE;PAMBOANG;BABABULO UTARA;0;OKTOBER
SULAWESI BARAT;MAJENE;PAMBOANG;BUTTU PAMBOANG;0;OKTOBER
SULAWESI BARAT;MAJENE;PAMBOANG;BANUA ADOLANG;0;OKTOBER
SULAWESI BARAT;MAJENE;PAMBOANG;ADOLANG DHUA;0;OKTOBER
SULAWESI BARAT;MAJENE;PAMBOANG;TINAMBUNG;0;OKTOBER
SULAWESI BARAT;MAJENE;PAMBOANG;PESULOANG;0;OKTOBER
SULAWESI BARAT;MAJENE;PAMBOANG;BALOMBONG;0;OKTOBER
SULAWESI BARAT;MAJENE;SENDANA;MOSSO;0;OKTOBER
SULAWESI BARAT;MAJENE;SENDANA;MOSSO DHUA;0;OKTOBER
SULAWESI BARAT;MAJENE;SENDANA;TOTOLISI SENDANA;0;OKTOBER
SULAWESI BARAT;MAJENE;SENDANA;TALLUBANUA;0;OKTOBER
SULAWESI BARAT;MAJENE;SENDANA;LALATEDZONG;0;OKTOBER
SULAWESI BARAT;MAJENE;SENDANA;BINANGA;0;OKTOBER
SULAWESI BARAT;MAJENE;SENDANA;PUTTADA;0;OKTOBER
SULAWESI BARAT;MAJENE;SENDANA;PAMINGGALAN;0;OKTOBER
SULAWESI BARAT;MAJENE;SENDANA;LEPPANGANG;0;OKTOBER
SULAWESI BARAT;MAJENE;SENDANA;PUNDAU;0;OKTOBER
SULAWESI BARAT;MAJENE;SENDANA;SENDANA;0;OKTOBER
SULAWESI BARAT;MAJENE;SENDANA;BANUA SENDANA;0;OKTOBER
SULAWESI BARAT;MAJENE;SENDANA;TALLUBANUA UTARA;0;OKTOBER
SULAWESI BARAT;MAJENE;SENDANA;LIMBORO RAMBU-RAMBU;0;OKTOBER
SULAWESI BARAT;MAJENE;SENDANA;LIMBUA;0;OKTOBER
SULAWESI BARAT;MAJENE;SENDANA;BUKIT SAMANG;0;OKTOBER
SULAWESI BARAT;MAJENE;TAMMERODO SENDANA;SEPPONG;0;OKTOBER
SULAWESI BARAT;MAJENE;TAMMERODO SENDANA;TAMMERODO;0;OKTOBER
SULAWESI BARAT;MAJENE;TAMMERODO SENDANA;ULIDANG;0;OKTOBER
SULAWESI BARAT;MAJENE;TAMMERODO SENDANA;TALLAMBALAO;0;OKTOBER
SULAWESI BARAT;MAJENE;TAMMERODO SENDANA;TAMMERODO UTARA;0;OKTOBER
SULAWESI BARAT;MAJENE;TAMMERODO SENDANA;MANYAMBA;0;OKTOBER
SULAWESI BARAT;MAJENE;TAMMERODO SENDANA;AWO;0;OKTOBER
SULAWESI BARAT;MAJENE;TUBO SENDANA;ONANG;0;OKTOBER
SULAWESI BARAT;MAJENE;TUBO SENDANA;TUBO;0;OKTOBER
SULAWESI BARAT;MAJENE;TUBO SENDANA;ONANG UTARA;0;OKTOBER
SULAWESI BARAT;MAJENE;TUBO SENDANA;TUBO SELATAN;0;OKTOBER
SULAWESI BARAT;MAJENE;TUBO SENDANA;BONDE BONDE;0;OKTOBER
SULAWESI BARAT;MAJENE;TUBO SENDANA;TUBO TENGAH;0;OKTOBER
SULAWESI BARAT;MAJENE;TUBO SENDANA;TUBO POANG;0;OKTOBER
SULAWESI BARAT;MAJENE;ULUMANDA;KABIRAAN;0;OKTOBER
SULAWESI BARAT;MAJENE;ULUMANDA;SAMBABO;0;OKTOBER
SULAWESI BARAT;MAJENE;ULUMANDA;TANDEALLO;0;OKTOBER
SULAWESI BARAT;MAJENE;ULUMANDA;ULUMANDA;0;OKTOBER
SULAWESI BARAT;MAJENE;ULUMANDA;SALUTAMBUNG;0;OKTOBER
SULAWESI BARAT;MAJENE;ULUMANDA;POPENGA;0;OKTOBER
SULAWESI BARAT;MAJENE;ULUMANDA;SULAI;0;OKTOBER
SULAWESI BARAT;MAJENE;ULUMANDA;PANGGALO;0;OKTOBER
SULAWESI BARAT;MAMASA;ARALLE;ARALLE;0;OKTOBER
SULAWESI BARAT;MAMASA;ARALLE;RALLE ANAK;0;OKTOBER
SULAWESI BARAT;MAMASA;ARALLE;PANETEAN;0;OKTOBER
SULAWESI BARAT;MAMASA;ARALLE;UHAILANU;0;OKTOBER
SULAWESI BARAT;MAMASA;ARALLE;ARALLE UTARA;0;OKTOBER
SULAWESI BARAT;MAMASA;ARALLE;UHAIDAHO;0;OKTOBER
SULAWESI BARAT;MAMASA;ARALLE;BARURU;0;OKTOBER
SULAWESI BARAT;MAMASA;ARALLE;RALLEANAK UTARA;0;OKTOBER
SULAWESI BARAT;MAMASA;ARALLE;PAMOSEANG PANGGA;0;OKTOBER
SULAWESI BARAT;MAMASA;ARALLE;KALABE;0;OKTOBER
SULAWESI BARAT;MAMASA;ARALLE;ARALLE SELATAN;0;OKTOBER
SULAWESI BARAT;MAMASA;ARALLE;HAHANGAN;0;OKTOBER
SULAWESI BARAT;MAMASA;BALLA;BALLA;0;OKTOBER
SULAWESI BARAT;MAMASA;BALLA;BALLA BARAT;0;OKTOBER
SULAWESI BARAT;MAMASA;BALLA;BALLA SATANETEAN;0;OKTOBER
SULAWESI BARAT;MAMASA;BALLA;BALLA TUMUKA;0;OKTOBER
SULAWESI BARAT;MAMASA;BALLA;SEPAKUAN;0;OKTOBER
SULAWESI BARAT;MAMASA;BALLA;PIDARA;0;OKTOBER
SULAWESI BARAT;MAMASA;BALLA;BAMBAPUANG;0;OKTOBER
SULAWESI BARAT;MAMASA;BALLA;BALLA TIMUR;0;OKTOBER
SULAWESI BARAT;MAMASA;BAMBANG;MOKALLANG;0;OKTOBER
SULAWESI BARAT;MAMASA;BAMBANG;MASOSO;0;OKTOBER
SULAWESI BARAT;MAMASA;BAMBANG;SALUASSING;0;OKTOBER
SULAWESI BARAT;MAMASA;BAMBANG;SALUBULO;0;OKTOBER
SULAWESI BARAT;MAMASA;BAMBANG;SALUKADI;0;OKTOBER
SULAWESI BARAT;MAMASA;BAMBANG;SALUKEPOPOK;0;OKTOBER
SULAWESI BARAT;MAMASA;BAMBANG;ULUMAMBI BARAT;0;OKTOBER
SULAWESI BARAT;MAMASA;BAMBANG;LIMBADEBATA;0;OKTOBER
SULAWESI BARAT;MAMASA;BAMBANG;TANETE TOMBA;0;OKTOBER
SULAWESI BARAT;MAMASA;BAMBANG;BAMBANG;0;OKTOBER
SULAWESI BARAT;MAMASA;BAMBANG;RANTELEMO;0;OKTOBER
SULAWESI BARAT;MAMASA;BAMBANG;SALUDENGEN;0;OKTOBER
SULAWESI BARAT;MAMASA;BAMBANG;ULUMAMBI;0;OKTOBER
SULAWESI BARAT;MAMASA;BAMBANG;BAMBANG TIMUR;0;OKTOBER
SULAWESI BARAT;MAMASA;BAMBANG;MINANGA;0;OKTOBER
SULAWESI BARAT;MAMASA;BAMBANG;SIKAMASE;0;OKTOBER
SULAWESI BARAT;MAMASA;BAMBANG;RANTETARIMA;0;OKTOBER
SULAWESI BARAT;MAMASA;BAMBANG;SALURURU;0;OKTOBER
SULAWESI BARAT;MAMASA;BAMBANG;SALUTABANG;0;OKTOBER
SULAWESI BARAT;MAMASA;BAMBANG;BALATANA;0;OKTOBER
SULAWESI BARAT;MAMASA;BUNTUMALANGKA;BUNTUMALANGKA;0;OKTOBER
SULAWESI BARAT;MAMASA;BUNTUMALANGKA;RANTEBERAN;0;OKTOBER
SULAWESI BARAT;MAMASA;BUNTUMALANGKA;KEBANGA;0;OKTOBER
SULAWESI BARAT;MAMASA;BUNTUMALANGKA;SALURINDU;0;OKTOBER
SULAWESI BARAT;MAMASA;BUNTUMALANGKA;TAORA;0;OKTOBER
SULAWESI BARAT;MAMASA;BUNTUMALANGKA;KABAE;0;OKTOBER
SULAWESI BARAT;MAMASA;BUNTUMALANGKA;SALUTAMBUN BARAT;0;OKTOBER
SULAWESI BARAT;MAMASA;BUNTUMALANGKA;PENATANGAN;0;OKTOBER
SULAWESI BARAT;MAMASA;BUNTUMALANGKA;SALUTAMBUN TIMUR;0;OKTOBER
SULAWESI BARAT;MAMASA;BUNTUMALANGKA;SALUTAMBUN;0;OKTOBER
SULAWESI BARAT;MAMASA;BUNTUMALANGKA;ARALLE TIMUR;0;OKTOBER
SULAWESI BARAT;MAMASA;MAMASA;MAMASA;0;OKTOBER
SULAWESI BARAT;MAMASA;MAMASA;RAMBUSARATU;0;OKTOBER
SULAWESI BARAT;MAMASA;MAMASA;OSANGO;0;OKTOBER
SULAWESI BARAT;MAMASA;MAMASA;LAMBANAN;0;OKTOBER
SULAWESI BARAT;MAMASA;MAMASA;LEMBANA SALULO;0;OKTOBER
SULAWESI BARAT;MAMASA;MAMASA;TAUPE;0;OKTOBER
SULAWESI BARAT;MAMASA;MAMASA;BUNTU BUDA;0;OKTOBER
SULAWESI BARAT;MAMASA;MAMASA;TONDOK BAKARU;0;OKTOBER
SULAWESI BARAT;MAMASA;MAMASA;PEBASSIAN;0;OKTOBER
SULAWESI BARAT;MAMASA;MAMASA;MAMBULILING;0;OKTOBER
SULAWESI BARAT;MAMASA;MAMASA;BOMBONG LAMBE;0;OKTOBER
SULAWESI BARAT;MAMASA;MAMASA;BUBUN BATU;0;OKTOBER
SULAWESI BARAT;MAMASA;MAMBI;MAMBI;0;OKTOBER
SULAWESI BARAT;MAMASA;MAMBI;TALIPUKKI;0;OKTOBER
SULAWESI BARAT;MAMASA;MAMBI;RANTEBULAHAN;0;OKTOBER
SULAWESI BARAT;MAMASA;MAMBI;SONDONGLAYU;0;OKTOBER
SULAWESI BARAT;MAMASA;MAMBI;SALUBANUA;0;OKTOBER
SULAWESI BARAT;MAMASA;MAMBI;TAPALINA;0;OKTOBER
SULAWESI BARAT;MAMASA;MAMBI;SENDANA;0;OKTOBER
SULAWESI BARAT;MAMASA;MAMBI;PAMOSEAN;0;OKTOBER
SULAWESI BARAT;MAMASA;MAMBI;SELUMAKA;0;OKTOBER
SULAWESI BARAT;MAMASA;MAMBI;BUJUNG MANURUNG;0;OKTOBER
SULAWESI BARAT;MAMASA;MAMBI;SALU ALO;0;OKTOBER
SULAWESI BARAT;MAMASA;MAMBI;INDOBANUA;0;OKTOBER
SULAWESI BARAT;MAMASA;MAMBI;SALUDURIAN;0;OKTOBER
SULAWESI BARAT;MAMASA;MEHALAAN;MEHALAAN;0;OKTOBER
SULAWESI BARAT;MAMASA;MEHALAAN;BOTTENG;0;OKTOBER
SULAWESI BARAT;MAMASA;MEHALAAN;SALUKONTA;0;OKTOBER
SULAWESI BARAT;MAMASA;MEHALAAN;MESAKADA;0;OKTOBER
SULAWESI BARAT;MAMASA;MEHALAAN;MEHALAAN BARAT;0;OKTOBER
SULAWESI BARAT;MAMASA;MEHALAAN;SALUAHOK;0;OKTOBER
SULAWESI BARAT;MAMASA;MEHALAAN;SALUBALO;0;OKTOBER
SULAWESI BARAT;MAMASA;MEHALAAN;PASSEMBUK;0;OKTOBER
SULAWESI BARAT;MAMASA;MEHALAAN;KONDO;0;OKTOBER
SULAWESI BARAT;MAMASA;MEHALAAN;LEKO SUKAMAJU;0;OKTOBER
SULAWESI BARAT;MAMASA;MEHALAAN;ULUMEA;0;OKTOBER
SULAWESI BARAT;MAMASA;MESSAWA;MESSAWA;0;OKTOBER
SULAWESI BARAT;MAMASA;MESSAWA;RIPPUNG;0;OKTOBER
SULAWESI BARAT;MAMASA;MESSAWA;MAKUANG;0;OKTOBER
SULAWESI BARAT;MAMASA;MESSAWA;SEPANG;0;OKTOBER
SULAWESI BARAT;MAMASA;MESSAWA;MALIMBONG;0;OKTOBER
SULAWESI BARAT;MAMASA;MESSAWA;MATANDE;0;OKTOBER
SULAWESI BARAT;MAMASA;MESSAWA;SIPAI;0;OKTOBER
SULAWESI BARAT;MAMASA;MESSAWA;PASMA MAMBU;0;OKTOBER
SULAWESI BARAT;MAMASA;MESSAWA;TANETE BATU;0;OKTOBER
SULAWESI BARAT;MAMASA;NOSU;NOSU;0;OKTOBER
SULAWESI BARAT;MAMASA;NOSU;MINANGA;0;OKTOBER
SULAWESI BARAT;MAMASA;NOSU;BATUPAPAN;0;OKTOBER
SULAWESI BARAT;MAMASA;NOSU;MASEWWE;0;OKTOBER
SULAWESI BARAT;MAMASA;NOSU;SIWI;0;OKTOBER
SULAWESI BARAT;MAMASA;NOSU;MINANGA TIMUR;0;OKTOBER
SULAWESI BARAT;MAMASA;NOSU;PARINDING;0;OKTOBER
SULAWESI BARAT;MAMASA;PANA;PANA;0;OKTOBER
SULAWESI BARAT;MAMASA;PANA;MANIPI;0;OKTOBER
SULAWESI BARAT;MAMASA;PANA;MAMULLU;0;OKTOBER
SULAWESI BARAT;MAMASA;PANA;SAPAN;0;OKTOBER
SULAWESI BARAT;MAMASA;PANA;DATUBARINGAN;0;OKTOBER
SULAWESI BARAT;MAMASA;PANA;PANURA;0;OKTOBER
SULAWESI BARAT;MAMASA;PANA;TALLANG BULAWAN;0;OKTOBER
SULAWESI BARAT;MAMASA;PANA;KARAKA;0;OKTOBER
SULAWESI BARAT;MAMASA;PANA;ULUSALU;0;OKTOBER
SULAWESI BARAT;MAMASA;PANA;WERI;0;OKTOBER
SULAWESI BARAT;MAMASA;PANA;SALUTAMBUN;0;OKTOBER
SULAWESI BARAT;MAMASA;PANA;SALOAN;0;OKTOBER
SULAWESI BARAT;MAMASA;PANA;ULUSALU INDAH;0;OKTOBER
SULAWESI BARAT;MAMASA;RANTEBULAHAN TIMUR;SALUMOKANAN;0;OKTOBER
SULAWESI BARAT;MAMASA;RANTEBULAHAN TIMUR;SALUMOKANAN BARAT;0;OKTOBER
SULAWESI BARAT;MAMASA;RANTEBULAHAN TIMUR;BUANGIN;0;OKTOBER
SULAWESI BARAT;MAMASA;RANTEBULAHAN TIMUR;BAMBANG BUDA;0;OKTOBER
SULAWESI BARAT;MAMASA;RANTEBULAHAN TIMUR;LEKO;0;OKTOBER
SULAWESI BARAT;MAMASA;RANTEBULAHAN TIMUR;KIRAK;0;OKTOBER
SULAWESI BARAT;MAMASA;RANTEBULAHAN TIMUR;SALUMOKANAN UTARA;0;OKTOBER
SULAWESI BARAT;MAMASA;RANTEBULAHAN TIMUR;SAMPALE;0;OKTOBER
SULAWESI BARAT;MAMASA;SESENAPADANG;OROBUA;0;OKTOBER
SULAWESI BARAT;MAMASA;SESENAPADANG;PALADAN;0;OKTOBER
SULAWESI BARAT;MAMASA;SESENAPADANG;OROBUA TIMUR;0;OKTOBER
SULAWESI BARAT;MAMASA;SESENAPADANG;RANTE PUANG;0;OKTOBER
SULAWESI BARAT;MAMASA;SESENAPADANG;SATENETEAN;0;OKTOBER
SULAWESI BARAT;MAMASA;SESENAPADANG;LISUAN ADA;0;OKTOBER
SULAWESI BARAT;MAMASA;SESENAPADANG;OROBUA SELATAN;0;OKTOBER
SULAWESI BARAT;MAMASA;SESENAPADANG;MALANGKENA PADANG;0;OKTOBER
SULAWESI BARAT;MAMASA;SESENAPADANG;MALIMBONG;0;OKTOBER
SULAWESI BARAT;MAMASA;SESENAPADANG;MARAMPAN OROBUA;0;OKTOBER
SULAWESI BARAT;MAMASA;SUMARORONG;SUMARORONG;0;OKTOBER
SULAWESI BARAT;MAMASA;SUMARORONG;TABONE;0;OKTOBER
SULAWESI BARAT;MAMASA;SUMARORONG;BATANG URU;0;OKTOBER
SULAWESI BARAT;MAMASA;SUMARORONG;SASAKAN;0;OKTOBER
SULAWESI BARAT;MAMASA;SUMARORONG;TADISI;0;OKTOBER
SULAWESI BARAT;MAMASA;SUMARORONG;SIBANAWA;0;OKTOBER
SULAWESI BARAT;MAMASA;SUMARORONG;BATANGNGURU TIMUR;0;OKTOBER
SULAWESI BARAT;MAMASA;SUMARORONG;SALUBALO;0;OKTOBER
SULAWESI BARAT;MAMASA;SUMARORONG;BANEA;0;OKTOBER
SULAWESI BARAT;MAMASA;SUMARORONG;RANTE KAMASE;0;OKTOBER
SULAWESI BARAT;MAMASA;TABANG;TABANG;0;OKTOBER
SULAWESI BARAT;MAMASA;TABANG;TADOKALUA;0;OKTOBER
SULAWESI BARAT;MAMASA;TABANG;TABANG BARAT;0;OKTOBER
SULAWESI BARAT;MAMASA;TABANG;MASUPU;0;OKTOBER
SULAWESI BARAT;MAMASA;TABANG;KALAMA;0;OKTOBER
SULAWESI BARAT;MAMASA;TABANG;BAKADISURA;0;OKTOBER
SULAWESI BARAT;MAMASA;TABANG;SALUKONA;0;OKTOBER
SULAWESI BARAT;MAMASA;TABULAHAN;LAKAHANG;0;OKTOBER
SULAWESI BARAT;MAMASA;TABULAHAN;PERIANGAN;0;OKTOBER
SULAWESI BARAT;MAMASA;TABULAHAN;MALATIRO;0;OKTOBER
SULAWESI BARAT;MAMASA;TABULAHAN;TABULAHAN;0;OKTOBER
SULAWESI BARAT;MAMASA;TABULAHAN;SALULEANG;0;OKTOBER
SULAWESI BARAT;MAMASA;TABULAHAN;TAMPAK KURRA;0;OKTOBER
SULAWESI BARAT;MAMASA;TABULAHAN;GANDANG DEWATA;0;OKTOBER
SULAWESI BARAT;MAMASA;TABULAHAN;BURANA;0;OKTOBER
SULAWESI BARAT;MAMASA;TABULAHAN;SALUBAKKA;0;OKTOBER
SULAWESI BARAT;MAMASA;TABULAHAN;PANGANDARAN;0;OKTOBER
SULAWESI BARAT;MAMASA;TABULAHAN;TALOPAK;0;OKTOBER
SULAWESI BARAT;MAMASA;TABULAHAN;PEU';0;OKTOBER
SULAWESI BARAT;MAMASA;TABULAHAN;TIMORO;0;OKTOBER
SULAWESI BARAT;MAMASA;TABULAHAN;LAKAHANG UTAMA;0;OKTOBER
SULAWESI BARAT;MAMASA;TANDUK KALUA;MINAKE;0;OKTOBER
SULAWESI BARAT;MAMASA;TANDUK KALUA;MALABO;0;OKTOBER
SULAWESI BARAT;MAMASA;TANDUK KALUA;SINDAGAMANIK;0;OKTOBER
SULAWESI BARAT;MAMASA;TANDUK KALUA;PARONDOBULAWAN;0;OKTOBER
SULAWESI BARAT;MAMASA;TANDUK KALUA;TAMALANTIK;0;OKTOBER
SULAWESI BARAT;MAMASA;TANDUK KALUA;MANNABABA;0;OKTOBER
SULAWESI BARAT;MAMASA;TANDUK KALUA;MESAKADA;0;OKTOBER
SULAWESI BARAT;MAMASA;TANDUK KALUA;BALLABATU;0;OKTOBER
SULAWESI BARAT;MAMASA;TANDUK KALUA;PAMBE;0;OKTOBER
SULAWESI BARAT;MAMASA;TANDUK KALUA;SALURANO;0;OKTOBER
SULAWESI BARAT;MAMASA;TANDUK KALUA;TALIMBUNG;0;OKTOBER
SULAWESI BARAT;MAMASA;TANDUK KALUA;KANAN;0;OKTOBER
SULAWESI BARAT;MAMASA;TAWALIAN;TAWALIAN;0;OKTOBER
SULAWESI BARAT;MAMASA;TAWALIAN;TAWALIAN TIMUR;0;OKTOBER
SULAWESI BARAT;MAMASA;TAWALIAN;KARIANGO;0;OKTOBER
SULAWESI BARAT;MAMASA;TAWALIAN;RANTETANGNGA;0;OKTOBER
SULAWESI BARAT;POLEWALI MANDAR;ALLU;PETOOSANG;0;OKTOBER
SULAWESI BARAT;POLEWALI MANDAR;ALLU;MOMBI;0;OKTOBER
SULAWESI BARAT;POLEWALI MANDAR;ALLU;KALUMAMMANG;0;OKTOBER
SULAWESI BARAT;POLEWALI MANDAR;ALLU;PAO-PAO;0;OKTOBER
SULAWESI BARAT;POLEWALI MANDAR;ALLU;PUPPU URING;0;OKTOBER
SULAWESI BARAT;POLEWALI MANDAR;ALLU;SARAGIAN;0;OKTOBER
SULAWESI BARAT;POLEWALI MANDAR;ALLU;SAYOANG;0;OKTOBER
SULAWESI BARAT;POLEWALI MANDAR;ALLU;ALU;0;OKTOBER
SULAWESI BARAT;POLEWALI MANDAR;ANREAPI;ANREAPI;0;OKTOBER
SULAWESI BARAT;POLEWALI MANDAR;ANREAPI;DUAMPANUA;0;OKTOBER
SULAWESI BARAT;POLEWALI MANDAR;ANREAPI;KELAPA DUA;0;OKTOBER
SULAWESI BARAT;POLEWALI MANDAR;ANREAPI;PAPPANDANGAN;0;OKTOBER
SULAWESI BARAT;POLEWALI MANDAR;ANREAPI;KUNYI;0;OKTOBER
SULAWESI BARAT;POLEWALI MANDAR;BALANIPA;BALANIPA;0;OKTOBER
SULAWESI BARAT;POLEWALI MANDAR;BALANIPA;TAMMAJARRA;0;OKTOBER
SULAWESI BARAT;POLEWALI MANDAR;BALANIPA;TAMANGGALLE;0;OKTOBER
SULAWESI BARAT;POLEWALI MANDAR;BALANIPA;MOSSO;0;OKTOBER
SULAWESI BARAT;POLEWALI MANDAR;BALANIPA;GALUNG TULUK;0;OKTOBER
SULAWESI BARAT;POLEWALI MANDAR;BALANIPA;SABANG SUBIK;0;OKTOBER
SULAWESI BARAT;POLEWALI MANDAR;BALANIPA;PAMBUSUANG;0;OKTOBER
SULAWESI BARAT;POLEWALI MANDAR;BALANIPA;BALA;0;OKTOBER
SULAWESI BARAT;POLEWALI MANDAR;BALANIPA;LAMBANAN;0;OKTOBER
SULAWESI BARAT;POLEWALI MANDAR;BALANIPA;LEGO;0;OKTOBER
SULAWESI BARAT;POLEWALI MANDAR;BALANIPA;PALLIS;0;OKTOBER
SULAWESI BARAT;POLEWALI MANDAR;BINUANG;AMASSANGAN;0;OKTOBER
SULAWESI BARAT;POLEWALI MANDAR;BINUANG;TONYAMAN;0;OKTOBER
SULAWESI BARAT;POLEWALI MANDAR;BINUANG;KUAJANG;0;OKTOBER
SULAWESI BARAT;POLEWALI MANDAR;BINUANG;PAKU;0;OKTOBER
SULAWESI BARAT;POLEWALI MANDAR;BINUANG;MIRRING;0;OKTOBER
SULAWESI BARAT;POLEWALI MANDAR;BINUANG;BATETANGNGA;0;OKTOBER
SULAWESI BARAT;POLEWALI MANDAR;BINUANG;MAMMI;0;OKTOBER
SULAWESI BARAT;POLEWALI MANDAR;BINUANG;KALEOK;0;OKTOBER
SULAWESI BARAT;POLEWALI MANDAR;BINUANG;AMOLA;0;OKTOBER
SULAWESI BARAT;POLEWALI MANDAR;BINUANG;REA;0;OKTOBER
SULAWESI BARAT;POLEWALI MANDAR;BULO;BULO;0;OKTOBER
SULAWESI BARAT;POLEWALI MANDAR;BULO;PULLIWA;0;OKTOBER
SULAWESI BARAT;POLEWALI MANDAR;BULO;PATAMBANUA;0;OKTOBER
SULAWESI BARAT;POLEWALI MANDAR;BULO;KAROMBANG;0;OKTOBER
SULAWESI BARAT;POLEWALI MANDAR;BULO;DAALA TIMUR;0;OKTOBER
SULAWESI BARAT;POLEWALI MANDAR;BULO;LENGGO;0;OKTOBER
SULAWESI BARAT;POLEWALI MANDAR;BULO;SABURA;0;OKTOBER
SULAWESI BARAT;POLEWALI MANDAR;BULO;SEPPORRAKI;0;OKTOBER
SULAWESI BARAT;POLEWALI MANDAR;BULO;IHING;0;OKTOBER
SULAWESI BARAT;POLEWALI MANDAR;CAMPALAGIAN;PAPPANG;0;OKTOBER
SULAWESI BARAT;POLEWALI MANDAR;CAMPALAGIAN;LALIKO;0;OKTOBER
SULAWESI BARAT;POLEWALI MANDAR;CAMPALAGIAN;BONDE;0;OKTOBER
SULAWESI BARAT;POLEWALI MANDAR;CAMPALAGIAN;KATUMBANGAN LEMO;0;OKTOBER
SULAWESI BARAT;POLEWALI MANDAR;CAMPALAGIAN;PANYAMPA;0;OKTOBER
SULAWESI BARAT;POLEWALI MANDAR;CAMPALAGIAN;SURUANG;0;OKTOBER
SULAWESI BARAT;POLEWALI MANDAR;CAMPALAGIAN;LAMPOKO;0;OKTOBER
SULAWESI BARAT;POLEWALI MANDAR;CAMPALAGIAN;KATUMBANGAN;0;OKTOBER
SULAWESI BARAT;POLEWALI MANDAR;CAMPALAGIAN;LAPEO;0;OKTOBER
SULAWESI BARAT;POLEWALI MANDAR;CAMPALAGIAN;PARAPPE;0;OKTOBER
SULAWESI BARAT;POLEWALI MANDAR;CAMPALAGIAN;ONGKO;0;OKTOBER
SULAWESI BARAT;POLEWALI MANDAR;CAMPALAGIAN;KENJE;0;OKTOBER
SULAWESI BARAT;POLEWALI MANDAR;CAMPALAGIAN;BOTTO;0;OKTOBER
SULAWESI BARAT;POLEWALI MANDAR;CAMPALAGIAN;GATTUNGAN;0;OKTOBER
SULAWESI BARAT;POLEWALI MANDAR;CAMPALAGIAN;PADANG TIMUR;0;OKTOBER
SULAWESI BARAT;POLEWALI MANDAR;CAMPALAGIAN;PADANG;0;OKTOBER
SULAWESI BARAT;POLEWALI MANDAR;CAMPALAGIAN;LAGI-AGI;0;OKTOBER
SULAWESI BARAT;POLEWALI MANDAR;LIMBORO;LIMBORO;0;OKTOBER
SULAWESI BARAT;POLEWALI MANDAR;LIMBORO;LEMBANG LEMBANG;0;OKTOBER
SULAWESI BARAT;POLEWALI MANDAR;LIMBORO;TANDASURA;0;OKTOBER
SULAWESI BARAT;POLEWALI MANDAR;LIMBORO;SAMASUNDU;0;OKTOBER
SULAWESI BARAT;POLEWALI MANDAR;LIMBORO;NAPO;0;OKTOBER
SULAWESI BARAT;POLEWALI MANDAR;LIMBORO;TODANG TODANG;0;OKTOBER
SULAWESI BARAT;POLEWALI MANDAR;LIMBORO;PENDULANGAN;0;OKTOBER
SULAWESI BARAT;POLEWALI MANDAR;LIMBORO;RENGGEANG;0;OKTOBER
SULAWESI BARAT;POLEWALI MANDAR;LIMBORO;SALARRI;0;OKTOBER
SULAWESI BARAT;POLEWALI MANDAR;LIMBORO;TANGAN BARU;0;OKTOBER
SULAWESI BARAT;POLEWALI MANDAR;LIMBORO;PALECE;0;OKTOBER
SULAWESI BARAT;POLEWALI MANDAR;LUYO;BATUPANGA;0;OKTOBER
SULAWESI BARAT;POLEWALI MANDAR;LUYO;MAMBU;0;OKTOBER
SULAWESI BARAT;POLEWALI MANDAR;LUYO;TENGGELANG;0;OKTOBER
SULAWESI BARAT;POLEWALI MANDAR;LUYO;BARU;0;OKTOBER
SULAWESI BARAT;POLEWALI MANDAR;LUYO;PUSSUI;0;OKTOBER
SULAWESI BARAT;POLEWALI MANDAR;LUYO;MAPILI BARAT;0;OKTOBER
SULAWESI BARAT;POLEWALI MANDAR;LUYO;SAMBALI WALI;0;OKTOBER
SULAWESI BARAT;POLEWALI MANDAR;LUYO;BATUPANGA DAALA;0;OKTOBER
SULAWESI BARAT;POLEWALI MANDAR;LUYO;LUYO;0;OKTOBER
SULAWESI BARAT;POLEWALI MANDAR;LUYO;PUSSUI BARAT;0;OKTOBER
SULAWESI BARAT;POLEWALI MANDAR;LUYO;PUCCADI;0;OKTOBER
SULAWESI BARAT;POLEWALI MANDAR;MAPILLI;MAPILI;0;OKTOBER
SULAWESI BARAT;POLEWALI MANDAR;MAPILLI;UGIBARU;0;OKTOBER
SULAWESI BARAT;POLEWALI MANDAR;MAPILLI;RUMPA;0;OKTOBER
SULAWESI BARAT;POLEWALI MANDAR;MAPILLI;KURMA;0;OKTOBER
SULAWESI BARAT;POLEWALI MANDAR;MAPILLI;BUKU;0;OKTOBER
SULAWESI BARAT;POLEWALI MANDAR;MAPILLI;BONNE BONNE;0;OKTOBER
SULAWESI BARAT;POLEWALI MANDAR;MAPILLI;BEROANGIN;0;OKTOBER
SULAWESI BARAT;POLEWALI MANDAR;MAPILLI;SEGERANG;0;OKTOBER
SULAWESI BARAT;POLEWALI MANDAR;MAPILLI;BONRA;0;OKTOBER
SULAWESI BARAT;POLEWALI MANDAR;MAPILLI;SATTOKO;0;OKTOBER
SULAWESI BARAT;POLEWALI MANDAR;MAPILLI;RAPPANG BARAT;0;OKTOBER
SULAWESI BARAT;POLEWALI MANDAR;MAPILLI;LANDI KANUSUANG;0;OKTOBER
SULAWESI BARAT;POLEWALI MANDAR;MATAKALI;MATAKALI;0;OKTOBER
SULAWESI BARAT;POLEWALI MANDAR;MATAKALI;PETAMPANUA;0;OKTOBER
SULAWESI BARAT;POLEWALI MANDAR;MATAKALI;PASIANG;0;OKTOBER
SULAWESI BARAT;POLEWALI MANDAR;MATAKALI;TONROLIMA;0;OKTOBER
SULAWESI BARAT;POLEWALI MANDAR;MATAKALI;INDOMAKKOMBONG;0;OKTOBER
SULAWESI BARAT;POLEWALI MANDAR;MATAKALI;BUNGA-BUNGA;0;OKTOBER
SULAWESI BARAT;POLEWALI MANDAR;MATANGNGA;MATANGNGA;0;OKTOBER
SULAWESI BARAT;POLEWALI MANDAR;MATANGNGA;LILLI;0;OKTOBER
SULAWESI BARAT;POLEWALI MANDAR;MATANGNGA;RANGOAN;0;OKTOBER
SULAWESI BARAT;POLEWALI MANDAR;MATANGNGA;TAPUA;0;OKTOBER
SULAWESI BARAT;POLEWALI MANDAR;MATANGNGA;MAMBU TAPUA;0;OKTOBER
SULAWESI BARAT;POLEWALI MANDAR;MATANGNGA;BA'BA TAPUA;0;OKTOBER
SULAWESI BARAT;POLEWALI MANDAR;MATANGNGA;KATIMBANG;0;OKTOBER
SULAWESI BARAT;POLEWALI MANDAR;POLEWALI;POLEWALI;0;OKTOBER
SULAWESI BARAT;POLEWALI MANDAR;POLEWALI;WATTANG;0;OKTOBER
SULAWESI BARAT;POLEWALI MANDAR;POLEWALI;SULEWATANG;0;OKTOBER
SULAWESI BARAT;POLEWALI MANDAR;POLEWALI;LANTORA;0;OKTOBER
SULAWESI BARAT;POLEWALI MANDAR;POLEWALI;TAKATIDUNG;0;OKTOBER
SULAWESI BARAT;POLEWALI MANDAR;POLEWALI;PEKKABATA;0;OKTOBER
SULAWESI BARAT;POLEWALI MANDAR;POLEWALI;MADATE;0;OKTOBER
SULAWESI BARAT;POLEWALI MANDAR;POLEWALI;MANDING;0;OKTOBER
SULAWESI BARAT;POLEWALI MANDAR;POLEWALI;DARMA;0;OKTOBER
SULAWESI BARAT;POLEWALI MANDAR;TAPANGO;PELITAKAN;0;OKTOBER
SULAWESI BARAT;POLEWALI MANDAR;TAPANGO;TAPANGO;0;OKTOBER
SULAWESI BARAT;POLEWALI MANDAR;TAPANGO;RAPPANG;0;OKTOBER
SULAWESI BARAT;POLEWALI MANDAR;TAPANGO;DAKKA;0;OKTOBER
SULAWESI BARAT;POLEWALI MANDAR;TAPANGO;BATU;0;OKTOBER
SULAWESI BARAT;POLEWALI MANDAR;TAPANGO;RISO;0;OKTOBER
SULAWESI BARAT;POLEWALI MANDAR;TAPANGO;PALATTA;0;OKTOBER
SULAWESI BARAT;POLEWALI MANDAR;TAPANGO;TAPANGO BARAT;0;OKTOBER
SULAWESI BARAT;POLEWALI MANDAR;TAPANGO;KURRAK;0;OKTOBER
SULAWESI BARAT;POLEWALI MANDAR;TAPANGO;BUSSU;0;OKTOBER
SULAWESI BARAT;POLEWALI MANDAR;TAPANGO;TUTTULA;0;OKTOBER
SULAWESI BARAT;POLEWALI MANDAR;TAPANGO;JAMBU MALEA;0;OKTOBER
SULAWESI BARAT;POLEWALI MANDAR;TAPANGO;KALIMBUA;0;OKTOBER
SULAWESI BARAT;POLEWALI MANDAR;TAPANGO;BANATO REJO;0;OKTOBER
SULAWESI BARAT;POLEWALI MANDAR;TINAMBUNG;TINAMBUNG;0;OKTOBER
SULAWESI BARAT;POLEWALI MANDAR;TINAMBUNG;KARAMA;0;OKTOBER
SULAWESI BARAT;POLEWALI MANDAR;TINAMBUNG;TANGNGA TANGNGA;0;OKTOBER
SULAWESI BARAT;POLEWALI MANDAR;TINAMBUNG;LEKOPADIS;0;OKTOBER
SULAWESI BARAT;POLEWALI MANDAR;TINAMBUNG;GALUNG LOMBOK;0;OKTOBER
SULAWESI BARAT;POLEWALI MANDAR;TINAMBUNG;TANDUNG;0;OKTOBER
SULAWESI BARAT;POLEWALI MANDAR;TINAMBUNG;BATULAYA;0;OKTOBER
SULAWESI BARAT;POLEWALI MANDAR;TINAMBUNG;SEPABATU;0;OKTOBER
SULAWESI BARAT;POLEWALI MANDAR;TUTAR;TARAMANU;0;OKTOBER
SULAWESI BARAT;POLEWALI MANDAR;TUTAR;AMBOPADANG;0;OKTOBER
SULAWESI BARAT;POLEWALI MANDAR;TUTAR;TUBBI;0;OKTOBER
SULAWESI BARAT;POLEWALI MANDAR;TUTAR;RATTE;0;OKTOBER
SULAWESI BARAT;POLEWALI MANDAR;TUTAR;BESOANGIN;0;OKTOBER
SULAWESI BARAT;POLEWALI MANDAR;TUTAR;PIRIANG TAPIKO;0;OKTOBER
SULAWESI BARAT;POLEWALI MANDAR;TUTAR;PEBURRU;0;OKTOBER
SULAWESI BARAT;POLEWALI MANDAR;TUTAR;TALOBA;0;OKTOBER
SULAWESI BARAT;POLEWALI MANDAR;TUTAR;POLLEWANI;0;OKTOBER
SULAWESI BARAT;POLEWALI MANDAR;TUTAR;ARABUA;0;OKTOBER
SULAWESI BARAT;POLEWALI MANDAR;TUTAR;BESOANGIN UTARA;0;OKTOBER
SULAWESI BARAT;POLEWALI MANDAR;TUTAR;PODA;0;OKTOBER
SULAWESI BARAT;POLEWALI MANDAR;TUTAR;TARAMANU TUA;0;OKTOBER
SULAWESI BARAT;POLEWALI MANDAR;WONOMULYO;SIDOREJO;0;OKTOBER
SULAWESI BARAT;POLEWALI MANDAR;WONOMULYO;SUMBEREJO;0;OKTOBER
SULAWESI BARAT;POLEWALI MANDAR;WONOMULYO;BUMIAYU;0;OKTOBER
SULAWESI BARAT;POLEWALI MANDAR;WONOMULYO;KEBUNSARI;0;OKTOBER
SULAWESI BARAT;POLEWALI MANDAR;WONOMULYO;BANUA BARU;0;OKTOBER
SULAWESI BARAT;POLEWALI MANDAR;WONOMULYO;NEPO;0;OKTOBER
SULAWESI BARAT;POLEWALI MANDAR;WONOMULYO;SUGIHWARAS;0;OKTOBER
SULAWESI BARAT;POLEWALI MANDAR;WONOMULYO;CAMPURJO;0;OKTOBER
SULAWESI BARAT;POLEWALI MANDAR;WONOMULYO;BUMIMULYO;0;OKTOBER
SULAWESI BARAT;POLEWALI MANDAR;WONOMULYO;BAKKA-BAKKA;0;OKTOBER
SULAWESI BARAT;POLEWALI MANDAR;WONOMULYO;ARJO SARI;0;OKTOBER
SULAWESI BARAT;POLEWALI MANDAR;WONOMULYO;GALESON;0;OKTOBER
SULAWESI BARAT;MAMUJU;MAMUJU;BINANGA;0;OKTOBER
SULAWESI BARAT;MAMUJU;MAMUJU;MAMUNYU;0;OKTOBER
SULAWESI BARAT;MAMUJU;MAMUJU;RIMUKU;0;OKTOBER
SULAWESI BARAT;MAMUJU;MAMUJU;BAMBU;0;OKTOBER
SULAWESI BARAT;MAMUJU;MAMUJU;KARAMPUANG;0;OKTOBER
SULAWESI BARAT;MAMUJU;MAMUJU;TADUI;0;OKTOBER
SULAWESI BARAT;MAMUJU;MAMUJU;BATU PANNU;0;OKTOBER
SULAWESI BARAT;MAMUJU;TAPALANG;GALUNG;0;OKTOBER
SULAWESI BARAT;MAMUJU;TAPALANG;KASAMBANG;0;OKTOBER
SULAWESI BARAT;MAMUJU;TAPALANG;DAYANGINNA;0;OKTOBER
SULAWESI BARAT;MAMUJU;TAPALANG;OROBATU;0;OKTOBER
SULAWESI BARAT;MAMUJU;TAPALANG;TAKANDEANG;0;OKTOBER
SULAWESI BARAT;MAMUJU;TAPALANG;BELA;0;OKTOBER
SULAWESI BARAT;MAMUJU;TAPALANG;TAAN;0;OKTOBER
SULAWESI BARAT;MAMUJU;TAPALANG;TAMPALANG;0;OKTOBER
SULAWESI BARAT;MAMUJU;TAPALANG;RANTEDODA;0;OKTOBER
SULAWESI BARAT;MAMUJU;TAPALANG;KOPEANG;0;OKTOBER
SULAWESI BARAT;MAMUJU;KALUKKU;SINYONYOI;0;OKTOBER
SULAWESI BARAT;MAMUJU;KALUKKU;BEBANGA;0;OKTOBER
SULAWESI BARAT;MAMUJU;KALUKKU;KALUKKU;0;OKTOBER
SULAWESI BARAT;MAMUJU;KALUKKU;SINYONYOI SELATAN;0;OKTOBER
SULAWESI BARAT;MAMUJU;KALUKKU;SONDOANG;0;OKTOBER
SULAWESI BARAT;MAMUJU;KALUKKU;BERU-BERU;0;OKTOBER
SULAWESI BARAT;MAMUJU;KALUKKU;BELANG BELANG;0;OKTOBER
SULAWESI BARAT;MAMUJU;KALUKKU;KABULOANG;0;OKTOBER
SULAWESI BARAT;MAMUJU;KALUKKU;KEANG;0;OKTOBER
SULAWESI BARAT;MAMUJU;KALUKKU;POKKANG;0;OKTOBER
SULAWESI BARAT;MAMUJU;KALUKKU;GULILING;0;OKTOBER
SULAWESI BARAT;MAMUJU;KALUKKU;UHAIMATE;0;OKTOBER
SULAWESI BARAT;MAMUJU;KALUKKU;KALUKKU BARAT;0;OKTOBER
SULAWESI BARAT;MAMUJU;KALUKKU;PAMMULUKANG;0;OKTOBER
SULAWESI BARAT;MAMUJU;KALUMPANG;KALUMPANG;0;OKTOBER
SULAWESI BARAT;MAMUJU;KALUMPANG;KARATAUN;0;OKTOBER
SULAWESI BARAT;MAMUJU;KALUMPANG;KARAMA;0;OKTOBER
SULAWESI BARAT;MAMUJU;KALUMPANG;SIRAUN;0;OKTOBER
SULAWESI BARAT;MAMUJU;KALUMPANG;TUMOGA;0;OKTOBER
SULAWESI BARAT;MAMUJU;KALUMPANG;SALUMAKKI;0;OKTOBER
SULAWESI BARAT;MAMUJU;KALUMPANG;POLIO;0;OKTOBER
SULAWESI BARAT;MAMUJU;KALUMPANG;LIMBONG;0;OKTOBER
SULAWESI BARAT;MAMUJU;KALUMPANG;SANDAPANG;0;OKTOBER
SULAWESI BARAT;MAMUJU;KALUMPANG;KONDO BULO;0;OKTOBER
SULAWESI BARAT;MAMUJU;KALUMPANG;MAKKALIKI;0;OKTOBER
SULAWESI BARAT;MAMUJU;KALUMPANG;BATU MAKKADA;0;OKTOBER
SULAWESI BARAT;MAMUJU;KALUMPANG;LASA';0;OKTOBER
SULAWESI BARAT;MAMUJU;PAPALANG;TOABO;0;OKTOBER
SULAWESI BARAT;MAMUJU;PAPALANG;PAPALANG;0;OKTOBER
SULAWESI BARAT;MAMUJU;PAPALANG;BONDA;0;OKTOBER
SULAWESI BARAT;MAMUJU;PAPALANG;TOPORE;0;OKTOBER
SULAWESI BARAT;MAMUJU;PAPALANG;SALUKAYU;0;OKTOBER
SULAWESI BARAT;MAMUJU;PAPALANG;SUKADAMAI;0;OKTOBER
SULAWESI BARAT;MAMUJU;PAPALANG;BODA-BODA;0;OKTOBER
SULAWESI BARAT;MAMUJU;PAPALANG;SISANGO;0;OKTOBER
SULAWESI BARAT;MAMUJU;PAPALANG;BATU AMPA;0;OKTOBER
SULAWESI BARAT;MAMUJU;SAMPAGA;BUNDE;0;OKTOBER
SULAWESI BARAT;MAMUJU;SAMPAGA;KALONDING;0;OKTOBER
SULAWESI BARAT;MAMUJU;SAMPAGA;TARAILU;0;OKTOBER
SULAWESI BARAT;MAMUJU;SAMPAGA;SAMPAGA;0;OKTOBER
SULAWESI BARAT;MAMUJU;SAMPAGA;TANAMBUAH;0;OKTOBER
SULAWESI BARAT;MAMUJU;SAMPAGA;SALUBARANA;0;OKTOBER
SULAWESI BARAT;MAMUJU;SAMPAGA;LOSSO;0;OKTOBER
SULAWESI BARAT;MAMUJU;TOMMO;TOMMO;0;OKTOBER
SULAWESI BARAT;MAMUJU;TOMMO;CAMPALOGA;0;OKTOBER
SULAWESI BARAT;MAMUJU;TOMMO;BUANA SAKTI;0;OKTOBER
SULAWESI BARAT;MAMUJU;TOMMO;TAMEMONGGA;0;OKTOBER
SULAWESI BARAT;MAMUJU;TOMMO;TAMEJARRA;0;OKTOBER
SULAWESI BARAT;MAMUJU;TOMMO;RANTEMARIO;0;OKTOBER
SULAWESI BARAT;MAMUJU;TOMMO;MALINO;0;OKTOBER
SULAWESI BARAT;MAMUJU;TOMMO;KALEPU;0;OKTOBER
SULAWESI BARAT;MAMUJU;TOMMO;SANDANA;0;OKTOBER
SULAWESI BARAT;MAMUJU;TOMMO;LELING BARAT;0;OKTOBER
SULAWESI BARAT;MAMUJU;TOMMO;LELING UTARA;0;OKTOBER
SULAWESI BARAT;MAMUJU;TOMMO;SALUDENGEN;0;OKTOBER
SULAWESI BARAT;MAMUJU;SIMBORO;SIMBORO;0;OKTOBER
SULAWESI BARAT;MAMUJU;SIMBORO;BOTTENG;0;OKTOBER
SULAWESI BARAT;MAMUJU;SIMBORO;SALETTO;0;OKTOBER
SULAWESI BARAT;MAMUJU;SIMBORO;SUMARE;0;OKTOBER
SULAWESI BARAT;MAMUJU;SIMBORO;BOTTENG UTARA;0;OKTOBER
SULAWESI BARAT;MAMUJU;SIMBORO;TAPANDULLU;0;OKTOBER
SULAWESI BARAT;MAMUJU;SIMBORO;PATI'DI;0;OKTOBER
SULAWESI BARAT;MAMUJU;TAPALANG BARAT;DUNGKAIT;0;OKTOBER
SULAWESI BARAT;MAMUJU;TAPALANG BARAT;LEBANI;0;OKTOBER
SULAWESI BARAT;MAMUJU;TAPALANG BARAT;LABUANG RANO;0;OKTOBER
SULAWESI BARAT;MAMUJU;TAPALANG BARAT;PASABU;0;OKTOBER
SULAWESI BARAT;MAMUJU;TAPALANG BARAT;TANETE PAO;0;OKTOBER
SULAWESI BARAT;MAMUJU;TAPALANG BARAT;PANGASAAN;0;OKTOBER
SULAWESI BARAT;MAMUJU;TAPALANG BARAT;AHU;0;OKTOBER
SULAWESI BARAT;MAMUJU;BONEHAU;BONEHAU;0;OKTOBER
SULAWESI BARAT;MAMUJU;BONEHAU;SALUTIWO;0;OKTOBER
SULAWESI BARAT;MAMUJU;BONEHAU;BUTTUADA;0;OKTOBER
SULAWESI BARAT;MAMUJU;BONEHAU;TAMALEA;0;OKTOBER
SULAWESI BARAT;MAMUJU;BONEHAU;LUMIKA;0;OKTOBER
SULAWESI BARAT;MAMUJU;BONEHAU;MAPPU;0;OKTOBER
SULAWESI BARAT;MAMUJU;BONEHAU;BANUADA;0;OKTOBER
SULAWESI BARAT;MAMUJU;BONEHAU;HINUA;0;OKTOBER
SULAWESI BARAT;MAMUJU;BONEHAU;KINATANG;0;OKTOBER
SULAWESI BARAT;MAMUJU;KEP. BALA BALAKANG;BALA BALAKANG;0;OKTOBER
SULAWESI BARAT;MAMUJU;KEP. BALA BALAKANG;BALA-BALAKANG TIMUR;0;OKTOBER
