PROVINSI;KABUPATEN;KECAMATAN;KELURAHAN;JUMLAH SASARAN;JUMLAH DITIMBANG;BULAN
SULAWESI BARAT;MAMUJU TENGAH;TOBADAK;MAHAHE;237;144;SEPTEMBER
SULAWESI BARAT;MAMUJU TENGAH;TOBADAK;SALOBAJA;156;124;SEPTEMBER
SULAWESI BARAT;MAMUJU TENGAH;TOBADAK;TOBADAK;885;421;SEPTEMBER
SULAWESI BARAT;MAMUJU TENGAH;TOBADAK;PALONGAAN;190;177;SEPTEMBER
SULAWESI BARAT;MAMUJU TENGAH;TOBADAK;BATU PARIGI;391;319;SEPTEMBER
SULAWESI BARAT;MAMUJU TENGAH;TOBADAK;BAMBADARU;105;101;SEPTEMBER
SULAWESI BARAT;MAMUJU TENGAH;TOBADAK;SEJATI;84;75;SEPTEMBER
SULAWESI BARAT;MAMUJU TENGAH;TOBADAK;SALOADAK;155;97;SEPTEMBER
SULAWESI BARAT;MAMUJU TENGAH;PANGALE;POLO PANGALE;165;135;SEPTEMBER
SULAWESI BARAT;MAMUJU TENGAH;PANGALE;PANGALE;165;90;SEPTEMBER
SULAWESI BARAT;MAMUJU TENGAH;PANGALE;SARTANAMAJU;89;67;SEPTEMBER
SULAWESI BARAT;MAMUJU TENGAH;PANGALE;POLO LERENG;147;126;SEPTEMBER
SULAWESI BARAT;MAMUJU TENGAH;PANGALE;KUO;227;165;SEPTEMBER
SULAWESI BARAT;MAMUJU TENGAH;PANGALE;POLO CAMBA;81;81;SEPTEMBER
SULAWESI BARAT;MAMUJU TENGAH;PANGALE;LAMBA-LAMBA;112;94;SEPTEMBER
SULAWESI BARAT;MAMUJU TENGAH;PANGALE;KOMBILING;205;166;SEPTEMBER
SULAWESI BARAT;MAMUJU TENGAH;PANGALE;LEMO-LEMO;83;48;SEPTEMBER
SULAWESI BARAT;MAMUJU TENGAH;BUDONG-BUDONG;BABANA;648;447;SEPTEMBER
SULAWESI BARAT;MAMUJU TENGAH;BUDONG-BUDONG;LUMU;218;161;SEPTEMBER
SULAWESI BARAT;MAMUJU TENGAH;BUDONG-BUDONG;PONTANAKAYANG;293;218;SEPTEMBER
SULAWESI BARAT;MAMUJU TENGAH;BUDONG-BUDONG;SALOGATTA;294;294;SEPTEMBER
SULAWESI BARAT;MAMUJU TENGAH;BUDONG-BUDONG;KIRE;255;144;SEPTEMBER
SULAWESI BARAT;MAMUJU TENGAH;BUDONG-BUDONG;TINALI;135;123;SEPTEMBER
SULAWESI BARAT;MAMUJU TENGAH;BUDONG-BUDONG;SALUMANURUNG;141;101;SEPTEMBER
SULAWESI BARAT;MAMUJU TENGAH;BUDONG-BUDONG;PASAPA;117;109;SEPTEMBER
SULAWESI BARAT;MAMUJU TENGAH;BUDONG-BUDONG;BOJO;146;118;SEPTEMBER
SULAWESI BARAT;MAMUJU TENGAH;BUDONG-BUDONG;BARAKKANG;167;158;SEPTEMBER
SULAWESI BARAT;MAMUJU TENGAH;BUDONG-BUDONG;LEMBAH HADA;48;37;SEPTEMBER
SULAWESI BARAT;MAMUJU TENGAH;TOPOYO;BUDONG-BUDONG;228;57;SEPTEMBER
SULAWESI BARAT;MAMUJU TENGAH;TOPOYO;TOPOYO;700;622;SEPTEMBER
SULAWESI BARAT;MAMUJU TENGAH;TOPOYO;TUMBU;290;71;SEPTEMBER
SULAWESI BARAT;MAMUJU TENGAH;TOPOYO;KABUBU;179;149;SEPTEMBER
SULAWESI BARAT;MAMUJU TENGAH;TOPOYO;WAEPUTEH;149;131;SEPTEMBER
SULAWESI BARAT;MAMUJU TENGAH;TOPOYO;TANGKOU;64;64;SEPTEMBER
SULAWESI BARAT;MAMUJU TENGAH;TOPOYO;TABOLANG;308;303;SEPTEMBER
SULAWESI BARAT;MAMUJU TENGAH;TOPOYO;PARAILI;147;112;SEPTEMBER
SULAWESI BARAT;MAMUJU TENGAH;TOPOYO;SALUPANGKANG;154;124;SEPTEMBER
SULAWESI BARAT;MAMUJU TENGAH;TOPOYO;SALUPANGKANG IV;39;39;SEPTEMBER
SULAWESI BARAT;MAMUJU TENGAH;TOPOYO;TAPPILINA;81;66;SEPTEMBER
SULAWESI BARAT;MAMUJU TENGAH;TOPOYO;BAMBAMANURUNG;85;68;SEPTEMBER
SULAWESI BARAT;MAMUJU TENGAH;TOPOYO;SALULEKBO;214;210;SEPTEMBER
SULAWESI BARAT;MAMUJU TENGAH;TOPOYO;PANGALLOANG;134;114;SEPTEMBER
SULAWESI BARAT;MAMUJU TENGAH;TOPOYO;SINABATTA;129;59;SEPTEMBER
SULAWESI BARAT;MAMUJU TENGAH;KAROSSA;KAROSSA;545;306;SEPTEMBER
SULAWESI BARAT;MAMUJU TENGAH;KAROSSA;TASOKKO;459;437;SEPTEMBER
SULAWESI BARAT;MAMUJU TENGAH;KAROSSA;LARA;187;154;SEPTEMBER
SULAWESI BARAT;MAMUJU TENGAH;KAROSSA;KADAILA;148;89;SEPTEMBER
SULAWESI BARAT;MAMUJU TENGAH;KAROSSA;KAYU CALLA;60;48;SEPTEMBER
SULAWESI BARAT;MAMUJU TENGAH;KAROSSA;LEMBAH HOPO;134;115;SEPTEMBER
SULAWESI BARAT;MAMUJU TENGAH;KAROSSA;BENGGAULU;183;110;SEPTEMBER
SULAWESI BARAT;MAMUJU TENGAH;KAROSSA;SUKA MAJU;138;125;SEPTEMBER
SULAWESI BARAT;MAMUJU TENGAH;KAROSSA;KAMBUNONG;275;229;SEPTEMBER
SULAWESI BARAT;MAMUJU TENGAH;KAROSSA;SALUBIRO;135;92;SEPTEMBER
SULAWESI BARAT;MAMUJU TENGAH;KAROSSA;SANJANGO;153;107;SEPTEMBER
SULAWESI BARAT;PASANGKAYU;BAMBAIRA;TAMPAURE;135;133;SEPTEMBER
SULAWESI BARAT;PASANGKAYU;BAMBAIRA;BAMBAIRA;234;233;SEPTEMBER
SULAWESI BARAT;PASANGKAYU;BAMBAIRA;KASOLOANG;145;145;SEPTEMBER
SULAWESI BARAT;PASANGKAYU;BAMBAIRA;KALUKU NANGKA;263;263;SEPTEMBER
SULAWESI BARAT;PASANGKAYU;BAMBALAMOTU;RANDOMAYANG;331;277;SEPTEMBER
SULAWESI BARAT;PASANGKAYU;BAMBALAMOTU;BAMBALAMOTU;307;281;SEPTEMBER
SULAWESI BARAT;PASANGKAYU;BAMBALAMOTU;POLEWALI;337;326;SEPTEMBER
SULAWESI BARAT;PASANGKAYU;BAMBALAMOTU;PANGIANG;192;182;SEPTEMBER
SULAWESI BARAT;PASANGKAYU;BAMBALAMOTU;KALOLA;380;342;SEPTEMBER
SULAWESI BARAT;PASANGKAYU;BAMBALAMOTU;WULAI;214;192;SEPTEMBER
SULAWESI BARAT;PASANGKAYU;BARAS;BARAS;168;71;SEPTEMBER
SULAWESI BARAT;PASANGKAYU;BARAS;BULU PARIGI;188;152;SEPTEMBER
SULAWESI BARAT;PASANGKAYU;BARAS;BALANTI;192;153;SEPTEMBER
SULAWESI BARAT;PASANGKAYU;BARAS;MOTU;464;368;SEPTEMBER
SULAWESI BARAT;PASANGKAYU;BARAS;TOWONI;103;85;SEPTEMBER
SULAWESI BARAT;PASANGKAYU;BARAS;KASANO;366;249;SEPTEMBER
SULAWESI BARAT;PASANGKAYU;BULU TABA;SUMBER SARI;23;21;SEPTEMBER
SULAWESI BARAT;PASANGKAYU;BULU TABA;LELEJAE;105;55;SEPTEMBER
SULAWESI BARAT;PASANGKAYU;BULU TABA;BUKIT HARAPAN;113;97;SEPTEMBER
SULAWESI BARAT;PASANGKAYU;BULU TABA;LILIMORI;281;133;SEPTEMBER
SULAWESI BARAT;PASANGKAYU;BULU TABA;KARAVE;208;133;SEPTEMBER
SULAWESI BARAT;PASANGKAYU;BULU TABA;KASTABUANA;129;80;SEPTEMBER
SULAWESI BARAT;PASANGKAYU;BULU TABA;OMPI;66;52;SEPTEMBER
SULAWESI BARAT;PASANGKAYU;DAPURANG;DAPURANG;439;428;SEPTEMBER
SULAWESI BARAT;PASANGKAYU;DAPURANG;BENGGAULU;314;310;SEPTEMBER
SULAWESI BARAT;PASANGKAYU;DAPURANG;TIRTABUANA;90;88;SEPTEMBER
SULAWESI BARAT;PASANGKAYU;DAPURANG;BULU BONGGU;182;181;SEPTEMBER
SULAWESI BARAT;PASANGKAYU;DAPURANG;SARASA;208;207;SEPTEMBER
SULAWESI BARAT;PASANGKAYU;DURIPOKU;TAMMARUNANG;217;193;SEPTEMBER
SULAWESI BARAT;PASANGKAYU;DURIPOKU;SAPTANAJAYA;124;65;SEPTEMBER
SULAWESI BARAT;PASANGKAYU;DURIPOKU;TARANGGI;71;54;SEPTEMBER
SULAWESI BARAT;PASANGKAYU;DURIPOKU;SIPAKAINGA;58;43;SEPTEMBER
SULAWESI BARAT;PASANGKAYU;LARIANG;KULU;73;48;SEPTEMBER
SULAWESI BARAT;PASANGKAYU;LARIANG;PARABU;80;68;SEPTEMBER
SULAWESI BARAT;PASANGKAYU;LARIANG;KENANGAN;31;24;SEPTEMBER
SULAWESI BARAT;PASANGKAYU;LARIANG;BAJAWALI;63;48;SEPTEMBER
SULAWESI BARAT;PASANGKAYU;LARIANG;SINGGANI;126;79;SEPTEMBER
SULAWESI BARAT;PASANGKAYU;LARIANG;BATU MATORU;88;61;SEPTEMBER
SULAWESI BARAT;PASANGKAYU;LARIANG;BAMBAKORO;127;80;SEPTEMBER
SULAWESI BARAT;PASANGKAYU;PASANGKAYU;KARYA BERSAMA;279;261;SEPTEMBER
SULAWESI BARAT;PASANGKAYU;PASANGKAYU;AKO;272;241;SEPTEMBER
SULAWESI BARAT;PASANGKAYU;PASANGKAYU;PASANGKAYU;1027;763;SEPTEMBER
SULAWESI BARAT;PASANGKAYU;PASANGKAYU;MARTAJAYA;124;95;SEPTEMBER
SULAWESI BARAT;PASANGKAYU;PASANGKAYU;PAKAVA;172;130;SEPTEMBER
SULAWESI BARAT;PASANGKAYU;PASANGKAYU;GUNUNG SARI;332;278;SEPTEMBER
SULAWESI BARAT;PASANGKAYU;PEDONGGA;MALEI;144;110;SEPTEMBER
SULAWESI BARAT;PASANGKAYU;PEDONGGA;PEDANDA;94;77;SEPTEMBER
SULAWESI BARAT;PASANGKAYU;PEDONGGA;BATU OGE;83;56;SEPTEMBER
SULAWESI BARAT;PASANGKAYU;PEDONGGA;MARTASARI;327;289;SEPTEMBER
SULAWESI BARAT;PASANGKAYU;SARJO;SARJO;199;198;SEPTEMBER
SULAWESI BARAT;PASANGKAYU;SARJO;MAPONU;119;119;SEPTEMBER
SULAWESI BARAT;PASANGKAYU;SARJO;LETAWA;203;202;SEPTEMBER
SULAWESI BARAT;PASANGKAYU;SARJO;SARUDE;169;167;SEPTEMBER
SULAWESI BARAT;PASANGKAYU;SARUDU;DODA;202;144;SEPTEMBER
SULAWESI BARAT;PASANGKAYU;SARUDU;SARUDU;516;397;SEPTEMBER
SULAWESI BARAT;PASANGKAYU;SARUDU;BULU MARIO;337;296;SEPTEMBER
SULAWESI BARAT;PASANGKAYU;SARUDU;KUMASARI;178;177;SEPTEMBER
SULAWESI BARAT;PASANGKAYU;SARUDU;PATIKA;50;42;SEPTEMBER
SULAWESI BARAT;PASANGKAYU;TIKKE RAYA;MAKMUR JAYA;327;303;SEPTEMBER
SULAWESI BARAT;PASANGKAYU;TIKKE RAYA;LARIANG;310;238;SEPTEMBER
SULAWESI BARAT;PASANGKAYU;TIKKE RAYA;TIKKE;240;192;SEPTEMBER
SULAWESI BARAT;PASANGKAYU;TIKKE RAYA;PAJALELE;234;175;SEPTEMBER
SULAWESI BARAT;PASANGKAYU;TIKKE RAYA;JENGENG RAYA;231;119;SEPTEMBER
SULAWESI BARAT;MAJENE;BANGGAE;BANGGAE;332;95;SEPTEMBER
SULAWESI BARAT;MAJENE;BANGGAE;BARU;446;309;SEPTEMBER
SULAWESI BARAT;MAJENE;BANGGAE;PANGALI ALI;808;401;SEPTEMBER
SULAWESI BARAT;MAJENE;BANGGAE;TOTOLI;461;285;SEPTEMBER
SULAWESI BARAT;MAJENE;BANGGAE;RANGAS;899;415;SEPTEMBER
SULAWESI BARAT;MAJENE;BANGGAE;GALUNG;268;166;SEPTEMBER
SULAWESI BARAT;MAJENE;BANGGAE;PALIPI SOREANG;228;207;SEPTEMBER
SULAWESI BARAT;MAJENE;BANGGAE;PAMBOBORANG;256;192;SEPTEMBER
SULAWESI BARAT;MAJENE;BANGGAE TIMUR;BAURUNG;514;464;SEPTEMBER
SULAWESI BARAT;MAJENE;BANGGAE TIMUR;BARUGA;154;94;SEPTEMBER
SULAWESI BARAT;MAJENE;BANGGAE TIMUR;BARUGA DHUA;140;116;SEPTEMBER
SULAWESI BARAT;MAJENE;BANGGAE TIMUR;LABUANG;260;219;SEPTEMBER
SULAWESI BARAT;MAJENE;BANGGAE TIMUR;TANDE;91;87;SEPTEMBER
SULAWESI BARAT;MAJENE;BANGGAE TIMUR;LEMBANG;412;275;SEPTEMBER
SULAWESI BARAT;MAJENE;BANGGAE TIMUR;LABUANG UTARA;388;192;SEPTEMBER
SULAWESI BARAT;MAJENE;BANGGAE TIMUR;TANDE TIMUR;124;97;SEPTEMBER
SULAWESI BARAT;MAJENE;BANGGAE TIMUR;BUTTU BARUGA;97;97;SEPTEMBER
SULAWESI BARAT;MAJENE;MALUNDA;MALUNDA;;;SEPTEMBER
SULAWESI BARAT;MAJENE;MALUNDA;LAMUNGANG BATU;;;SEPTEMBER
SULAWESI BARAT;MAJENE;MALUNDA;BAMBANGAN;;;SEPTEMBER
SULAWESI BARAT;MAJENE;MALUNDA;LOMBANG;121;105;SEPTEMBER
SULAWESI BARAT;MAJENE;MALUNDA;LOMBONG;;;SEPTEMBER
SULAWESI BARAT;MAJENE;MALUNDA;MEKKATTA;;;SEPTEMBER
SULAWESI BARAT;MAJENE;MALUNDA;MALIAYA;;;SEPTEMBER
SULAWESI BARAT;MAJENE;MALUNDA;LOMBANG TIMUR;101;83;SEPTEMBER
SULAWESI BARAT;MAJENE;MALUNDA;SALUTAHONGAN;;;SEPTEMBER
SULAWESI BARAT;MAJENE;MALUNDA;LOMBONG TIMUR;100;92;SEPTEMBER
SULAWESI BARAT;MAJENE;MALUNDA;MEKKATTA SELATAN;;;SEPTEMBER
SULAWESI BARAT;MAJENE;MALUNDA;KAYUANGIN;;;SEPTEMBER
SULAWESI BARAT;MAJENE;PAMBOANG;LALAMPANUA;123;66;SEPTEMBER
SULAWESI BARAT;MAJENE;PAMBOANG;SIRINDU;124;99;SEPTEMBER
SULAWESI BARAT;MAJENE;PAMBOANG;ADOLANG;81;81;SEPTEMBER
SULAWESI BARAT;MAJENE;PAMBOANG;BABABULO;;;SEPTEMBER
SULAWESI BARAT;MAJENE;PAMBOANG;BONDE;255;223;SEPTEMBER
SULAWESI BARAT;MAJENE;PAMBOANG;BETTENG;125;112;SEPTEMBER
SULAWESI BARAT;MAJENE;PAMBOANG;SIMBANG;;;SEPTEMBER
SULAWESI BARAT;MAJENE;PAMBOANG;BONDE UTARA;390;352;SEPTEMBER
SULAWESI BARAT;MAJENE;PAMBOANG;BABABULO UTARA;107;107;SEPTEMBER
SULAWESI BARAT;MAJENE;PAMBOANG;BUTTU PAMBOANG;103;78;SEPTEMBER
SULAWESI BARAT;MAJENE;PAMBOANG;BANUA ADOLANG;139;139;SEPTEMBER
SULAWESI BARAT;MAJENE;PAMBOANG;ADOLANG DHUA;90;;SEPTEMBER
SULAWESI BARAT;MAJENE;PAMBOANG;TINAMBUNG;198;175;SEPTEMBER
SULAWESI BARAT;MAJENE;PAMBOANG;PESULOANG;108;80;SEPTEMBER
SULAWESI BARAT;MAJENE;PAMBOANG;BALOMBONG;132;110;SEPTEMBER
SULAWESI BARAT;MAJENE;SENDANA;MOSSO;382;;SEPTEMBER
SULAWESI BARAT;MAJENE;SENDANA;MOSSO DHUA;;;SEPTEMBER
SULAWESI BARAT;MAJENE;SENDANA;TOTOLISI SENDANA;105;87;SEPTEMBER
SULAWESI BARAT;MAJENE;SENDANA;TALLUBANUA;289;195;SEPTEMBER
SULAWESI BARAT;MAJENE;SENDANA;LALATEDZONG;86;86;SEPTEMBER
SULAWESI BARAT;MAJENE;SENDANA;BINANGA;90;90;SEPTEMBER
SULAWESI BARAT;MAJENE;SENDANA;PUTTADA;96;96;SEPTEMBER
SULAWESI BARAT;MAJENE;SENDANA;PAMINGGALAN;52;49;SEPTEMBER
SULAWESI BARAT;MAJENE;SENDANA;LEPPANGANG;55;47;SEPTEMBER
SULAWESI BARAT;MAJENE;SENDANA;PUNDAU;90;82;SEPTEMBER
SULAWESI BARAT;MAJENE;SENDANA;SENDANA;;;SEPTEMBER
SULAWESI BARAT;MAJENE;SENDANA;BANUA SENDANA;119;74;SEPTEMBER
SULAWESI BARAT;MAJENE;SENDANA;TALLUBANUA UTARA;42;30;SEPTEMBER
SULAWESI BARAT;MAJENE;SENDANA;LIMBORO RAMBU-RAMBU;115;101;SEPTEMBER
SULAWESI BARAT;MAJENE;SENDANA;LIMBUA;160;96;SEPTEMBER
SULAWESI BARAT;MAJENE;SENDANA;BUKIT SAMANG;140;101;SEPTEMBER
SULAWESI BARAT;MAJENE;TAMMERODO SENDANA;SEPPONG;;;SEPTEMBER
SULAWESI BARAT;MAJENE;TAMMERODO SENDANA;TAMMERODO;;;SEPTEMBER
SULAWESI BARAT;MAJENE;TAMMERODO SENDANA;ULIDANG;;;SEPTEMBER
SULAWESI BARAT;MAJENE;TAMMERODO SENDANA;TALLAMBALAO;;;SEPTEMBER
SULAWESI BARAT;MAJENE;TAMMERODO SENDANA;TAMMERODO UTARA;;;SEPTEMBER
SULAWESI BARAT;MAJENE;TAMMERODO SENDANA;MANYAMBA;;;SEPTEMBER
SULAWESI BARAT;MAJENE;TAMMERODO SENDANA;AWO;;;SEPTEMBER
SULAWESI BARAT;MAJENE;TUBO SENDANA;ONANG;349;187;SEPTEMBER
SULAWESI BARAT;MAJENE;TUBO SENDANA;TUBO;;;SEPTEMBER
SULAWESI BARAT;MAJENE;TUBO SENDANA;ONANG UTARA;117;62;SEPTEMBER
SULAWESI BARAT;MAJENE;TUBO SENDANA;TUBO SELATAN;107;74;SEPTEMBER
SULAWESI BARAT;MAJENE;TUBO SENDANA;BONDE BONDE;;;SEPTEMBER
SULAWESI BARAT;MAJENE;TUBO SENDANA;TUBO TENGAH;;;SEPTEMBER
SULAWESI BARAT;MAJENE;TUBO SENDANA;TUBO POANG;;;SEPTEMBER
SULAWESI BARAT;MAJENE;ULUMANDA;KABIRAAN;;;SEPTEMBER
SULAWESI BARAT;MAJENE;ULUMANDA;SAMBABO;;;SEPTEMBER
SULAWESI BARAT;MAJENE;ULUMANDA;TANDEALLO;;;SEPTEMBER
SULAWESI BARAT;MAJENE;ULUMANDA;ULUMANDA;;;SEPTEMBER
SULAWESI BARAT;MAJENE;ULUMANDA;SALUTAMBUNG;;;SEPTEMBER
SULAWESI BARAT;MAJENE;ULUMANDA;POPENGA;;;SEPTEMBER
SULAWESI BARAT;MAJENE;ULUMANDA;SULAI;;;SEPTEMBER
SULAWESI BARAT;MAJENE;ULUMANDA;PANGGALO;;;SEPTEMBER
SULAWESI BARAT;MAMASA;ARALLE;ARALLE;78;;SEPTEMBER
SULAWESI BARAT;MAMASA;ARALLE;RALLE ANAK;;;SEPTEMBER
SULAWESI BARAT;MAMASA;ARALLE;PANETEAN;;;SEPTEMBER
SULAWESI BARAT;MAMASA;ARALLE;UHAILANU;85;;SEPTEMBER
SULAWESI BARAT;MAMASA;ARALLE;ARALLE UTARA;;;SEPTEMBER
SULAWESI BARAT;MAMASA;ARALLE;UHAIDAHO;;;SEPTEMBER
SULAWESI BARAT;MAMASA;ARALLE;BARURU;;;SEPTEMBER
SULAWESI BARAT;MAMASA;ARALLE;RALLEANAK UTARA;;;SEPTEMBER
SULAWESI BARAT;MAMASA;ARALLE;PAMOSEANG PANGGA;;;SEPTEMBER
SULAWESI BARAT;MAMASA;ARALLE;KALABE;;;SEPTEMBER
SULAWESI BARAT;MAMASA;ARALLE;ARALLE SELATAN;47;22;SEPTEMBER
SULAWESI BARAT;MAMASA;ARALLE;HAHANGAN;;;SEPTEMBER
SULAWESI BARAT;MAMASA;BALLA;BALLA;83;39;SEPTEMBER
SULAWESI BARAT;MAMASA;BALLA;BALLA BARAT;40;23;SEPTEMBER
SULAWESI BARAT;MAMASA;BALLA;BALLA SATANETEAN;84;40;SEPTEMBER
SULAWESI BARAT;MAMASA;BALLA;BALLA TUMUKA;38;20;SEPTEMBER
SULAWESI BARAT;MAMASA;BALLA;SEPAKUAN;79;34;SEPTEMBER
SULAWESI BARAT;MAMASA;BALLA;PIDARA;37;21;SEPTEMBER
SULAWESI BARAT;MAMASA;BALLA;BAMBAPUANG;28;27;SEPTEMBER
SULAWESI BARAT;MAMASA;BALLA;BALLA TIMUR;26;17;SEPTEMBER
SULAWESI BARAT;MAMASA;BAMBANG;MOKALLANG;;;SEPTEMBER
SULAWESI BARAT;MAMASA;BAMBANG;MASOSO;22;18;SEPTEMBER
SULAWESI BARAT;MAMASA;BAMBANG;SALUASSING;71;61;SEPTEMBER
SULAWESI BARAT;MAMASA;BAMBANG;SALUBULO;;;SEPTEMBER
SULAWESI BARAT;MAMASA;BAMBANG;SALUKADI;47;33;SEPTEMBER
SULAWESI BARAT;MAMASA;BAMBANG;SALUKEPOPOK;57;46;SEPTEMBER
SULAWESI BARAT;MAMASA;BAMBANG;ULUMAMBI BARAT;;;SEPTEMBER
SULAWESI BARAT;MAMASA;BAMBANG;LIMBADEBATA;65;40;SEPTEMBER
SULAWESI BARAT;MAMASA;BAMBANG;TANETE TOMBA;36;24;SEPTEMBER
SULAWESI BARAT;MAMASA;BAMBANG;BAMBANG;;;SEPTEMBER
SULAWESI BARAT;MAMASA;BAMBANG;RANTELEMO;;;SEPTEMBER
SULAWESI BARAT;MAMASA;BAMBANG;SALUDENGEN;;;SEPTEMBER
SULAWESI BARAT;MAMASA;BAMBANG;ULUMAMBI;;;SEPTEMBER
SULAWESI BARAT;MAMASA;BAMBANG;BAMBANG TIMUR;;;SEPTEMBER
SULAWESI BARAT;MAMASA;BAMBANG;MINANGA;;;SEPTEMBER
SULAWESI BARAT;MAMASA;BAMBANG;SIKAMASE;52;40;SEPTEMBER
SULAWESI BARAT;MAMASA;BAMBANG;RANTETARIMA;10;10;SEPTEMBER
SULAWESI BARAT;MAMASA;BAMBANG;SALURURU;;;SEPTEMBER
SULAWESI BARAT;MAMASA;BAMBANG;SALUTABANG;;;SEPTEMBER
SULAWESI BARAT;MAMASA;BAMBANG;BALATANA;54;31;SEPTEMBER
SULAWESI BARAT;MAMASA;BUNTUMALANGKA;BUNTUMALANGKA;;;SEPTEMBER
SULAWESI BARAT;MAMASA;BUNTUMALANGKA;RANTEBERAN;;;SEPTEMBER
SULAWESI BARAT;MAMASA;BUNTUMALANGKA;KEBANGA;;;SEPTEMBER
SULAWESI BARAT;MAMASA;BUNTUMALANGKA;SALURINDU;;;SEPTEMBER
SULAWESI BARAT;MAMASA;BUNTUMALANGKA;TAORA;;;SEPTEMBER
SULAWESI BARAT;MAMASA;BUNTUMALANGKA;KABAE;;;SEPTEMBER
SULAWESI BARAT;MAMASA;BUNTUMALANGKA;SALUTAMBUN BARAT;;;SEPTEMBER
SULAWESI BARAT;MAMASA;BUNTUMALANGKA;PENATANGAN;;;SEPTEMBER
SULAWESI BARAT;MAMASA;BUNTUMALANGKA;SALUTAMBUN TIMUR;;;SEPTEMBER
SULAWESI BARAT;MAMASA;BUNTUMALANGKA;SALUTAMBUN;;;SEPTEMBER
SULAWESI BARAT;MAMASA;BUNTUMALANGKA;ARALLE TIMUR;;;SEPTEMBER
SULAWESI BARAT;MAMASA;MAMASA;MAMASA;276;83;SEPTEMBER
SULAWESI BARAT;MAMASA;MAMASA;RAMBUSARATU;160;97;SEPTEMBER
SULAWESI BARAT;MAMASA;MAMASA;OSANGO;170;161;SEPTEMBER
SULAWESI BARAT;MAMASA;MAMASA;LAMBANAN;161;121;SEPTEMBER
SULAWESI BARAT;MAMASA;MAMASA;LEMBANA SALULO;41;28;SEPTEMBER
SULAWESI BARAT;MAMASA;MAMASA;TAUPE;100;53;SEPTEMBER
SULAWESI BARAT;MAMASA;MAMASA;BUNTU BUDA;168;158;SEPTEMBER
SULAWESI BARAT;MAMASA;MAMASA;TONDOK BAKARU;145;91;SEPTEMBER
SULAWESI BARAT;MAMASA;MAMASA;PEBASSIAN;42;35;SEPTEMBER
SULAWESI BARAT;MAMASA;MAMASA;MAMBULILING;60;45;SEPTEMBER
SULAWESI BARAT;MAMASA;MAMASA;BOMBONG LAMBE;107;60;SEPTEMBER
SULAWESI BARAT;MAMASA;MAMASA;BUBUN BATU;80;70;SEPTEMBER
SULAWESI BARAT;MAMASA;MAMBI;MAMBI;;19;SEPTEMBER
SULAWESI BARAT;MAMASA;MAMBI;TALIPUKKI;;;SEPTEMBER
SULAWESI BARAT;MAMASA;MAMBI;RANTEBULAHAN;;;SEPTEMBER
SULAWESI BARAT;MAMASA;MAMBI;SONDONGLAYU;;;SEPTEMBER
SULAWESI BARAT;MAMASA;MAMBI;SALUBANUA;;;SEPTEMBER
SULAWESI BARAT;MAMASA;MAMBI;TAPALINA;;;SEPTEMBER
SULAWESI BARAT;MAMASA;MAMBI;SENDANA;65;36;SEPTEMBER
SULAWESI BARAT;MAMASA;MAMBI;PAMOSEAN;55;21;SEPTEMBER
SULAWESI BARAT;MAMASA;MAMBI;SELUMAKA;;;SEPTEMBER
SULAWESI BARAT;MAMASA;MAMBI;BUJUNG MANURUNG;;;SEPTEMBER
SULAWESI BARAT;MAMASA;MAMBI;SALU ALO;;;SEPTEMBER
SULAWESI BARAT;MAMASA;MAMBI;INDOBANUA;;;SEPTEMBER
SULAWESI BARAT;MAMASA;MAMBI;SALUDURIAN;;;SEPTEMBER
SULAWESI BARAT;MAMASA;MEHALAAN;MEHALAAN;;;SEPTEMBER
SULAWESI BARAT;MAMASA;MEHALAAN;BOTTENG;;;SEPTEMBER
SULAWESI BARAT;MAMASA;MEHALAAN;SALUKONTA;;;SEPTEMBER
SULAWESI BARAT;MAMASA;MEHALAAN;MESAKADA;;;SEPTEMBER
SULAWESI BARAT;MAMASA;MEHALAAN;MEHALAAN BARAT;;;SEPTEMBER
SULAWESI BARAT;MAMASA;MEHALAAN;SALUAHOK;;;SEPTEMBER
SULAWESI BARAT;MAMASA;MEHALAAN;SALUBALO;;;SEPTEMBER
SULAWESI BARAT;MAMASA;MEHALAAN;PASSEMBUK;;;SEPTEMBER
SULAWESI BARAT;MAMASA;MEHALAAN;KONDO;;;SEPTEMBER
SULAWESI BARAT;MAMASA;MEHALAAN;LEKO SUKAMAJU;;;SEPTEMBER
SULAWESI BARAT;MAMASA;MEHALAAN;ULUMEA;;;SEPTEMBER
SULAWESI BARAT;MAMASA;MESSAWA;MESSAWA;;;SEPTEMBER
SULAWESI BARAT;MAMASA;MESSAWA;RIPPUNG;;;SEPTEMBER
SULAWESI BARAT;MAMASA;MESSAWA;MAKUANG;;;SEPTEMBER
SULAWESI BARAT;MAMASA;MESSAWA;SEPANG;;;SEPTEMBER
SULAWESI BARAT;MAMASA;MESSAWA;MALIMBONG;;;SEPTEMBER
SULAWESI BARAT;MAMASA;MESSAWA;MATANDE;;;SEPTEMBER
SULAWESI BARAT;MAMASA;MESSAWA;SIPAI;;;SEPTEMBER
SULAWESI BARAT;MAMASA;MESSAWA;PASMA MAMBU;;;SEPTEMBER
SULAWESI BARAT;MAMASA;MESSAWA;TANETE BATU;;;SEPTEMBER
SULAWESI BARAT;MAMASA;NOSU;NOSU;;;SEPTEMBER
SULAWESI BARAT;MAMASA;NOSU;MINANGA;40;26;SEPTEMBER
SULAWESI BARAT;MAMASA;NOSU;BATUPAPAN;;;SEPTEMBER
SULAWESI BARAT;MAMASA;NOSU;MASEWWE;;;SEPTEMBER
SULAWESI BARAT;MAMASA;NOSU;SIWI;43;30;SEPTEMBER
SULAWESI BARAT;MAMASA;NOSU;MINANGA TIMUR;;;SEPTEMBER
SULAWESI BARAT;MAMASA;NOSU;PARINDING;;;SEPTEMBER
SULAWESI BARAT;MAMASA;PANA;PANA;;;SEPTEMBER
SULAWESI BARAT;MAMASA;PANA;MANIPI;;;SEPTEMBER
SULAWESI BARAT;MAMASA;PANA;MAMULLU;;;SEPTEMBER
SULAWESI BARAT;MAMASA;PANA;SAPAN;;;SEPTEMBER
SULAWESI BARAT;MAMASA;PANA;DATUBARINGAN;;;SEPTEMBER
SULAWESI BARAT;MAMASA;PANA;PANURA;;;SEPTEMBER
SULAWESI BARAT;MAMASA;PANA;TALLANG BULAWAN;;;SEPTEMBER
SULAWESI BARAT;MAMASA;PANA;KARAKA;;;SEPTEMBER
SULAWESI BARAT;MAMASA;PANA;ULUSALU;;;SEPTEMBER
SULAWESI BARAT;MAMASA;PANA;WERI;;;SEPTEMBER
SULAWESI BARAT;MAMASA;PANA;SALUTAMBUN;;;SEPTEMBER
SULAWESI BARAT;MAMASA;PANA;SALOAN;;;SEPTEMBER
SULAWESI BARAT;MAMASA;PANA;ULUSALU INDAH;;;SEPTEMBER
SULAWESI BARAT;MAMASA;RANTEBULAHAN TIMUR;SALUMOKANAN;46;30;SEPTEMBER
SULAWESI BARAT;MAMASA;RANTEBULAHAN TIMUR;SALUMOKANAN BARAT;;;SEPTEMBER
SULAWESI BARAT;MAMASA;RANTEBULAHAN TIMUR;BUANGIN;;;SEPTEMBER
SULAWESI BARAT;MAMASA;RANTEBULAHAN TIMUR;BAMBANG BUDA;55;37;SEPTEMBER
SULAWESI BARAT;MAMASA;RANTEBULAHAN TIMUR;LEKO;;;SEPTEMBER
SULAWESI BARAT;MAMASA;RANTEBULAHAN TIMUR;KIRAK;56;41;SEPTEMBER
SULAWESI BARAT;MAMASA;RANTEBULAHAN TIMUR;SALUMOKANAN UTARA;41;21;SEPTEMBER
SULAWESI BARAT;MAMASA;RANTEBULAHAN TIMUR;SAMPALE;15;15;SEPTEMBER
SULAWESI BARAT;MAMASA;SESENAPADANG;OROBUA;;;SEPTEMBER
SULAWESI BARAT;MAMASA;SESENAPADANG;PALADAN;;;SEPTEMBER
SULAWESI BARAT;MAMASA;SESENAPADANG;OROBUA TIMUR;;;SEPTEMBER
SULAWESI BARAT;MAMASA;SESENAPADANG;RANTE PUANG;;;SEPTEMBER
SULAWESI BARAT;MAMASA;SESENAPADANG;SATENETEAN;;;SEPTEMBER
SULAWESI BARAT;MAMASA;SESENAPADANG;LISUAN ADA;;;SEPTEMBER
SULAWESI BARAT;MAMASA;SESENAPADANG;OROBUA SELATAN;;;SEPTEMBER
SULAWESI BARAT;MAMASA;SESENAPADANG;MALANGKENA PADANG;;;SEPTEMBER
SULAWESI BARAT;MAMASA;SESENAPADANG;MALIMBONG;17;16;SEPTEMBER
SULAWESI BARAT;MAMASA;SESENAPADANG;MARAMPAN OROBUA;;;SEPTEMBER
SULAWESI BARAT;MAMASA;SUMARORONG;SUMARORONG;82;64;SEPTEMBER
SULAWESI BARAT;MAMASA;SUMARORONG;TABONE;48;33;SEPTEMBER
SULAWESI BARAT;MAMASA;SUMARORONG;BATANG URU;44;30;SEPTEMBER
SULAWESI BARAT;MAMASA;SUMARORONG;SASAKAN;62;36;SEPTEMBER
SULAWESI BARAT;MAMASA;SUMARORONG;TADISI;122;70;SEPTEMBER
SULAWESI BARAT;MAMASA;SUMARORONG;SIBANAWA;55;32;SEPTEMBER
SULAWESI BARAT;MAMASA;SUMARORONG;BATANGNGURU TIMUR;57;50;SEPTEMBER
SULAWESI BARAT;MAMASA;SUMARORONG;SALUBALO;71;67;SEPTEMBER
SULAWESI BARAT;MAMASA;SUMARORONG;BANEA;86;50;SEPTEMBER
SULAWESI BARAT;MAMASA;SUMARORONG;RANTE KAMASE;109;58;SEPTEMBER
SULAWESI BARAT;MAMASA;TABANG;TABANG;;;SEPTEMBER
SULAWESI BARAT;MAMASA;TABANG;TADOKALUA;;;SEPTEMBER
SULAWESI BARAT;MAMASA;TABANG;TABANG BARAT;;;SEPTEMBER
SULAWESI BARAT;MAMASA;TABANG;MASUPU;;;SEPTEMBER
SULAWESI BARAT;MAMASA;TABANG;KALAMA;;;SEPTEMBER
SULAWESI BARAT;MAMASA;TABANG;BAKADISURA;;;SEPTEMBER
SULAWESI BARAT;MAMASA;TABANG;SALUKONA;;;SEPTEMBER
SULAWESI BARAT;MAMASA;TABULAHAN;LAKAHANG;;;SEPTEMBER
SULAWESI BARAT;MAMASA;TABULAHAN;PERIANGAN;;;SEPTEMBER
SULAWESI BARAT;MAMASA;TABULAHAN;MALATIRO;;;SEPTEMBER
SULAWESI BARAT;MAMASA;TABULAHAN;TABULAHAN;;;SEPTEMBER
SULAWESI BARAT;MAMASA;TABULAHAN;SALULEANG;;;SEPTEMBER
SULAWESI BARAT;MAMASA;TABULAHAN;TAMPAK KURRA;;;SEPTEMBER
SULAWESI BARAT;MAMASA;TABULAHAN;GANDANG DEWATA;;;SEPTEMBER
SULAWESI BARAT;MAMASA;TABULAHAN;BURANA;;;SEPTEMBER
SULAWESI BARAT;MAMASA;TABULAHAN;SALUBAKKA;;;SEPTEMBER
SULAWESI BARAT;MAMASA;TABULAHAN;PANGANDARAN;;;SEPTEMBER
SULAWESI BARAT;MAMASA;TABULAHAN;TALOPAK;33;26;SEPTEMBER
SULAWESI BARAT;MAMASA;TABULAHAN;PEU';;;SEPTEMBER
SULAWESI BARAT;MAMASA;TABULAHAN;TIMORO;;;SEPTEMBER
SULAWESI BARAT;MAMASA;TABULAHAN;LAKAHANG UTAMA;;;SEPTEMBER
SULAWESI BARAT;MAMASA;TANDUK KALUA;MINAKE;;;SEPTEMBER
SULAWESI BARAT;MAMASA;TANDUK KALUA;MALABO;;;SEPTEMBER
SULAWESI BARAT;MAMASA;TANDUK KALUA;SINDAGAMANIK;;;SEPTEMBER
SULAWESI BARAT;MAMASA;TANDUK KALUA;PARONDOBULAWAN;48;42;SEPTEMBER
SULAWESI BARAT;MAMASA;TANDUK KALUA;TAMALANTIK;;;SEPTEMBER
SULAWESI BARAT;MAMASA;TANDUK KALUA;MANNABABA;;;SEPTEMBER
SULAWESI BARAT;MAMASA;TANDUK KALUA;MESAKADA;69;40;SEPTEMBER
SULAWESI BARAT;MAMASA;TANDUK KALUA;BALLABATU;;;SEPTEMBER
SULAWESI BARAT;MAMASA;TANDUK KALUA;PAMBE;;;SEPTEMBER
SULAWESI BARAT;MAMASA;TANDUK KALUA;SALURANO;;;SEPTEMBER
SULAWESI BARAT;MAMASA;TANDUK KALUA;TALIMBUNG;;;SEPTEMBER
SULAWESI BARAT;MAMASA;TANDUK KALUA;KANAN;71;45;SEPTEMBER
SULAWESI BARAT;MAMASA;TAWALIAN;TAWALIAN;;;SEPTEMBER
SULAWESI BARAT;MAMASA;TAWALIAN;TAWALIAN TIMUR;;;SEPTEMBER
SULAWESI BARAT;MAMASA;TAWALIAN;KARIANGO;;;SEPTEMBER
SULAWESI BARAT;MAMASA;TAWALIAN;RANTETANGNGA;;;SEPTEMBER
SULAWESI BARAT;POLEWALI MANDAR;ALLU;PETOOSANG;125;105;SEPTEMBER
SULAWESI BARAT;POLEWALI MANDAR;ALLU;MOMBI;167;129;SEPTEMBER
SULAWESI BARAT;POLEWALI MANDAR;ALLU;KALUMAMMANG;117;94;SEPTEMBER
SULAWESI BARAT;POLEWALI MANDAR;ALLU;PAO-PAO;166;139;SEPTEMBER
SULAWESI BARAT;POLEWALI MANDAR;ALLU;PUPPU URING;175;156;SEPTEMBER
SULAWESI BARAT;POLEWALI MANDAR;ALLU;SARAGIAN;157;113;SEPTEMBER
SULAWESI BARAT;POLEWALI MANDAR;ALLU;SAYOANG;46;42;SEPTEMBER
SULAWESI BARAT;POLEWALI MANDAR;ALLU;ALU;150;113;SEPTEMBER
SULAWESI BARAT;POLEWALI MANDAR;ANREAPI;ANREAPI;;;SEPTEMBER
SULAWESI BARAT;POLEWALI MANDAR;ANREAPI;DUAMPANUA;;;SEPTEMBER
SULAWESI BARAT;POLEWALI MANDAR;ANREAPI;KELAPA DUA;;;SEPTEMBER
SULAWESI BARAT;POLEWALI MANDAR;ANREAPI;PAPPANDANGAN;;;SEPTEMBER
SULAWESI BARAT;POLEWALI MANDAR;ANREAPI;KUNYI;;97;SEPTEMBER
SULAWESI BARAT;POLEWALI MANDAR;BALANIPA;BALANIPA;252;193;SEPTEMBER
SULAWESI BARAT;POLEWALI MANDAR;BALANIPA;TAMMAJARRA;184;157;SEPTEMBER
SULAWESI BARAT;POLEWALI MANDAR;BALANIPA;TAMANGGALLE;231;160;SEPTEMBER
SULAWESI BARAT;POLEWALI MANDAR;BALANIPA;MOSSO;85;68;SEPTEMBER
SULAWESI BARAT;POLEWALI MANDAR;BALANIPA;GALUNG TULUK;285;137;SEPTEMBER
SULAWESI BARAT;POLEWALI MANDAR;BALANIPA;SABANG SUBIK;319;183;SEPTEMBER
SULAWESI BARAT;POLEWALI MANDAR;BALANIPA;PAMBUSUANG;497;353;SEPTEMBER
SULAWESI BARAT;POLEWALI MANDAR;BALANIPA;BALA;495;296;SEPTEMBER
SULAWESI BARAT;POLEWALI MANDAR;BALANIPA;LAMBANAN;47;43;SEPTEMBER
SULAWESI BARAT;POLEWALI MANDAR;BALANIPA;LEGO;110;75;SEPTEMBER
SULAWESI BARAT;POLEWALI MANDAR;BALANIPA;PALLIS;32;32;SEPTEMBER
SULAWESI BARAT;POLEWALI MANDAR;BINUANG;AMASSANGAN;291;208;SEPTEMBER
SULAWESI BARAT;POLEWALI MANDAR;BINUANG;TONYAMAN;437;327;SEPTEMBER
SULAWESI BARAT;POLEWALI MANDAR;BINUANG;KUAJANG;370;208;SEPTEMBER
SULAWESI BARAT;POLEWALI MANDAR;BINUANG;PAKU;171;136;SEPTEMBER
SULAWESI BARAT;POLEWALI MANDAR;BINUANG;MIRRING;248;202;SEPTEMBER
SULAWESI BARAT;POLEWALI MANDAR;BINUANG;BATETANGNGA;;;SEPTEMBER
SULAWESI BARAT;POLEWALI MANDAR;BINUANG;MAMMI;182;131;SEPTEMBER
SULAWESI BARAT;POLEWALI MANDAR;BINUANG;KALEOK;84;71;SEPTEMBER
SULAWESI BARAT;POLEWALI MANDAR;BINUANG;AMOLA;79;65;SEPTEMBER
SULAWESI BARAT;POLEWALI MANDAR;BINUANG;REA;228;157;SEPTEMBER
SULAWESI BARAT;POLEWALI MANDAR;BULO;BULO;;;SEPTEMBER
SULAWESI BARAT;POLEWALI MANDAR;BULO;PULLIWA;;;SEPTEMBER
SULAWESI BARAT;POLEWALI MANDAR;BULO;PATAMBANUA;;;SEPTEMBER
SULAWESI BARAT;POLEWALI MANDAR;BULO;KAROMBANG;;;SEPTEMBER
SULAWESI BARAT;POLEWALI MANDAR;BULO;DAALA TIMUR;;;SEPTEMBER
SULAWESI BARAT;POLEWALI MANDAR;BULO;LENGGO;;;SEPTEMBER
SULAWESI BARAT;POLEWALI MANDAR;BULO;SABURA;;;SEPTEMBER
SULAWESI BARAT;POLEWALI MANDAR;BULO;SEPPORRAKI;;;SEPTEMBER
SULAWESI BARAT;POLEWALI MANDAR;BULO;IHING;;;SEPTEMBER
SULAWESI BARAT;POLEWALI MANDAR;CAMPALAGIAN;PAPPANG;150;142;SEPTEMBER
SULAWESI BARAT;POLEWALI MANDAR;CAMPALAGIAN;LALIKO;312;231;SEPTEMBER
SULAWESI BARAT;POLEWALI MANDAR;CAMPALAGIAN;BONDE;251;173;SEPTEMBER
SULAWESI BARAT;POLEWALI MANDAR;CAMPALAGIAN;KATUMBANGAN LEMO;239;157;SEPTEMBER
SULAWESI BARAT;POLEWALI MANDAR;CAMPALAGIAN;PANYAMPA;;;SEPTEMBER
SULAWESI BARAT;POLEWALI MANDAR;CAMPALAGIAN;SURUANG;153;112;SEPTEMBER
SULAWESI BARAT;POLEWALI MANDAR;CAMPALAGIAN;LAMPOKO;275;183;SEPTEMBER
SULAWESI BARAT;POLEWALI MANDAR;CAMPALAGIAN;KATUMBANGAN;;;SEPTEMBER
SULAWESI BARAT;POLEWALI MANDAR;CAMPALAGIAN;LAPEO;222;142;SEPTEMBER
SULAWESI BARAT;POLEWALI MANDAR;CAMPALAGIAN;PARAPPE;;;SEPTEMBER
SULAWESI BARAT;POLEWALI MANDAR;CAMPALAGIAN;ONGKO;143;110;SEPTEMBER
SULAWESI BARAT;POLEWALI MANDAR;CAMPALAGIAN;KENJE;261;217;SEPTEMBER
SULAWESI BARAT;POLEWALI MANDAR;CAMPALAGIAN;SUMARRANG;440;358;SEPTEMBER
SULAWESI BARAT;POLEWALI MANDAR;CAMPALAGIAN;BOTTO;304;230;SEPTEMBER
SULAWESI BARAT;POLEWALI MANDAR;CAMPALAGIAN;GATTUNGAN;169;131;SEPTEMBER
SULAWESI BARAT;POLEWALI MANDAR;CAMPALAGIAN;PADANG TIMUR;135;103;SEPTEMBER
SULAWESI BARAT;POLEWALI MANDAR;CAMPALAGIAN;PADANG;65;59;SEPTEMBER
SULAWESI BARAT;POLEWALI MANDAR;CAMPALAGIAN;LAGI-AGI;221;166;SEPTEMBER
SULAWESI BARAT;POLEWALI MANDAR;LIMBORO;LIMBORO;126;103;SEPTEMBER
SULAWESI BARAT;POLEWALI MANDAR;LIMBORO;LEMBANG LEMBANG;206;206;SEPTEMBER
SULAWESI BARAT;POLEWALI MANDAR;LIMBORO;TANDASURA;98;98;SEPTEMBER
SULAWESI BARAT;POLEWALI MANDAR;LIMBORO;SAMASUNDU;98;91;SEPTEMBER
SULAWESI BARAT;POLEWALI MANDAR;LIMBORO;NAPO;163;144;SEPTEMBER
SULAWESI BARAT;POLEWALI MANDAR;LIMBORO;TODANG TODANG;68;54;SEPTEMBER
SULAWESI BARAT;POLEWALI MANDAR;LIMBORO;PENDULANGAN;72;47;SEPTEMBER
SULAWESI BARAT;POLEWALI MANDAR;LIMBORO;RENGGEANG;96;96;SEPTEMBER
SULAWESI BARAT;POLEWALI MANDAR;LIMBORO;SALARRI;93;93;SEPTEMBER
SULAWESI BARAT;POLEWALI MANDAR;LIMBORO;TANGAN BARU;97;88;SEPTEMBER
SULAWESI BARAT;POLEWALI MANDAR;LIMBORO;PALECE;102;98;SEPTEMBER
SULAWESI BARAT;POLEWALI MANDAR;LUYO;BATUPANGA;;;SEPTEMBER
SULAWESI BARAT;POLEWALI MANDAR;LUYO;MAMBU;;;SEPTEMBER
SULAWESI BARAT;POLEWALI MANDAR;LUYO;TENGGELANG;;;SEPTEMBER
SULAWESI BARAT;POLEWALI MANDAR;LUYO;BARU;271;196;SEPTEMBER
SULAWESI BARAT;POLEWALI MANDAR;LUYO;PUSSUI;;;SEPTEMBER
SULAWESI BARAT;POLEWALI MANDAR;LUYO;MAPILI BARAT;200;159;SEPTEMBER
SULAWESI BARAT;POLEWALI MANDAR;LUYO;SAMBALI WALI;;;SEPTEMBER
SULAWESI BARAT;POLEWALI MANDAR;LUYO;BATUPANGA DAALA;232;204;SEPTEMBER
SULAWESI BARAT;POLEWALI MANDAR;LUYO;LUYO;;;SEPTEMBER
SULAWESI BARAT;POLEWALI MANDAR;LUYO;PUSSUI BARAT;;;SEPTEMBER
SULAWESI BARAT;POLEWALI MANDAR;LUYO;PUCCADI;;;SEPTEMBER
SULAWESI BARAT;POLEWALI MANDAR;MAPILLI;MAPILI;;;SEPTEMBER
SULAWESI BARAT;POLEWALI MANDAR;MAPILLI;UGIBARU;;;SEPTEMBER
SULAWESI BARAT;POLEWALI MANDAR;MAPILLI;RUMPA;;;SEPTEMBER
SULAWESI BARAT;POLEWALI MANDAR;MAPILLI;KURMA;;;SEPTEMBER
SULAWESI BARAT;POLEWALI MANDAR;MAPILLI;BUKU;;;SEPTEMBER
SULAWESI BARAT;POLEWALI MANDAR;MAPILLI;BONNE BONNE;;;SEPTEMBER
SULAWESI BARAT;POLEWALI MANDAR;MAPILLI;BEROANGIN;;;SEPTEMBER
SULAWESI BARAT;POLEWALI MANDAR;MAPILLI;SEGERANG;;;SEPTEMBER
SULAWESI BARAT;POLEWALI MANDAR;MAPILLI;BONRA;260;243;SEPTEMBER
SULAWESI BARAT;POLEWALI MANDAR;MAPILLI;SATTOKO;;;SEPTEMBER
SULAWESI BARAT;POLEWALI MANDAR;MAPILLI;RAPPANG BARAT;;;SEPTEMBER
SULAWESI BARAT;POLEWALI MANDAR;MAPILLI;LANDI KANUSUANG;;;SEPTEMBER
SULAWESI BARAT;POLEWALI MANDAR;MATAKALI;MATAKALI;305;198;SEPTEMBER
SULAWESI BARAT;POLEWALI MANDAR;MATAKALI;PETAMPANUA;435;148;SEPTEMBER
SULAWESI BARAT;POLEWALI MANDAR;MATAKALI;BARUMBUNG;236;118;SEPTEMBER
SULAWESI BARAT;POLEWALI MANDAR;MATAKALI;PASIANG;350;288;SEPTEMBER
SULAWESI BARAT;POLEWALI MANDAR;MATAKALI;TONROLIMA;182;136;SEPTEMBER
SULAWESI BARAT;POLEWALI MANDAR;MATAKALI;INDOMAKKOMBONG;146;122;SEPTEMBER
SULAWESI BARAT;POLEWALI MANDAR;MATAKALI;BUNGA-BUNGA;;;SEPTEMBER
SULAWESI BARAT;POLEWALI MANDAR;MATANGNGA;MATANGNGA;58;37;SEPTEMBER
SULAWESI BARAT;POLEWALI MANDAR;MATANGNGA;LILLI;52;48;SEPTEMBER
SULAWESI BARAT;POLEWALI MANDAR;MATANGNGA;RANGOAN;69;47;SEPTEMBER
SULAWESI BARAT;POLEWALI MANDAR;MATANGNGA;TAPUA;133;76;SEPTEMBER
SULAWESI BARAT;POLEWALI MANDAR;MATANGNGA;MAMBU TAPUA;50;43;SEPTEMBER
SULAWESI BARAT;POLEWALI MANDAR;MATANGNGA;BA'BA TAPUA;45;38;SEPTEMBER
SULAWESI BARAT;POLEWALI MANDAR;MATANGNGA;KATIMBANG;45;37;SEPTEMBER
SULAWESI BARAT;POLEWALI MANDAR;POLEWALI;POLEWALI;359;277;SEPTEMBER
SULAWESI BARAT;POLEWALI MANDAR;POLEWALI;WATTANG;226;164;SEPTEMBER
SULAWESI BARAT;POLEWALI MANDAR;POLEWALI;SULEWATANG;293;214;SEPTEMBER
SULAWESI BARAT;POLEWALI MANDAR;POLEWALI;LANTORA;289;169;SEPTEMBER
SULAWESI BARAT;POLEWALI MANDAR;POLEWALI;TAKATIDUNG;525;451;SEPTEMBER
SULAWESI BARAT;POLEWALI MANDAR;POLEWALI;PEKKABATA;;;SEPTEMBER
SULAWESI BARAT;POLEWALI MANDAR;POLEWALI;MADATE;546;483;SEPTEMBER
SULAWESI BARAT;POLEWALI MANDAR;POLEWALI;MANDING;331;280;SEPTEMBER
SULAWESI BARAT;POLEWALI MANDAR;POLEWALI;DARMA;647;601;SEPTEMBER
SULAWESI BARAT;POLEWALI MANDAR;TAPANGO;PELITAKAN;;;SEPTEMBER
SULAWESI BARAT;POLEWALI MANDAR;TAPANGO;TAPANGO;;;SEPTEMBER
SULAWESI BARAT;POLEWALI MANDAR;TAPANGO;RAPPANG;;;SEPTEMBER
SULAWESI BARAT;POLEWALI MANDAR;TAPANGO;DAKKA;;;SEPTEMBER
SULAWESI BARAT;POLEWALI MANDAR;TAPANGO;BATU;;;SEPTEMBER
SULAWESI BARAT;POLEWALI MANDAR;TAPANGO;RISO;;;SEPTEMBER
SULAWESI BARAT;POLEWALI MANDAR;TAPANGO;PALATTA;92;69;SEPTEMBER
SULAWESI BARAT;POLEWALI MANDAR;TAPANGO;TAPANGO BARAT;;;SEPTEMBER
SULAWESI BARAT;POLEWALI MANDAR;TAPANGO;KURRAK;;;SEPTEMBER
SULAWESI BARAT;POLEWALI MANDAR;TAPANGO;BUSSU;;;SEPTEMBER
SULAWESI BARAT;POLEWALI MANDAR;TAPANGO;TUTTULA;;;SEPTEMBER
SULAWESI BARAT;POLEWALI MANDAR;TAPANGO;JAMBU MALEA;;;SEPTEMBER
SULAWESI BARAT;POLEWALI MANDAR;TAPANGO;KALIMBUA;;;SEPTEMBER
SULAWESI BARAT;POLEWALI MANDAR;TAPANGO;BANATO REJO;;;SEPTEMBER
SULAWESI BARAT;POLEWALI MANDAR;TINAMBUNG;TINAMBUNG;211;139;SEPTEMBER
SULAWESI BARAT;POLEWALI MANDAR;TINAMBUNG;KARAMA;488;281;SEPTEMBER
SULAWESI BARAT;POLEWALI MANDAR;TINAMBUNG;TANGNGA TANGNGA;336;232;SEPTEMBER
SULAWESI BARAT;POLEWALI MANDAR;TINAMBUNG;LEKOPADIS;240;179;SEPTEMBER
SULAWESI BARAT;POLEWALI MANDAR;TINAMBUNG;GALUNG LOMBOK;165;162;SEPTEMBER
SULAWESI BARAT;POLEWALI MANDAR;TINAMBUNG;TANDUNG;284;142;SEPTEMBER
SULAWESI BARAT;POLEWALI MANDAR;TINAMBUNG;BATULAYA;;;SEPTEMBER
SULAWESI BARAT;POLEWALI MANDAR;TINAMBUNG;SEPABATU;132;86;SEPTEMBER
SULAWESI BARAT;POLEWALI MANDAR;TUTAR;TARAMANU;132;49;SEPTEMBER
SULAWESI BARAT;POLEWALI MANDAR;TUTAR;AMBOPADANG;229;123;SEPTEMBER
SULAWESI BARAT;POLEWALI MANDAR;TUTAR;TUBBI;141;101;SEPTEMBER
SULAWESI BARAT;POLEWALI MANDAR;TUTAR;RATTE;192;89;SEPTEMBER
SULAWESI BARAT;POLEWALI MANDAR;TUTAR;BESOANGIN;80;68;SEPTEMBER
SULAWESI BARAT;POLEWALI MANDAR;TUTAR;PIRIANG TAPIKO;148;112;SEPTEMBER
SULAWESI BARAT;POLEWALI MANDAR;TUTAR;PEBURRU;180;134;SEPTEMBER
SULAWESI BARAT;POLEWALI MANDAR;TUTAR;TALOBA;132;73;SEPTEMBER
SULAWESI BARAT;POLEWALI MANDAR;TUTAR;POLLEWANI;224;107;SEPTEMBER
SULAWESI BARAT;POLEWALI MANDAR;TUTAR;ARABUA;90;82;SEPTEMBER
SULAWESI BARAT;POLEWALI MANDAR;TUTAR;BESOANGIN UTARA;107;41;SEPTEMBER
SULAWESI BARAT;POLEWALI MANDAR;TUTAR;PODA;123;61;SEPTEMBER
SULAWESI BARAT;POLEWALI MANDAR;TUTAR;TARAMANU TUA;134;90;SEPTEMBER
SULAWESI BARAT;POLEWALI MANDAR;WONOMULYO;SIDODADI;;;SEPTEMBER
SULAWESI BARAT;POLEWALI MANDAR;WONOMULYO;SIDOREJO;280;172;SEPTEMBER
SULAWESI BARAT;POLEWALI MANDAR;WONOMULYO;SUMBEREJO;;;SEPTEMBER
SULAWESI BARAT;POLEWALI MANDAR;WONOMULYO;BUMIAYU;184;177;SEPTEMBER
SULAWESI BARAT;POLEWALI MANDAR;WONOMULYO;KEBUNSARI;127;116;SEPTEMBER
SULAWESI BARAT;POLEWALI MANDAR;WONOMULYO;BANUA BARU;;;SEPTEMBER
SULAWESI BARAT;POLEWALI MANDAR;WONOMULYO;NEPO;187;163;SEPTEMBER
SULAWESI BARAT;POLEWALI MANDAR;WONOMULYO;SUGIHWARAS;;;SEPTEMBER
SULAWESI BARAT;POLEWALI MANDAR;WONOMULYO;CAMPURJO;;;SEPTEMBER
SULAWESI BARAT;POLEWALI MANDAR;WONOMULYO;BUMIMULYO;112;110;SEPTEMBER
SULAWESI BARAT;POLEWALI MANDAR;WONOMULYO;TUMPILING;191;154;SEPTEMBER
SULAWESI BARAT;POLEWALI MANDAR;WONOMULYO;BAKKA-BAKKA;;;SEPTEMBER
SULAWESI BARAT;POLEWALI MANDAR;WONOMULYO;ARJO SARI;105;105;SEPTEMBER
SULAWESI BARAT;POLEWALI MANDAR;WONOMULYO;GALESON;;;SEPTEMBER
SULAWESI BARAT;MAMUJU;MAMUJU;BINANGA;;;SEPTEMBER
SULAWESI BARAT;MAMUJU;MAMUJU;MAMUNYU;623;175;SEPTEMBER
SULAWESI BARAT;MAMUJU;MAMUJU;KAREMA;633;232;SEPTEMBER
SULAWESI BARAT;MAMUJU;MAMUJU;RIMUKU;;;SEPTEMBER
SULAWESI BARAT;MAMUJU;MAMUJU;BAMBU;428;253;SEPTEMBER
SULAWESI BARAT;MAMUJU;MAMUJU;KARAMPUANG;304;258;SEPTEMBER
SULAWESI BARAT;MAMUJU;MAMUJU;TADUI;329;173;SEPTEMBER
SULAWESI BARAT;MAMUJU;MAMUJU;BATU PANNU;165;130;SEPTEMBER
SULAWESI BARAT;MAMUJU;TAPALANG;GALUNG;268;253;SEPTEMBER
SULAWESI BARAT;MAMUJU;TAPALANG;KASAMBANG;188;145;SEPTEMBER
SULAWESI BARAT;MAMUJU;TAPALANG;DAYANGINNA;;;SEPTEMBER
SULAWESI BARAT;MAMUJU;TAPALANG;OROBATU;;;SEPTEMBER
SULAWESI BARAT;MAMUJU;TAPALANG;TAKANDEANG;;;SEPTEMBER
SULAWESI BARAT;MAMUJU;TAPALANG;BELA;;;SEPTEMBER
SULAWESI BARAT;MAMUJU;TAPALANG;TAAN;286;194;SEPTEMBER
SULAWESI BARAT;MAMUJU;TAPALANG;TAMPALANG;186;133;SEPTEMBER
SULAWESI BARAT;MAMUJU;TAPALANG;RANTEDODA;95;89;SEPTEMBER
SULAWESI BARAT;MAMUJU;TAPALANG;KOPEANG;75;45;SEPTEMBER
SULAWESI BARAT;MAMUJU;KALUKKU;SINYONYOI;;;SEPTEMBER
SULAWESI BARAT;MAMUJU;KALUKKU;BEBANGA;;;SEPTEMBER
SULAWESI BARAT;MAMUJU;KALUKKU;KALUKKU;437;249;SEPTEMBER
SULAWESI BARAT;MAMUJU;KALUKKU;SINYONYOI SELATAN;;;SEPTEMBER
SULAWESI BARAT;MAMUJU;KALUKKU;SONDOANG;;;SEPTEMBER
SULAWESI BARAT;MAMUJU;KALUKKU;BERU-BERU;432;346;SEPTEMBER
SULAWESI BARAT;MAMUJU;KALUKKU;BELANG BELANG;359;359;SEPTEMBER
SULAWESI BARAT;MAMUJU;KALUKKU;KABULOANG;359;276;SEPTEMBER
SULAWESI BARAT;MAMUJU;KALUKKU;KEANG;;;SEPTEMBER
SULAWESI BARAT;MAMUJU;KALUKKU;POKKANG;183;180;SEPTEMBER
SULAWESI BARAT;MAMUJU;KALUKKU;GULILING;113;111;SEPTEMBER
SULAWESI BARAT;MAMUJU;KALUKKU;UHAIMATE;;;SEPTEMBER
SULAWESI BARAT;MAMUJU;KALUKKU;KALUKKU BARAT;;;SEPTEMBER
SULAWESI BARAT;MAMUJU;KALUKKU;PAMMULUKANG;;;SEPTEMBER
SULAWESI BARAT;MAMUJU;KALUMPANG;KALUMPANG;;;SEPTEMBER
SULAWESI BARAT;MAMUJU;KALUMPANG;KARATAUN;;;SEPTEMBER
SULAWESI BARAT;MAMUJU;KALUMPANG;KARAMA;;;SEPTEMBER
SULAWESI BARAT;MAMUJU;KALUMPANG;SIRAUN;;;SEPTEMBER
SULAWESI BARAT;MAMUJU;KALUMPANG;TUMOGA;;;SEPTEMBER
SULAWESI BARAT;MAMUJU;KALUMPANG;SALUMAKKI;;;SEPTEMBER
SULAWESI BARAT;MAMUJU;KALUMPANG;POLIO;;;SEPTEMBER
SULAWESI BARAT;MAMUJU;KALUMPANG;LIMBONG;;;SEPTEMBER
SULAWESI BARAT;MAMUJU;KALUMPANG;SANDAPANG;;;SEPTEMBER
SULAWESI BARAT;MAMUJU;KALUMPANG;KONDO BULO;;;SEPTEMBER
SULAWESI BARAT;MAMUJU;KALUMPANG;MAKKALIKI;;;SEPTEMBER
SULAWESI BARAT;MAMUJU;KALUMPANG;BATU MAKKADA;;;SEPTEMBER
SULAWESI BARAT;MAMUJU;KALUMPANG;LASA';;;SEPTEMBER
SULAWESI BARAT;MAMUJU;PAPALANG;TOABO;;;SEPTEMBER
SULAWESI BARAT;MAMUJU;PAPALANG;PAPALANG;465;419;SEPTEMBER
SULAWESI BARAT;MAMUJU;PAPALANG;BONDA;;;SEPTEMBER
SULAWESI BARAT;MAMUJU;PAPALANG;TOPORE;219;203;SEPTEMBER
SULAWESI BARAT;MAMUJU;PAPALANG;SALUKAYU;169;159;SEPTEMBER
SULAWESI BARAT;MAMUJU;PAPALANG;SUKADAMAI;48;48;SEPTEMBER
SULAWESI BARAT;MAMUJU;PAPALANG;BODA-BODA;118;110;SEPTEMBER
SULAWESI BARAT;MAMUJU;PAPALANG;SISANGO;56;52;SEPTEMBER
SULAWESI BARAT;MAMUJU;PAPALANG;BATU AMPA;141;140;SEPTEMBER
SULAWESI BARAT;MAMUJU;SAMPAGA;BUNDE;;;SEPTEMBER
SULAWESI BARAT;MAMUJU;SAMPAGA;KALONDING;;;SEPTEMBER
SULAWESI BARAT;MAMUJU;SAMPAGA;TARAILU;;;SEPTEMBER
SULAWESI BARAT;MAMUJU;SAMPAGA;SAMPAGA;119;104;SEPTEMBER
SULAWESI BARAT;MAMUJU;SAMPAGA;TANAMBUAH;43;42;SEPTEMBER
SULAWESI BARAT;MAMUJU;SAMPAGA;SALUBARANA;57;57;SEPTEMBER
SULAWESI BARAT;MAMUJU;SAMPAGA;LOSSO;;;SEPTEMBER
SULAWESI BARAT;MAMUJU;TOMMO;TOMMO;201;161;SEPTEMBER
SULAWESI BARAT;MAMUJU;TOMMO;CAMPALOGA;265;185;SEPTEMBER
SULAWESI BARAT;MAMUJU;TOMMO;BUANA SAKTI;;;SEPTEMBER
SULAWESI BARAT;MAMUJU;TOMMO;TAMEMONGGA;114;108;SEPTEMBER
SULAWESI BARAT;MAMUJU;TOMMO;TAMEJARRA;148;127;SEPTEMBER
SULAWESI BARAT;MAMUJU;TOMMO;RANTEMARIO;104;101;SEPTEMBER
SULAWESI BARAT;MAMUJU;TOMMO;MALINO;63;56;SEPTEMBER
SULAWESI BARAT;MAMUJU;TOMMO;KAKULLASANG;211;166;SEPTEMBER
SULAWESI BARAT;MAMUJU;TOMMO;LELING;94;78;SEPTEMBER
SULAWESI BARAT;MAMUJU;TOMMO;KALEPU;69;67;SEPTEMBER
SULAWESI BARAT;MAMUJU;TOMMO;SANDANA;105;87;SEPTEMBER
SULAWESI BARAT;MAMUJU;TOMMO;LELING BARAT;156;116;SEPTEMBER
SULAWESI BARAT;MAMUJU;TOMMO;LELING UTARA;88;71;SEPTEMBER
SULAWESI BARAT;MAMUJU;TOMMO;SALUDENGEN;98;95;SEPTEMBER
SULAWESI BARAT;MAMUJU;SIMBORO;SIMBORO;1592;324;SEPTEMBER
SULAWESI BARAT;MAMUJU;SIMBORO;RANGAS;640;276;SEPTEMBER
SULAWESI BARAT;MAMUJU;SIMBORO;BOTTENG;;;SEPTEMBER
SULAWESI BARAT;MAMUJU;SIMBORO;SALETTO;;;SEPTEMBER
SULAWESI BARAT;MAMUJU;SIMBORO;SUMARE;;;SEPTEMBER
SULAWESI BARAT;MAMUJU;SIMBORO;BOTTENG UTARA;;;SEPTEMBER
SULAWESI BARAT;MAMUJU;SIMBORO;TAPANDULLU;;;SEPTEMBER
SULAWESI BARAT;MAMUJU;SIMBORO;PATI'DI;157;99;SEPTEMBER
SULAWESI BARAT;MAMUJU;TAPALANG BARAT;DUNGKAIT;;;SEPTEMBER
SULAWESI BARAT;MAMUJU;TAPALANG BARAT;LEBANI;;;SEPTEMBER
SULAWESI BARAT;MAMUJU;TAPALANG BARAT;LABUANG RANO;;;SEPTEMBER
SULAWESI BARAT;MAMUJU;TAPALANG BARAT;PASABU;;;SEPTEMBER
SULAWESI BARAT;MAMUJU;TAPALANG BARAT;TANETE PAO;;;SEPTEMBER
SULAWESI BARAT;MAMUJU;TAPALANG BARAT;PANGASAAN;;;SEPTEMBER
SULAWESI BARAT;MAMUJU;TAPALANG BARAT;AHU;;;SEPTEMBER
SULAWESI BARAT;MAMUJU;BONEHAU;BONEHAU;;;SEPTEMBER
SULAWESI BARAT;MAMUJU;BONEHAU;SALUTIWO;;;SEPTEMBER
SULAWESI BARAT;MAMUJU;BONEHAU;BUTTUADA;;;SEPTEMBER
SULAWESI BARAT;MAMUJU;BONEHAU;TAMALEA;;;SEPTEMBER
SULAWESI BARAT;MAMUJU;BONEHAU;LUMIKA;;;SEPTEMBER
SULAWESI BARAT;MAMUJU;BONEHAU;MAPPU;;;SEPTEMBER
SULAWESI BARAT;MAMUJU;BONEHAU;BANUADA;;;SEPTEMBER
SULAWESI BARAT;MAMUJU;BONEHAU;HINUA;43;41;SEPTEMBER
SULAWESI BARAT;MAMUJU;BONEHAU;KINATANG;49;44;SEPTEMBER
SULAWESI BARAT;MAMUJU;KEP. BALA BALAKANG;BALA BALAKANG;;;SEPTEMBER
SULAWESI BARAT;MAMUJU;KEP. BALA BALAKANG;BALA-BALAKANG TIMUR;;;SEPTEMBER
SULAWESI BARAT;MAMUJU TENGAH;TOBADAK;MAHAHE;224;204;OKTOBER
SULAWESI BARAT;MAMUJU TENGAH;TOBADAK;SALOBAJA;162;162;OKTOBER
SULAWESI BARAT;MAMUJU TENGAH;TOBADAK;TOBADAK;700;379;OKTOBER
SULAWESI BARAT;MAMUJU TENGAH;TOBADAK;PALONGAAN;182;182;OKTOBER
SULAWESI BARAT;MAMUJU TENGAH;TOBADAK;BATU PARIGI;371;318;OKTOBER
SULAWESI BARAT;MAMUJU TENGAH;TOBADAK;BAMBADARU;108;108;OKTOBER
SULAWESI BARAT;MAMUJU TENGAH;TOBADAK;SEJATI;72;69;OKTOBER
SULAWESI BARAT;MAMUJU TENGAH;TOBADAK;SALOADAK;139;135;OKTOBER
SULAWESI BARAT;MAMUJU TENGAH;PANGALE;POLO PANGALE;166;155;OKTOBER
SULAWESI BARAT;MAMUJU TENGAH;PANGALE;PANGALE;146;105;OKTOBER
SULAWESI BARAT;MAMUJU TENGAH;PANGALE;SARTANAMAJU;88;88;OKTOBER
SULAWESI BARAT;MAMUJU TENGAH;PANGALE;POLO LERENG;146;146;OKTOBER
SULAWESI BARAT;MAMUJU TENGAH;PANGALE;KUO;226;182;OKTOBER
SULAWESI BARAT;MAMUJU TENGAH;PANGALE;POLO CAMBA;81;81;OKTOBER
SULAWESI BARAT;MAMUJU TENGAH;PANGALE;LAMBA-LAMBA;103;103;OKTOBER
SULAWESI BARAT;MAMUJU TENGAH;PANGALE;KOMBILING;209;209;OKTOBER
SULAWESI BARAT;MAMUJU TENGAH;PANGALE;LEMO-LEMO;78;70;OKTOBER
SULAWESI BARAT;MAMUJU TENGAH;BUDONG-BUDONG;BABANA;636;500;OKTOBER
SULAWESI BARAT;MAMUJU TENGAH;BUDONG-BUDONG;LUMU;210;210;OKTOBER
SULAWESI BARAT;MAMUJU TENGAH;BUDONG-BUDONG;PONTANAKAYANG;293;247;OKTOBER
SULAWESI BARAT;MAMUJU TENGAH;BUDONG-BUDONG;SALOGATTA;294;294;OKTOBER
SULAWESI BARAT;MAMUJU TENGAH;BUDONG-BUDONG;KIRE;215;215;OKTOBER
SULAWESI BARAT;MAMUJU TENGAH;BUDONG-BUDONG;TINALI;129;129;OKTOBER
SULAWESI BARAT;MAMUJU TENGAH;BUDONG-BUDONG;SALUMANURUNG;148;121;OKTOBER
SULAWESI BARAT;MAMUJU TENGAH;BUDONG-BUDONG;PASAPA;117;106;OKTOBER
SULAWESI BARAT;MAMUJU TENGAH;BUDONG-BUDONG;BOJO;143;123;OKTOBER
SULAWESI BARAT;MAMUJU TENGAH;BUDONG-BUDONG;BARAKKANG;177;175;OKTOBER
SULAWESI BARAT;MAMUJU TENGAH;BUDONG-BUDONG;LEMBAH HADA;43;38;OKTOBER
SULAWESI BARAT;MAMUJU TENGAH;TOPOYO;BUDONG-BUDONG;205;184;OKTOBER
SULAWESI BARAT;MAMUJU TENGAH;TOPOYO;TOPOYO;715;715;OKTOBER
SULAWESI BARAT;MAMUJU TENGAH;TOPOYO;TUMBU;270;212;OKTOBER
SULAWESI BARAT;MAMUJU TENGAH;TOPOYO;KABUBU;177;177;OKTOBER
SULAWESI BARAT;MAMUJU TENGAH;TOPOYO;WAEPUTEH;131;131;OKTOBER
SULAWESI BARAT;MAMUJU TENGAH;TOPOYO;TANGKOU;65;65;OKTOBER
SULAWESI BARAT;MAMUJU TENGAH;TOPOYO;TABOLANG;306;300;OKTOBER
SULAWESI BARAT;MAMUJU TENGAH;TOPOYO;PARAILI;141;55;OKTOBER
SULAWESI BARAT;MAMUJU TENGAH;TOPOYO;SALUPANGKANG;154;149;OKTOBER
SULAWESI BARAT;MAMUJU TENGAH;TOPOYO;SALUPANGKANG IV;36;36;OKTOBER
SULAWESI BARAT;MAMUJU TENGAH;TOPOYO;TAPPILINA;81;80;OKTOBER
SULAWESI BARAT;MAMUJU TENGAH;TOPOYO;BAMBAMANURUNG;87;58;OKTOBER
SULAWESI BARAT;MAMUJU TENGAH;TOPOYO;SALULEKBO;212;212;OKTOBER
SULAWESI BARAT;MAMUJU TENGAH;TOPOYO;PANGALLOANG;134;134;OKTOBER
SULAWESI BARAT;MAMUJU TENGAH;TOPOYO;SINABATTA;123;83;OKTOBER
SULAWESI BARAT;MAMUJU TENGAH;KAROSSA;KAROSSA;555;415;OKTOBER
SULAWESI BARAT;MAMUJU TENGAH;KAROSSA;TASOKKO;466;354;OKTOBER
SULAWESI BARAT;MAMUJU TENGAH;KAROSSA;LARA;180;169;OKTOBER
SULAWESI BARAT;MAMUJU TENGAH;KAROSSA;KADAILA;152;135;OKTOBER
SULAWESI BARAT;MAMUJU TENGAH;KAROSSA;KAYU CALLA;59;52;OKTOBER
SULAWESI BARAT;MAMUJU TENGAH;KAROSSA;LEMBAH HOPO;126;121;OKTOBER
SULAWESI BARAT;MAMUJU TENGAH;KAROSSA;BENGGAULU;184;147;OKTOBER
SULAWESI BARAT;MAMUJU TENGAH;KAROSSA;SUKA MAJU;139;138;OKTOBER
SULAWESI BARAT;MAMUJU TENGAH;KAROSSA;KAMBUNONG;269;233;OKTOBER
SULAWESI BARAT;MAMUJU TENGAH;KAROSSA;SALUBIRO;133;105;OKTOBER
SULAWESI BARAT;MAMUJU TENGAH;KAROSSA;SANJANGO;149;138;OKTOBER
SULAWESI BARAT;PASANGKAYU;BAMBAIRA;TAMPAURE;139;137;OKTOBER
SULAWESI BARAT;PASANGKAYU;BAMBAIRA;BAMBAIRA;235;233;OKTOBER
SULAWESI BARAT;PASANGKAYU;BAMBAIRA;KASOLOANG;145;145;OKTOBER
SULAWESI BARAT;PASANGKAYU;BAMBAIRA;KALUKU NANGKA;262;262;OKTOBER
SULAWESI BARAT;PASANGKAYU;BAMBALAMOTU;RANDOMAYANG;327;288;OKTOBER
SULAWESI BARAT;PASANGKAYU;BAMBALAMOTU;BAMBALAMOTU;306;282;OKTOBER
SULAWESI BARAT;PASANGKAYU;BAMBALAMOTU;POLEWALI;340;319;OKTOBER
SULAWESI BARAT;PASANGKAYU;BAMBALAMOTU;PANGIANG;189;180;OKTOBER
SULAWESI BARAT;PASANGKAYU;BAMBALAMOTU;KALOLA;373;343;OKTOBER
SULAWESI BARAT;PASANGKAYU;BAMBALAMOTU;WULAI;217;198;OKTOBER
SULAWESI BARAT;PASANGKAYU;BARAS;BARAS;164;104;OKTOBER
SULAWESI BARAT;PASANGKAYU;BARAS;BULU PARIGI;178;166;OKTOBER
SULAWESI BARAT;PASANGKAYU;BARAS;BALANTI;190;173;OKTOBER
SULAWESI BARAT;PASANGKAYU;BARAS;MOTU;452;364;OKTOBER
SULAWESI BARAT;PASANGKAYU;BARAS;TOWONI;102;99;OKTOBER
SULAWESI BARAT;PASANGKAYU;BARAS;KASANO;352;287;OKTOBER
SULAWESI BARAT;PASANGKAYU;BULU TABA;SUMBER SARI;23;22;OKTOBER
SULAWESI BARAT;PASANGKAYU;BULU TABA;LELEJAE;106;59;OKTOBER
SULAWESI BARAT;PASANGKAYU;BULU TABA;BUKIT HARAPAN;109;95;OKTOBER
SULAWESI BARAT;PASANGKAYU;BULU TABA;LILIMORI;281;141;OKTOBER
SULAWESI BARAT;PASANGKAYU;BULU TABA;KARAVE;198;120;OKTOBER
SULAWESI BARAT;PASANGKAYU;BULU TABA;KASTABUANA;126;85;OKTOBER
SULAWESI BARAT;PASANGKAYU;BULU TABA;OMPI;63;55;OKTOBER
SULAWESI BARAT;PASANGKAYU;DAPURANG;DAPURANG;434;417;OKTOBER
SULAWESI BARAT;PASANGKAYU;DAPURANG;BENGGAULU;310;299;OKTOBER
SULAWESI BARAT;PASANGKAYU;DAPURANG;TIRTABUANA;89;88;OKTOBER
SULAWESI BARAT;PASANGKAYU;DAPURANG;BULU BONGGU;188;186;OKTOBER
SULAWESI BARAT;PASANGKAYU;DAPURANG;SARASA;207;203;OKTOBER
SULAWESI BARAT;PASANGKAYU;DURIPOKU;TAMMARUNANG;227;208;OKTOBER
SULAWESI BARAT;PASANGKAYU;DURIPOKU;SAPTANAJAYA;127;77;OKTOBER
SULAWESI BARAT;PASANGKAYU;DURIPOKU;TARANGGI;72;61;OKTOBER
SULAWESI BARAT;PASANGKAYU;DURIPOKU;SIPAKAINGA;54;45;OKTOBER
SULAWESI BARAT;PASANGKAYU;LARIANG;KULU;68;47;OKTOBER
SULAWESI BARAT;PASANGKAYU;LARIANG;PARABU;81;64;OKTOBER
SULAWESI BARAT;PASANGKAYU;LARIANG;KENANGAN;29;24;OKTOBER
SULAWESI BARAT;PASANGKAYU;LARIANG;BAJAWALI;64;53;OKTOBER
SULAWESI BARAT;PASANGKAYU;LARIANG;SINGGANI;113;98;OKTOBER
SULAWESI BARAT;PASANGKAYU;LARIANG;BATU MATORU;90;67;OKTOBER
SULAWESI BARAT;PASANGKAYU;LARIANG;BAMBAKORO;113;94;OKTOBER
SULAWESI BARAT;PASANGKAYU;PASANGKAYU;KARYA BERSAMA;278;266;OKTOBER
SULAWESI BARAT;PASANGKAYU;PASANGKAYU;AKO;271;241;OKTOBER
SULAWESI BARAT;PASANGKAYU;PASANGKAYU;PASANGKAYU;1029;775;OKTOBER
SULAWESI BARAT;PASANGKAYU;PASANGKAYU;MARTAJAYA;125;103;OKTOBER
SULAWESI BARAT;PASANGKAYU;PASANGKAYU;PAKAVA;172;140;OKTOBER
SULAWESI BARAT;PASANGKAYU;PASANGKAYU;GUNUNG SARI;327;287;OKTOBER
SULAWESI BARAT;PASANGKAYU;PEDONGGA;MALEI;142;111;OKTOBER
SULAWESI BARAT;PASANGKAYU;PEDONGGA;PEDANDA;96;87;OKTOBER
SULAWESI BARAT;PASANGKAYU;PEDONGGA;BATU OGE;85;55;OKTOBER
SULAWESI BARAT;PASANGKAYU;PEDONGGA;MARTASARI;337;283;OKTOBER
SULAWESI BARAT;PASANGKAYU;SARJO;SARJO;203;203;OKTOBER
SULAWESI BARAT;PASANGKAYU;SARJO;MAPONU;118;118;OKTOBER
SULAWESI BARAT;PASANGKAYU;SARJO;LETAWA;201;201;OKTOBER
SULAWESI BARAT;PASANGKAYU;SARJO;SARUDE;169;169;OKTOBER
SULAWESI BARAT;PASANGKAYU;SARUDU;DODA;206;160;OKTOBER
SULAWESI BARAT;PASANGKAYU;SARUDU;SARUDU;527;380;OKTOBER
SULAWESI BARAT;PASANGKAYU;SARUDU;BULU MARIO;339;282;OKTOBER
SULAWESI BARAT;PASANGKAYU;SARUDU;KUMASARI;175;170;OKTOBER
SULAWESI BARAT;PASANGKAYU;SARUDU;PATIKA;49;41;OKTOBER
SULAWESI BARAT;PASANGKAYU;TIKKE RAYA;MAKMUR JAYA;329;279;OKTOBER
SULAWESI BARAT;PASANGKAYU;TIKKE RAYA;LARIANG;312;263;OKTOBER
SULAWESI BARAT;PASANGKAYU;TIKKE RAYA;TIKKE;241;201;OKTOBER
SULAWESI BARAT;PASANGKAYU;TIKKE RAYA;PAJALELE;232;167;OKTOBER
SULAWESI BARAT;PASANGKAYU;TIKKE RAYA;JENGENG RAYA;222;157;OKTOBER
SULAWESI BARAT;MAJENE;BANGGAE;BANGGAE;332;97;OKTOBER
SULAWESI BARAT;MAJENE;BANGGAE;BARU;406;284;OKTOBER
SULAWESI BARAT;MAJENE;BANGGAE;PANGALI ALI;817;430;OKTOBER
SULAWESI BARAT;MAJENE;BANGGAE;TOTOLI;405;275;OKTOBER
SULAWESI BARAT;MAJENE;BANGGAE;RANGAS;733;376;OKTOBER
SULAWESI BARAT;MAJENE;BANGGAE;GALUNG;257;154;OKTOBER
SULAWESI BARAT;MAJENE;BANGGAE;PALIPI SOREANG;226;215;OKTOBER
SULAWESI BARAT;MAJENE;BANGGAE;PAMBOBORANG;239;177;OKTOBER
SULAWESI BARAT;MAJENE;BANGGAE TIMUR;BAURUNG;514;464;OKTOBER
SULAWESI BARAT;MAJENE;BANGGAE TIMUR;BARUGA;150;100;OKTOBER
SULAWESI BARAT;MAJENE;BANGGAE TIMUR;BARUGA DHUA;140;122;OKTOBER
SULAWESI BARAT;MAJENE;BANGGAE TIMUR;LABUANG;254;219;OKTOBER
SULAWESI BARAT;MAJENE;BANGGAE TIMUR;TANDE;91;85;OKTOBER
SULAWESI BARAT;MAJENE;BANGGAE TIMUR;LEMBANG;416;304;OKTOBER
SULAWESI BARAT;MAJENE;BANGGAE TIMUR;LABUANG UTARA;389;276;OKTOBER
SULAWESI BARAT;MAJENE;BANGGAE TIMUR;TANDE TIMUR;127;118;OKTOBER
SULAWESI BARAT;MAJENE;BANGGAE TIMUR;BUTTU BARUGA;92;92;OKTOBER
SULAWESI BARAT;MAJENE;MALUNDA;MALUNDA;;;OKTOBER
SULAWESI BARAT;MAJENE;MALUNDA;LAMUNGANG BATU;;;OKTOBER
SULAWESI BARAT;MAJENE;MALUNDA;BAMBANGAN;;;OKTOBER
SULAWESI BARAT;MAJENE;MALUNDA;LOMBANG;120;94;OKTOBER
SULAWESI BARAT;MAJENE;MALUNDA;LOMBONG;;;OKTOBER
SULAWESI BARAT;MAJENE;MALUNDA;MEKKATTA;;;OKTOBER
SULAWESI BARAT;MAJENE;MALUNDA;MALIAYA;;;OKTOBER
SULAWESI BARAT;MAJENE;MALUNDA;LOMBANG TIMUR;101;70;OKTOBER
SULAWESI BARAT;MAJENE;MALUNDA;SALUTAHONGAN;;;OKTOBER
SULAWESI BARAT;MAJENE;MALUNDA;LOMBONG TIMUR;101;97;OKTOBER
SULAWESI BARAT;MAJENE;MALUNDA;MEKKATTA SELATAN;;;OKTOBER
SULAWESI BARAT;MAJENE;MALUNDA;KAYUANGIN;;;OKTOBER
SULAWESI BARAT;MAJENE;PAMBOANG;LALAMPANUA;125;64;OKTOBER
SULAWESI BARAT;MAJENE;PAMBOANG;SIRINDU;123;80;OKTOBER
SULAWESI BARAT;MAJENE;PAMBOANG;ADOLANG;84;83;OKTOBER
SULAWESI BARAT;MAJENE;PAMBOANG;BABABULO;;;OKTOBER
SULAWESI BARAT;MAJENE;PAMBOANG;BONDE;259;222;OKTOBER
SULAWESI BARAT;MAJENE;PAMBOANG;BETTENG;128;113;OKTOBER
SULAWESI BARAT;MAJENE;PAMBOANG;SIMBANG;; ;OKTOBER
SULAWESI BARAT;MAJENE;PAMBOANG;BONDE UTARA;;;OKTOBER
SULAWESI BARAT;MAJENE;PAMBOANG;BABABULO UTARA;99;94;OKTOBER
SULAWESI BARAT;MAJENE;PAMBOANG;BUTTU PAMBOANG;104;92;OKTOBER
SULAWESI BARAT;MAJENE;PAMBOANG;BANUA ADOLANG;139;;OKTOBER
SULAWESI BARAT;MAJENE;PAMBOANG;ADOLANG DHUA;90;;OKTOBER
SULAWESI BARAT;MAJENE;PAMBOANG;TINAMBUNG;198;176;OKTOBER
SULAWESI BARAT;MAJENE;PAMBOANG;PESULOANG;108;95;OKTOBER
SULAWESI BARAT;MAJENE;PAMBOANG;BALOMBONG;133;114;OKTOBER
SULAWESI BARAT;MAJENE;SENDANA;MOSSO;385;192;OKTOBER
SULAWESI BARAT;MAJENE;SENDANA;MOSSO DHUA;;;OKTOBER
SULAWESI BARAT;MAJENE;SENDANA;TOTOLISI SENDANA;105;85;OKTOBER
SULAWESI BARAT;MAJENE;SENDANA;TALLUBANUA;284;186;OKTOBER
SULAWESI BARAT;MAJENE;SENDANA;LALATEDZONG;96;96;OKTOBER
SULAWESI BARAT;MAJENE;SENDANA;BINANGA;89;83;OKTOBER
SULAWESI BARAT;MAJENE;SENDANA;PUTTADA;97;97;OKTOBER
SULAWESI BARAT;MAJENE;SENDANA;PAMINGGALAN;53;48;OKTOBER
SULAWESI BARAT;MAJENE;SENDANA;LEPPANGANG;55;48;OKTOBER
SULAWESI BARAT;MAJENE;SENDANA;PUNDAU;88;83;OKTOBER
SULAWESI BARAT;MAJENE;SENDANA;SENDANA;;;OKTOBER
SULAWESI BARAT;MAJENE;SENDANA;BANUA SENDANA;111;80;OKTOBER
SULAWESI BARAT;MAJENE;SENDANA;TALLUBANUA UTARA;42;27;OKTOBER
SULAWESI BARAT;MAJENE;SENDANA;LIMBORO RAMBU-RAMBU;118;98;OKTOBER
SULAWESI BARAT;MAJENE;SENDANA;LIMBUA;164;118;OKTOBER
SULAWESI BARAT;MAJENE;SENDANA;BUKIT SAMANG;138;110;OKTOBER
SULAWESI BARAT;MAJENE;TAMMERODO SENDANA;SEPPONG;;;OKTOBER
SULAWESI BARAT;MAJENE;TAMMERODO SENDANA;TAMMERODO;;;OKTOBER
SULAWESI BARAT;MAJENE;TAMMERODO SENDANA;ULIDANG;;;OKTOBER
SULAWESI BARAT;MAJENE;TAMMERODO SENDANA;TALLAMBALAO;;;OKTOBER
SULAWESI BARAT;MAJENE;TAMMERODO SENDANA;TAMMERODO UTARA;;;OKTOBER
SULAWESI BARAT;MAJENE;TAMMERODO SENDANA;MANYAMBA;;;OKTOBER
SULAWESI BARAT;MAJENE;TAMMERODO SENDANA;AWO;;;OKTOBER
SULAWESI BARAT;MAJENE;TUBO SENDANA;ONANG;348;146;OKTOBER
SULAWESI BARAT;MAJENE;TUBO SENDANA;TUBO;;;OKTOBER
SULAWESI BARAT;MAJENE;TUBO SENDANA;ONANG UTARA;117;83;OKTOBER
SULAWESI BARAT;MAJENE;TUBO SENDANA;TUBO SELATAN;108;77;OKTOBER
SULAWESI BARAT;MAJENE;TUBO SENDANA;BONDE BONDE;;;OKTOBER
SULAWESI BARAT;MAJENE;TUBO SENDANA;TUBO TENGAH;;;OKTOBER
SULAWESI BARAT;MAJENE;TUBO SENDANA;TUBO POANG;;;OKTOBER
SULAWESI BARAT;MAJENE;ULUMANDA;KABIRAAN;;;OKTOBER
SULAWESI BARAT;MAJENE;ULUMANDA;SAMBABO;;;OKTOBER
SULAWESI BARAT;MAJENE;ULUMANDA;TANDEALLO;;;OKTOBER
SULAWESI BARAT;MAJENE;ULUMANDA;ULUMANDA;;;OKTOBER
SULAWESI BARAT;MAJENE;ULUMANDA;SALUTAMBUNG;;;OKTOBER
SULAWESI BARAT;MAJENE;ULUMANDA;POPENGA;;;OKTOBER
SULAWESI BARAT;MAJENE;ULUMANDA;SULAI;;;OKTOBER
SULAWESI BARAT;MAJENE;ULUMANDA;PANGGALO;;;OKTOBER
SULAWESI BARAT;MAMASA;ARALLE;ARALLE;;;OKTOBER
SULAWESI BARAT;MAMASA;ARALLE;RALLE ANAK;;;OKTOBER
SULAWESI BARAT;MAMASA;ARALLE;PANETEAN;;;OKTOBER
SULAWESI BARAT;MAMASA;ARALLE;UHAILANU;;;OKTOBER
SULAWESI BARAT;MAMASA;ARALLE;ARALLE UTARA;;;OKTOBER
SULAWESI BARAT;MAMASA;ARALLE;UHAIDAHO;;;OKTOBER
SULAWESI BARAT;MAMASA;ARALLE;BARURU;;;OKTOBER
SULAWESI BARAT;MAMASA;ARALLE;RALLEANAK UTARA;;;OKTOBER
SULAWESI BARAT;MAMASA;ARALLE;PAMOSEANG PANGGA;;;OKTOBER
SULAWESI BARAT;MAMASA;ARALLE;KALABE;;;OKTOBER
SULAWESI BARAT;MAMASA;ARALLE;ARALLE SELATAN;46;28;OKTOBER
SULAWESI BARAT;MAMASA;ARALLE;HAHANGAN;;;OKTOBER
SULAWESI BARAT;MAMASA;BALLA;BALLA;78;50;OKTOBER
SULAWESI BARAT;MAMASA;BALLA;BALLA BARAT;38;18;OKTOBER
SULAWESI BARAT;MAMASA;BALLA;BALLA SATANETEAN;78;41;OKTOBER
SULAWESI BARAT;MAMASA;BALLA;BALLA TUMUKA;46;25;OKTOBER
SULAWESI BARAT;MAMASA;BALLA;SEPAKUAN;61;27;OKTOBER
SULAWESI BARAT;MAMASA;BALLA;PIDARA;35;20;OKTOBER
SULAWESI BARAT;MAMASA;BALLA;BAMBAPUANG;36;30;OKTOBER
SULAWESI BARAT;MAMASA;BALLA;BALLA TIMUR;19;19;OKTOBER
SULAWESI BARAT;MAMASA;BAMBANG;MOKALLANG;;;OKTOBER
SULAWESI BARAT;MAMASA;BAMBANG;MASOSO;22;18;OKTOBER
SULAWESI BARAT;MAMASA;BAMBANG;SALUASSING;71;62;OKTOBER
SULAWESI BARAT;MAMASA;BAMBANG;SALUBULO;;;OKTOBER
SULAWESI BARAT;MAMASA;BAMBANG;SALUKADI;49;26;OKTOBER
SULAWESI BARAT;MAMASA;BAMBANG;SALUKEPOPOK;57;44;OKTOBER
SULAWESI BARAT;MAMASA;BAMBANG;ULUMAMBI BARAT;;;OKTOBER
SULAWESI BARAT;MAMASA;BAMBANG;LIMBADEBATA;65;32;OKTOBER
SULAWESI BARAT;MAMASA;BAMBANG;TANETE TOMBA;30;21;OKTOBER
SULAWESI BARAT;MAMASA;BAMBANG;BAMBANG;;;OKTOBER
SULAWESI BARAT;MAMASA;BAMBANG;RANTELEMO;;;OKTOBER
SULAWESI BARAT;MAMASA;BAMBANG;SALUDENGEN;;;OKTOBER
SULAWESI BARAT;MAMASA;BAMBANG;ULUMAMBI;;;OKTOBER
SULAWESI BARAT;MAMASA;BAMBANG;BAMBANG TIMUR;;;OKTOBER
SULAWESI BARAT;MAMASA;BAMBANG;MINANGA;;;OKTOBER
SULAWESI BARAT;MAMASA;BAMBANG;SIKAMASE;52;38;OKTOBER
SULAWESI BARAT;MAMASA;BAMBANG;RANTETARIMA;10;10;OKTOBER
SULAWESI BARAT;MAMASA;BAMBANG;SALURURU;;;OKTOBER
SULAWESI BARAT;MAMASA;BAMBANG;SALUTABANG;;;OKTOBER
SULAWESI BARAT;MAMASA;BAMBANG;BALATANA;54;31;OKTOBER
SULAWESI BARAT;MAMASA;BUNTUMALANGKA;BUNTUMALANGKA;  ;;OKTOBER
SULAWESI BARAT;MAMASA;BUNTUMALANGKA;RANTEBERAN;;;OKTOBER
SULAWESI BARAT;MAMASA;BUNTUMALANGKA;KEBANGA;;;OKTOBER
SULAWESI BARAT;MAMASA;BUNTUMALANGKA;SALURINDU;;;OKTOBER
SULAWESI BARAT;MAMASA;BUNTUMALANGKA;TAORA;;;OKTOBER
SULAWESI BARAT;MAMASA;BUNTUMALANGKA;KABAE;;;OKTOBER
SULAWESI BARAT;MAMASA;BUNTUMALANGKA;SALUTAMBUN BARAT;;;OKTOBER
SULAWESI BARAT;MAMASA;BUNTUMALANGKA;PENATANGAN;;;OKTOBER
SULAWESI BARAT;MAMASA;BUNTUMALANGKA;SALUTAMBUN TIMUR;;;OKTOBER
SULAWESI BARAT;MAMASA;BUNTUMALANGKA;SALUTAMBUN;;;OKTOBER
SULAWESI BARAT;MAMASA;BUNTUMALANGKA;ARALLE TIMUR;;;OKTOBER
SULAWESI BARAT;MAMASA;MAMASA;MAMASA;266;91;OKTOBER
SULAWESI BARAT;MAMASA;MAMASA;RAMBUSARATU;160;133;OKTOBER
SULAWESI BARAT;MAMASA;MAMASA;OSANGO;172;149;OKTOBER
SULAWESI BARAT;MAMASA;MAMASA;LAMBANAN;166;130;OKTOBER
SULAWESI BARAT;MAMASA;MAMASA;LEMBANA SALULO;41;27;OKTOBER
SULAWESI BARAT;MAMASA;MAMASA;TAUPE;99;59;OKTOBER
SULAWESI BARAT;MAMASA;MAMASA;BUNTU BUDA;164;164;OKTOBER
SULAWESI BARAT;MAMASA;MAMASA;TONDOK BAKARU;142;91;OKTOBER
SULAWESI BARAT;MAMASA;MAMASA;PEBASSIAN;43;36;OKTOBER
SULAWESI BARAT;MAMASA;MAMASA;MAMBULILING;59;52;OKTOBER
SULAWESI BARAT;MAMASA;MAMASA;BOMBONG LAMBE;98;56;OKTOBER
SULAWESI BARAT;MAMASA;MAMASA;BUBUN BATU;75;68;OKTOBER
SULAWESI BARAT;MAMASA;MAMBI;MAMBI;;36;OKTOBER
SULAWESI BARAT;MAMASA;MAMBI;TALIPUKKI;;;OKTOBER
SULAWESI BARAT;MAMASA;MAMBI;RANTEBULAHAN;;;OKTOBER
SULAWESI BARAT;MAMASA;MAMBI;SONDONGLAYU;;;OKTOBER
SULAWESI BARAT;MAMASA;MAMBI;SALUBANUA;;;OKTOBER
SULAWESI BARAT;MAMASA;MAMBI;TAPALINA;;;OKTOBER
SULAWESI BARAT;MAMASA;MAMBI;SENDANA;65;35;OKTOBER
SULAWESI BARAT;MAMASA;MAMBI;PAMOSEAN;55;;OKTOBER
SULAWESI BARAT;MAMASA;MAMBI;SELUMAKA;;;OKTOBER
SULAWESI BARAT;MAMASA;MAMBI;BUJUNG MANURUNG;;;OKTOBER
SULAWESI BARAT;MAMASA;MAMBI;SALU ALO;;;OKTOBER
SULAWESI BARAT;MAMASA;MAMBI;INDOBANUA;;;OKTOBER
SULAWESI BARAT;MAMASA;MAMBI;SALUDURIAN;;;OKTOBER
SULAWESI BARAT;MAMASA;MEHALAAN;MEHALAAN;;;OKTOBER
SULAWESI BARAT;MAMASA;MEHALAAN;BOTTENG;;;OKTOBER
SULAWESI BARAT;MAMASA;MEHALAAN;SALUKONTA;;;OKTOBER
SULAWESI BARAT;MAMASA;MEHALAAN;MESAKADA;;;OKTOBER
SULAWESI BARAT;MAMASA;MEHALAAN;MEHALAAN BARAT;;;OKTOBER
SULAWESI BARAT;MAMASA;MEHALAAN;SALUAHOK;;;OKTOBER
SULAWESI BARAT;MAMASA;MEHALAAN;SALUBALO;;;OKTOBER
SULAWESI BARAT;MAMASA;MEHALAAN;PASSEMBUK;;;OKTOBER
SULAWESI BARAT;MAMASA;MEHALAAN;KONDO;;;OKTOBER
SULAWESI BARAT;MAMASA;MEHALAAN;LEKO SUKAMAJU;;;OKTOBER
SULAWESI BARAT;MAMASA;MEHALAAN;ULUMEA;;;OKTOBER
SULAWESI BARAT;MAMASA;MESSAWA;MESSAWA;;;OKTOBER
SULAWESI BARAT;MAMASA;MESSAWA;RIPPUNG;;;OKTOBER
SULAWESI BARAT;MAMASA;MESSAWA;MAKUANG;;;OKTOBER
SULAWESI BARAT;MAMASA;MESSAWA;SEPANG;;;OKTOBER
SULAWESI BARAT;MAMASA;MESSAWA;MALIMBONG;;;OKTOBER
SULAWESI BARAT;MAMASA;MESSAWA;MATANDE;;;OKTOBER
SULAWESI BARAT;MAMASA;MESSAWA;SIPAI;;;OKTOBER
SULAWESI BARAT;MAMASA;MESSAWA;PASMA MAMBU;;;OKTOBER
SULAWESI BARAT;MAMASA;MESSAWA;TANETE BATU;;;OKTOBER
SULAWESI BARAT;MAMASA;NOSU;NOSU;;;OKTOBER
SULAWESI BARAT;MAMASA;NOSU;MINANGA;40;24;OKTOBER
SULAWESI BARAT;MAMASA;NOSU;BATUPAPAN;;;OKTOBER
SULAWESI BARAT;MAMASA;NOSU;MASEWWE;;;OKTOBER
SULAWESI BARAT;MAMASA;NOSU;SIWI;43;32;OKTOBER
SULAWESI BARAT;MAMASA;NOSU;MINANGA TIMUR;;;OKTOBER
SULAWESI BARAT;MAMASA;NOSU;PARINDING;;;OKTOBER
SULAWESI BARAT;MAMASA;PANA;PANA;;;OKTOBER
SULAWESI BARAT;MAMASA;PANA;MANIPI;;;OKTOBER
SULAWESI BARAT;MAMASA;PANA;MAMULLU;;;OKTOBER
SULAWESI BARAT;MAMASA;PANA;SAPAN;;;OKTOBER
SULAWESI BARAT;MAMASA;PANA;DATUBARINGAN;;;OKTOBER
SULAWESI BARAT;MAMASA;PANA;PANURA;;;OKTOBER
SULAWESI BARAT;MAMASA;PANA;TALLANG BULAWAN;;;OKTOBER
SULAWESI BARAT;MAMASA;PANA;KARAKA;;;OKTOBER
SULAWESI BARAT;MAMASA;PANA;ULUSALU;;;OKTOBER
SULAWESI BARAT;MAMASA;PANA;WERI;;;OKTOBER
SULAWESI BARAT;MAMASA;PANA;SALUTAMBUN;;;OKTOBER
SULAWESI BARAT;MAMASA;PANA;SALOAN;;;OKTOBER
SULAWESI BARAT;MAMASA;PANA;ULUSALU INDAH;;;OKTOBER
SULAWESI BARAT;MAMASA;RANTEBULAHAN TIMUR;SALUMOKANAN;46;37;OKTOBER
SULAWESI BARAT;MAMASA;RANTEBULAHAN TIMUR;SALUMOKANAN BARAT;;;OKTOBER
SULAWESI BARAT;MAMASA;RANTEBULAHAN TIMUR;BUANGIN;;;OKTOBER
SULAWESI BARAT;MAMASA;RANTEBULAHAN TIMUR;BAMBANG BUDA;55;38;OKTOBER
SULAWESI BARAT;MAMASA;RANTEBULAHAN TIMUR;LEKO;;;OKTOBER
SULAWESI BARAT;MAMASA;RANTEBULAHAN TIMUR;KIRAK;56;43;OKTOBER
SULAWESI BARAT;MAMASA;RANTEBULAHAN TIMUR;SALUMOKANAN UTARA;41;30;OKTOBER
SULAWESI BARAT;MAMASA;RANTEBULAHAN TIMUR;SAMPALE;15;9;OKTOBER
SULAWESI BARAT;MAMASA;SESENAPADANG;OROBUA;;;OKTOBER
SULAWESI BARAT;MAMASA;SESENAPADANG;PALADAN;;;OKTOBER
SULAWESI BARAT;MAMASA;SESENAPADANG;OROBUA TIMUR;;;OKTOBER
SULAWESI BARAT;MAMASA;SESENAPADANG;RANTE PUANG;;;OKTOBER
SULAWESI BARAT;MAMASA;SESENAPADANG;SATENETEAN;;;OKTOBER
SULAWESI BARAT;MAMASA;SESENAPADANG;LISUAN ADA;;;OKTOBER
SULAWESI BARAT;MAMASA;SESENAPADANG;OROBUA SELATAN;;;OKTOBER
SULAWESI BARAT;MAMASA;SESENAPADANG;MALANGKENA PADANG;;;OKTOBER
SULAWESI BARAT;MAMASA;SESENAPADANG;MALIMBONG;17;17;OKTOBER
SULAWESI BARAT;MAMASA;SESENAPADANG;MARAMPAN OROBUA;;;OKTOBER
SULAWESI BARAT;MAMASA;SUMARORONG;SUMARORONG;82;72;OKTOBER
SULAWESI BARAT;MAMASA;SUMARORONG;TABONE;48;23;OKTOBER
SULAWESI BARAT;MAMASA;SUMARORONG;BATANG URU;44;33;OKTOBER
SULAWESI BARAT;MAMASA;SUMARORONG;SASAKAN;62;33;OKTOBER
SULAWESI BARAT;MAMASA;SUMARORONG;TADISI;122;50;OKTOBER
SULAWESI BARAT;MAMASA;SUMARORONG;SIBANAWA;55;32;OKTOBER
SULAWESI BARAT;MAMASA;SUMARORONG;BATANGNGURU TIMUR;57;47;OKTOBER
SULAWESI BARAT;MAMASA;SUMARORONG;SALUBALO;71;64;OKTOBER
SULAWESI BARAT;MAMASA;SUMARORONG;BANEA;86;54;OKTOBER
SULAWESI BARAT;MAMASA;SUMARORONG;RANTE KAMASE;109;64;OKTOBER
SULAWESI BARAT;MAMASA;TABANG;TABANG;;;OKTOBER
SULAWESI BARAT;MAMASA;TABANG;TADOKALUA;;;OKTOBER
SULAWESI BARAT;MAMASA;TABANG;TABANG BARAT;;;OKTOBER
SULAWESI BARAT;MAMASA;TABANG;MASUPU;;;OKTOBER
SULAWESI BARAT;MAMASA;TABANG;KALAMA;;;OKTOBER
SULAWESI BARAT;MAMASA;TABANG;BAKADISURA;;;OKTOBER
SULAWESI BARAT;MAMASA;TABANG;SALUKONA;;;OKTOBER
SULAWESI BARAT;MAMASA;TABULAHAN;LAKAHANG;;;OKTOBER
SULAWESI BARAT;MAMASA;TABULAHAN;PERIANGAN;;;OKTOBER
SULAWESI BARAT;MAMASA;TABULAHAN;MALATIRO;;;OKTOBER
SULAWESI BARAT;MAMASA;TABULAHAN;TABULAHAN;;;OKTOBER
SULAWESI BARAT;MAMASA;TABULAHAN;SALULEANG;;;OKTOBER
SULAWESI BARAT;MAMASA;TABULAHAN;TAMPAK KURRA;;;OKTOBER
SULAWESI BARAT;MAMASA;TABULAHAN;GANDANG DEWATA;;;OKTOBER
SULAWESI BARAT;MAMASA;TABULAHAN;BURANA;;;OKTOBER
SULAWESI BARAT;MAMASA;TABULAHAN;SALUBAKKA;;;OKTOBER
SULAWESI BARAT;MAMASA;TABULAHAN;PANGANDARAN;;;OKTOBER
SULAWESI BARAT;MAMASA;TABULAHAN;TALOPAK;33;23;OKTOBER
SULAWESI BARAT;MAMASA;TABULAHAN;PEU';;;OKTOBER
SULAWESI BARAT;MAMASA;TABULAHAN;TIMORO;;;OKTOBER
SULAWESI BARAT;MAMASA;TABULAHAN;LAKAHANG UTAMA;;;OKTOBER
SULAWESI BARAT;MAMASA;TANDUK KALUA;MINAKE;;;OKTOBER
SULAWESI BARAT;MAMASA;TANDUK KALUA;MALABO;;;OKTOBER
SULAWESI BARAT;MAMASA;TANDUK KALUA;SINDAGAMANIK;;;OKTOBER
SULAWESI BARAT;MAMASA;TANDUK KALUA;PARONDOBULAWAN;48;32;OKTOBER
SULAWESI BARAT;MAMASA;TANDUK KALUA;TAMALANTIK;;;OKTOBER
SULAWESI BARAT;MAMASA;TANDUK KALUA;MANNABABA;;;OKTOBER
SULAWESI BARAT;MAMASA;TANDUK KALUA;MESAKADA;69;32;OKTOBER
SULAWESI BARAT;MAMASA;TANDUK KALUA;BALLABATU;;;OKTOBER
SULAWESI BARAT;MAMASA;TANDUK KALUA;PAMBE;;;OKTOBER
SULAWESI BARAT;MAMASA;TANDUK KALUA;SALURANO;;;OKTOBER
SULAWESI BARAT;MAMASA;TANDUK KALUA;TALIMBUNG;;;OKTOBER
SULAWESI BARAT;MAMASA;TANDUK KALUA;KANAN;71;41;OKTOBER
SULAWESI BARAT;MAMASA;TAWALIAN;TAWALIAN;;;OKTOBER
SULAWESI BARAT;MAMASA;TAWALIAN;TAWALIAN TIMUR;;;OKTOBER
SULAWESI BARAT;MAMASA;TAWALIAN;KARIANGO;;;OKTOBER
SULAWESI BARAT;MAMASA;TAWALIAN;RANTETANGNGA;;;OKTOBER
SULAWESI BARAT;POLEWALI MANDAR;ALLU;PETOOSANG;128;123;OKTOBER
SULAWESI BARAT;POLEWALI MANDAR;ALLU;MOMBI;167;135;OKTOBER
SULAWESI BARAT;POLEWALI MANDAR;ALLU;KALUMAMMANG;120;106;OKTOBER
SULAWESI BARAT;POLEWALI MANDAR;ALLU;PAO-PAO;161;129;OKTOBER
SULAWESI BARAT;POLEWALI MANDAR;ALLU;PUPPU URING;175;158;OKTOBER
SULAWESI BARAT;POLEWALI MANDAR;ALLU;SARAGIAN;151;111;OKTOBER
SULAWESI BARAT;POLEWALI MANDAR;ALLU;SAYOANG;48;41;OKTOBER
SULAWESI BARAT;POLEWALI MANDAR;ALLU;ALU;149;101;OKTOBER
SULAWESI BARAT;POLEWALI MANDAR;ANREAPI;ANREAPI;;;OKTOBER
SULAWESI BARAT;POLEWALI MANDAR;ANREAPI;DUAMPANUA;;;OKTOBER
SULAWESI BARAT;POLEWALI MANDAR;ANREAPI;KELAPA DUA;;;OKTOBER
SULAWESI BARAT;POLEWALI MANDAR;ANREAPI;PAPPANDANGAN;;;OKTOBER
SULAWESI BARAT;POLEWALI MANDAR;ANREAPI;KUNYI;99;98;OKTOBER
SULAWESI BARAT;POLEWALI MANDAR;BALANIPA;BALANIPA;249;199;OKTOBER
SULAWESI BARAT;POLEWALI MANDAR;BALANIPA;TAMMAJARRA;178;148;OKTOBER
SULAWESI BARAT;POLEWALI MANDAR;BALANIPA;TAMANGGALLE;220;146;OKTOBER
SULAWESI BARAT;POLEWALI MANDAR;BALANIPA;MOSSO;41;25;OKTOBER
SULAWESI BARAT;POLEWALI MANDAR;BALANIPA;GALUNG TULUK;293;236;OKTOBER
SULAWESI BARAT;POLEWALI MANDAR;BALANIPA;SABANG SUBIK;300;180;OKTOBER
SULAWESI BARAT;POLEWALI MANDAR;BALANIPA;PAMBUSUANG;481;352;OKTOBER
SULAWESI BARAT;POLEWALI MANDAR;BALANIPA;BALA;479;285;OKTOBER
SULAWESI BARAT;POLEWALI MANDAR;BALANIPA;LAMBANAN;49;40;OKTOBER
SULAWESI BARAT;POLEWALI MANDAR;BALANIPA;LEGO;110;82;OKTOBER
SULAWESI BARAT;POLEWALI MANDAR;BALANIPA;PALLIS;32;32;OKTOBER
SULAWESI BARAT;POLEWALI MANDAR;BINUANG;AMASSANGAN;296;197;OKTOBER
SULAWESI BARAT;POLEWALI MANDAR;BINUANG;TONYAMAN;439;333;OKTOBER
SULAWESI BARAT;POLEWALI MANDAR;BINUANG;KUAJANG;368;293;OKTOBER
SULAWESI BARAT;POLEWALI MANDAR;BINUANG;PAKU;168;131;OKTOBER
SULAWESI BARAT;POLEWALI MANDAR;BINUANG;MIRRING;245;195;OKTOBER
SULAWESI BARAT;POLEWALI MANDAR;BINUANG;BATETANGNGA;;;OKTOBER
SULAWESI BARAT;POLEWALI MANDAR;BINUANG;MAMMI;181;120;OKTOBER
SULAWESI BARAT;POLEWALI MANDAR;BINUANG;KALEOK;82;59;OKTOBER
SULAWESI BARAT;POLEWALI MANDAR;BINUANG;AMOLA;79;69;OKTOBER
SULAWESI BARAT;POLEWALI MANDAR;BINUANG;REA;227;149;OKTOBER
SULAWESI BARAT;POLEWALI MANDAR;BULO;BULO;;;OKTOBER
SULAWESI BARAT;POLEWALI MANDAR;BULO;PULLIWA;;;OKTOBER
SULAWESI BARAT;POLEWALI MANDAR;BULO;PATAMBANUA;;;OKTOBER
SULAWESI BARAT;POLEWALI MANDAR;BULO;KAROMBANG;;;OKTOBER
SULAWESI BARAT;POLEWALI MANDAR;BULO;DAALA TIMUR;;;OKTOBER
SULAWESI BARAT;POLEWALI MANDAR;BULO;LENGGO;;;OKTOBER
SULAWESI BARAT;POLEWALI MANDAR;BULO;SABURA;;;OKTOBER
SULAWESI BARAT;POLEWALI MANDAR;BULO;SEPPORRAKI;;;OKTOBER
SULAWESI BARAT;POLEWALI MANDAR;BULO;IHING;;;OKTOBER
SULAWESI BARAT;POLEWALI MANDAR;CAMPALAGIAN;PAPPANG;149;140;OKTOBER
SULAWESI BARAT;POLEWALI MANDAR;CAMPALAGIAN;LALIKO;318;255;OKTOBER
SULAWESI BARAT;POLEWALI MANDAR;CAMPALAGIAN;BONDE;252;173;OKTOBER
SULAWESI BARAT;POLEWALI MANDAR;CAMPALAGIAN;KATUMBANGAN LEMO;244;169;OKTOBER
SULAWESI BARAT;POLEWALI MANDAR;CAMPALAGIAN;PANYAMPA;;;OKTOBER
SULAWESI BARAT;POLEWALI MANDAR;CAMPALAGIAN;SURUANG;153;123;OKTOBER
SULAWESI BARAT;POLEWALI MANDAR;CAMPALAGIAN;LAMPOKO;275;163;OKTOBER
SULAWESI BARAT;POLEWALI MANDAR;CAMPALAGIAN;KATUMBANGAN;;;OKTOBER
SULAWESI BARAT;POLEWALI MANDAR;CAMPALAGIAN;LAPEO;224;170;OKTOBER
SULAWESI BARAT;POLEWALI MANDAR;CAMPALAGIAN;PARAPPE;;;OKTOBER
SULAWESI BARAT;POLEWALI MANDAR;CAMPALAGIAN;ONGKO;140;109;OKTOBER
SULAWESI BARAT;POLEWALI MANDAR;CAMPALAGIAN;KENJE;260;224;OKTOBER
SULAWESI BARAT;POLEWALI MANDAR;CAMPALAGIAN;SUMARRANG;446;373;OKTOBER
SULAWESI BARAT;POLEWALI MANDAR;CAMPALAGIAN;BOTTO;313;238;OKTOBER
SULAWESI BARAT;POLEWALI MANDAR;CAMPALAGIAN;GATTUNGAN;169;123;OKTOBER
SULAWESI BARAT;POLEWALI MANDAR;CAMPALAGIAN;PADANG TIMUR;127;106;OKTOBER
SULAWESI BARAT;POLEWALI MANDAR;CAMPALAGIAN;PADANG;64;57;OKTOBER
SULAWESI BARAT;POLEWALI MANDAR;CAMPALAGIAN;LAGI-AGI;224;176;OKTOBER
SULAWESI BARAT;POLEWALI MANDAR;LIMBORO;LIMBORO;128;118;OKTOBER
SULAWESI BARAT;POLEWALI MANDAR;LIMBORO;LEMBANG LEMBANG;202;202;OKTOBER
SULAWESI BARAT;POLEWALI MANDAR;LIMBORO;TANDASURA;98;98;OKTOBER
SULAWESI BARAT;POLEWALI MANDAR;LIMBORO;SAMASUNDU;98;89;OKTOBER
SULAWESI BARAT;POLEWALI MANDAR;LIMBORO;NAPO;159;153;OKTOBER
SULAWESI BARAT;POLEWALI MANDAR;LIMBORO;TODANG TODANG;68;58;OKTOBER
SULAWESI BARAT;POLEWALI MANDAR;LIMBORO;PENDULANGAN;64;52;OKTOBER
SULAWESI BARAT;POLEWALI MANDAR;LIMBORO;RENGGEANG;92;92;OKTOBER
SULAWESI BARAT;POLEWALI MANDAR;LIMBORO;SALARRI;93;93;OKTOBER
SULAWESI BARAT;POLEWALI MANDAR;LIMBORO;TANGAN BARU;95;91;OKTOBER
SULAWESI BARAT;POLEWALI MANDAR;LIMBORO;PALECE;100;96;OKTOBER
SULAWESI BARAT;POLEWALI MANDAR;LUYO;BATUPANGA;;;OKTOBER
SULAWESI BARAT;POLEWALI MANDAR;LUYO;MAMBU;;;OKTOBER
SULAWESI BARAT;POLEWALI MANDAR;LUYO;TENGGELANG;;;OKTOBER
SULAWESI BARAT;POLEWALI MANDAR;LUYO;BARU;273;200;OKTOBER
SULAWESI BARAT;POLEWALI MANDAR;LUYO;PUSSUI;;;OKTOBER
SULAWESI BARAT;POLEWALI MANDAR;LUYO;MAPILI BARAT;202;162;OKTOBER
SULAWESI BARAT;POLEWALI MANDAR;LUYO;SAMBALI WALI;;;OKTOBER
SULAWESI BARAT;POLEWALI MANDAR;LUYO;BATUPANGA DAALA;231;231;OKTOBER
SULAWESI BARAT;POLEWALI MANDAR;LUYO;LUYO;;;OKTOBER
SULAWESI BARAT;POLEWALI MANDAR;LUYO;PUSSUI BARAT;;;OKTOBER
SULAWESI BARAT;POLEWALI MANDAR;LUYO;PUCCADI;;;OKTOBER
SULAWESI BARAT;POLEWALI MANDAR;MAPILLI;MAPILI;;;OKTOBER
SULAWESI BARAT;POLEWALI MANDAR;MAPILLI;UGIBARU;;;OKTOBER
SULAWESI BARAT;POLEWALI MANDAR;MAPILLI;RUMPA;;;OKTOBER
SULAWESI BARAT;POLEWALI MANDAR;MAPILLI;KURMA;;;OKTOBER
SULAWESI BARAT;POLEWALI MANDAR;MAPILLI;BUKU;;;OKTOBER
SULAWESI BARAT;POLEWALI MANDAR;MAPILLI;BONNE BONNE;;;OKTOBER
SULAWESI BARAT;POLEWALI MANDAR;MAPILLI;BEROANGIN;;;OKTOBER
SULAWESI BARAT;POLEWALI MANDAR;MAPILLI;SEGERANG;;;OKTOBER
SULAWESI BARAT;POLEWALI MANDAR;MAPILLI;BONRA;261;257;OKTOBER
SULAWESI BARAT;POLEWALI MANDAR;MAPILLI;SATTOKO;;;OKTOBER
SULAWESI BARAT;POLEWALI MANDAR;MAPILLI;RAPPANG BARAT;;;OKTOBER
SULAWESI BARAT;POLEWALI MANDAR;MAPILLI;LANDI KANUSUANG;;;OKTOBER
SULAWESI BARAT;POLEWALI MANDAR;MATAKALI;MATAKALI;305;206;OKTOBER
SULAWESI BARAT;POLEWALI MANDAR;MATAKALI;PETAMPANUA;435;165;OKTOBER
SULAWESI BARAT;POLEWALI MANDAR;MATAKALI;BARUMBUNG;238;154;OKTOBER
SULAWESI BARAT;POLEWALI MANDAR;MATAKALI;PASIANG;350;290;OKTOBER
SULAWESI BARAT;POLEWALI MANDAR;MATAKALI;TONROLIMA;179;149;OKTOBER
SULAWESI BARAT;POLEWALI MANDAR;MATAKALI;INDOMAKKOMBONG;150;145;OKTOBER
SULAWESI BARAT;POLEWALI MANDAR;MATAKALI;BUNGA-BUNGA;;;OKTOBER
SULAWESI BARAT;POLEWALI MANDAR;MATANGNGA;MATANGNGA;60;46;OKTOBER
SULAWESI BARAT;POLEWALI MANDAR;MATANGNGA;LILLI;52;48;OKTOBER
SULAWESI BARAT;POLEWALI MANDAR;MATANGNGA;RANGOAN;69;57;OKTOBER
SULAWESI BARAT;POLEWALI MANDAR;MATANGNGA;TAPUA;122;97;OKTOBER
SULAWESI BARAT;POLEWALI MANDAR;MATANGNGA;MAMBU TAPUA;53;40;OKTOBER
SULAWESI BARAT;POLEWALI MANDAR;MATANGNGA;BA'BA TAPUA;49;38;OKTOBER
SULAWESI BARAT;POLEWALI MANDAR;MATANGNGA;KATIMBANG;47;34;OKTOBER
SULAWESI BARAT;POLEWALI MANDAR;POLEWALI;POLEWALI;359;269;OKTOBER
SULAWESI BARAT;POLEWALI MANDAR;POLEWALI;WATTANG;266;170;OKTOBER
SULAWESI BARAT;POLEWALI MANDAR;POLEWALI;SULEWATANG;293;231;OKTOBER
SULAWESI BARAT;POLEWALI MANDAR;POLEWALI;LANTORA;289;177;OKTOBER
SULAWESI BARAT;POLEWALI MANDAR;POLEWALI;TAKATIDUNG;525;469;OKTOBER
SULAWESI BARAT;POLEWALI MANDAR;POLEWALI;PEKKABATA;;;OKTOBER
SULAWESI BARAT;POLEWALI MANDAR;POLEWALI;MADATE;546;477;OKTOBER
SULAWESI BARAT;POLEWALI MANDAR;POLEWALI;MANDING;339;229;OKTOBER
SULAWESI BARAT;POLEWALI MANDAR;POLEWALI;DARMA;648;595;OKTOBER
SULAWESI BARAT;POLEWALI MANDAR;TAPANGO;PELITAKAN;;;OKTOBER
SULAWESI BARAT;POLEWALI MANDAR;TAPANGO;TAPANGO;;;OKTOBER
SULAWESI BARAT;POLEWALI MANDAR;TAPANGO;RAPPANG;;;OKTOBER
SULAWESI BARAT;POLEWALI MANDAR;TAPANGO;DAKKA;;;OKTOBER
SULAWESI BARAT;POLEWALI MANDAR;TAPANGO;BATU;;;OKTOBER
SULAWESI BARAT;POLEWALI MANDAR;TAPANGO;RISO;;;OKTOBER
SULAWESI BARAT;POLEWALI MANDAR;TAPANGO;PALATTA;92;73;OKTOBER
SULAWESI BARAT;POLEWALI MANDAR;TAPANGO;TAPANGO BARAT;;;OKTOBER
SULAWESI BARAT;POLEWALI MANDAR;TAPANGO;KURRAK;;;OKTOBER
SULAWESI BARAT;POLEWALI MANDAR;TAPANGO;BUSSU;;;OKTOBER
SULAWESI BARAT;POLEWALI MANDAR;TAPANGO;TUTTULA;;;OKTOBER
SULAWESI BARAT;POLEWALI MANDAR;TAPANGO;JAMBU MALEA;;;OKTOBER
SULAWESI BARAT;POLEWALI MANDAR;TAPANGO;KALIMBUA;;;OKTOBER
SULAWESI BARAT;POLEWALI MANDAR;TAPANGO;BANATO REJO;;;OKTOBER
SULAWESI BARAT;POLEWALI MANDAR;TINAMBUNG;TINAMBUNG;214;124;OKTOBER
SULAWESI BARAT;POLEWALI MANDAR;TINAMBUNG;KARAMA;480;298;OKTOBER
SULAWESI BARAT;POLEWALI MANDAR;TINAMBUNG;TANGNGA TANGNGA;330;246;OKTOBER
SULAWESI BARAT;POLEWALI MANDAR;TINAMBUNG;LEKOPADIS;244;185;OKTOBER
SULAWESI BARAT;POLEWALI MANDAR;TINAMBUNG;GALUNG LOMBOK;165;160;OKTOBER
SULAWESI BARAT;POLEWALI MANDAR;TINAMBUNG;TANDUNG;280;149;OKTOBER
SULAWESI BARAT;POLEWALI MANDAR;TINAMBUNG;BATULAYA;;;OKTOBER
SULAWESI BARAT;POLEWALI MANDAR;TINAMBUNG;SEPABATU;131;83;OKTOBER
SULAWESI BARAT;POLEWALI MANDAR;TUTAR;TARAMANU;126;68;OKTOBER
SULAWESI BARAT;POLEWALI MANDAR;TUTAR;AMBOPADANG;229;129;OKTOBER
SULAWESI BARAT;POLEWALI MANDAR;TUTAR;TUBBI;157;107;OKTOBER
SULAWESI BARAT;POLEWALI MANDAR;TUTAR;RATTE;196;83;OKTOBER
SULAWESI BARAT;POLEWALI MANDAR;TUTAR;BESOANGIN;76;67;OKTOBER
SULAWESI BARAT;POLEWALI MANDAR;TUTAR;PIRIANG TAPIKO;161;118;OKTOBER
SULAWESI BARAT;POLEWALI MANDAR;TUTAR;PEBURRU;184;132;OKTOBER
SULAWESI BARAT;POLEWALI MANDAR;TUTAR;TALOBA;123;72;OKTOBER
SULAWESI BARAT;POLEWALI MANDAR;TUTAR;POLLEWANI;238;106;OKTOBER
SULAWESI BARAT;POLEWALI MANDAR;TUTAR;ARABUA;91;89;OKTOBER
SULAWESI BARAT;POLEWALI MANDAR;TUTAR;BESOANGIN UTARA;115;38;OKTOBER
SULAWESI BARAT;POLEWALI MANDAR;TUTAR;PODA;126;66;OKTOBER
SULAWESI BARAT;POLEWALI MANDAR;TUTAR;TARAMANU TUA;129;91;OKTOBER
SULAWESI BARAT;POLEWALI MANDAR;WONOMULYO;SIDODADI;;;OKTOBER
SULAWESI BARAT;POLEWALI MANDAR;WONOMULYO;SIDOREJO;288;184;OKTOBER
SULAWESI BARAT;POLEWALI MANDAR;WONOMULYO;SUMBEREJO;;;OKTOBER
SULAWESI BARAT;POLEWALI MANDAR;WONOMULYO;BUMIAYU;;;OKTOBER
SULAWESI BARAT;POLEWALI MANDAR;WONOMULYO;KEBUNSARI;128;124;OKTOBER
SULAWESI BARAT;POLEWALI MANDAR;WONOMULYO;BANUA BARU;;;OKTOBER
SULAWESI BARAT;POLEWALI MANDAR;WONOMULYO;NEPO;190;172;OKTOBER
SULAWESI BARAT;POLEWALI MANDAR;WONOMULYO;SUGIHWARAS;;;OKTOBER
SULAWESI BARAT;POLEWALI MANDAR;WONOMULYO;CAMPURJO;;;OKTOBER
SULAWESI BARAT;POLEWALI MANDAR;WONOMULYO;BUMIMULYO;114;105;OKTOBER
SULAWESI BARAT;POLEWALI MANDAR;WONOMULYO;TUMPILING;190;152;OKTOBER
SULAWESI BARAT;POLEWALI MANDAR;WONOMULYO;BAKKA-BAKKA;;;OKTOBER
SULAWESI BARAT;POLEWALI MANDAR;WONOMULYO;ARJO SARI;;;OKTOBER
SULAWESI BARAT;POLEWALI MANDAR;WONOMULYO;GALESON;;;OKTOBER
SULAWESI BARAT;MAMUJU;MAMUJU;BINANGA;;;OKTOBER
SULAWESI BARAT;MAMUJU;MAMUJU;MAMUNYU;623;157;OKTOBER
SULAWESI BARAT;MAMUJU;MAMUJU;KAREMA;634;;OKTOBER
SULAWESI BARAT;MAMUJU;MAMUJU;RIMUKU;;;OKTOBER
SULAWESI BARAT;MAMUJU;MAMUJU;BAMBU;429;241;OKTOBER
SULAWESI BARAT;MAMUJU;MAMUJU;KARAMPUANG;306;272;OKTOBER
SULAWESI BARAT;MAMUJU;MAMUJU;TADUI;335;170;OKTOBER
SULAWESI BARAT;MAMUJU;MAMUJU;BATU PANNU;162;131;OKTOBER
SULAWESI BARAT;MAMUJU;TAPALANG;GALUNG;268;261;OKTOBER
SULAWESI BARAT;MAMUJU;TAPALANG;KASAMBANG;189;140;OKTOBER
SULAWESI BARAT;MAMUJU;TAPALANG;DAYANGINNA;;;OKTOBER
SULAWESI BARAT;MAMUJU;TAPALANG;OROBATU;;;OKTOBER
SULAWESI BARAT;MAMUJU;TAPALANG;TAKANDEANG;;;OKTOBER
SULAWESI BARAT;MAMUJU;TAPALANG;BELA;;;OKTOBER
SULAWESI BARAT;MAMUJU;TAPALANG;TAAN;287;197;OKTOBER
SULAWESI BARAT;MAMUJU;TAPALANG;TAMPALANG;183;144;OKTOBER
SULAWESI BARAT;MAMUJU;TAPALANG;RANTEDODA;95;79;OKTOBER
SULAWESI BARAT;MAMUJU;TAPALANG;KOPEANG;72;47;OKTOBER
SULAWESI BARAT;MAMUJU;KALUKKU;SINYONYOI;;;OKTOBER
SULAWESI BARAT;MAMUJU;KALUKKU;BEBANGA;;;OKTOBER
SULAWESI BARAT;MAMUJU;KALUKKU;KALUKKU;439;247;OKTOBER
SULAWESI BARAT;MAMUJU;KALUKKU;SINYONYOI SELATAN;;;OKTOBER
SULAWESI BARAT;MAMUJU;KALUKKU;SONDOANG;;;OKTOBER
SULAWESI BARAT;MAMUJU;KALUKKU;BERU-BERU;420;343;OKTOBER
SULAWESI BARAT;MAMUJU;KALUKKU;BELANG BELANG;359;359;OKTOBER
SULAWESI BARAT;MAMUJU;KALUKKU;KABULOANG;361;271;OKTOBER
SULAWESI BARAT;MAMUJU;KALUKKU;KEANG;;;OKTOBER
SULAWESI BARAT;MAMUJU;KALUKKU;POKKANG;185;177;OKTOBER
SULAWESI BARAT;MAMUJU;KALUKKU;GULILING;110;108;OKTOBER
SULAWESI BARAT;MAMUJU;KALUKKU;UHAIMATE;;;OKTOBER
SULAWESI BARAT;MAMUJU;KALUKKU;KALUKKU BARAT;;;OKTOBER
SULAWESI BARAT;MAMUJU;KALUKKU;PAMMULUKANG;;;OKTOBER
SULAWESI BARAT;MAMUJU;KALUMPANG;KALUMPANG;;;OKTOBER
SULAWESI BARAT;MAMUJU;KALUMPANG;KARATAUN;;;OKTOBER
SULAWESI BARAT;MAMUJU;KALUMPANG;KARAMA;;;OKTOBER
SULAWESI BARAT;MAMUJU;KALUMPANG;SIRAUN;;;OKTOBER
SULAWESI BARAT;MAMUJU;KALUMPANG;TUMOGA;;;OKTOBER
SULAWESI BARAT;MAMUJU;KALUMPANG;SALUMAKKI;;;OKTOBER
SULAWESI BARAT;MAMUJU;KALUMPANG;POLIO;;;OKTOBER
SULAWESI BARAT;MAMUJU;KALUMPANG;LIMBONG;;;OKTOBER
SULAWESI BARAT;MAMUJU;KALUMPANG;SANDAPANG;;;OKTOBER
SULAWESI BARAT;MAMUJU;KALUMPANG;KONDO BULO;;;OKTOBER
SULAWESI BARAT;MAMUJU;KALUMPANG;MAKKALIKI;;;OKTOBER
SULAWESI BARAT;MAMUJU;KALUMPANG;BATU MAKKADA;;;OKTOBER
SULAWESI BARAT;MAMUJU;KALUMPANG;LASA';;;OKTOBER
SULAWESI BARAT;MAMUJU;PAPALANG;TOABO;;;OKTOBER
SULAWESI BARAT;MAMUJU;PAPALANG;PAPALANG;469;426;OKTOBER
SULAWESI BARAT;MAMUJU;PAPALANG;BONDA;;;OKTOBER
SULAWESI BARAT;MAMUJU;PAPALANG;TOPORE;221;202;OKTOBER
SULAWESI BARAT;MAMUJU;PAPALANG;SALUKAYU;166;151;OKTOBER
SULAWESI BARAT;MAMUJU;PAPALANG;SUKADAMAI;48;48;OKTOBER
SULAWESI BARAT;MAMUJU;PAPALANG;BODA-BODA;117;110;OKTOBER
SULAWESI BARAT;MAMUJU;PAPALANG;SISANGO;56;55;OKTOBER
SULAWESI BARAT;MAMUJU;PAPALANG;BATU AMPA;141;133;OKTOBER
SULAWESI BARAT;MAMUJU;SAMPAGA;BUNDE;;;OKTOBER
SULAWESI BARAT;MAMUJU;SAMPAGA;KALONDING;;;OKTOBER
SULAWESI BARAT;MAMUJU;SAMPAGA;TARAILU;;;OKTOBER
SULAWESI BARAT;MAMUJU;SAMPAGA;SAMPAGA;120;112;OKTOBER
SULAWESI BARAT;MAMUJU;SAMPAGA;TANAMBUAH;43;42;OKTOBER
SULAWESI BARAT;MAMUJU;SAMPAGA;SALUBARANA;57;57;OKTOBER
SULAWESI BARAT;MAMUJU;SAMPAGA;LOSSO;;;OKTOBER
SULAWESI BARAT;MAMUJU;TOMMO;TOMMO;201;184;OKTOBER
SULAWESI BARAT;MAMUJU;TOMMO;CAMPALOGA;267;182;OKTOBER
SULAWESI BARAT;MAMUJU;TOMMO;BUANA SAKTI;131;110;OKTOBER
SULAWESI BARAT;MAMUJU;TOMMO;TAMEMONGGA;114;104;OKTOBER
SULAWESI BARAT;MAMUJU;TOMMO;TAMEJARRA;147;130;OKTOBER
SULAWESI BARAT;MAMUJU;TOMMO;RANTEMARIO;103;94;OKTOBER
SULAWESI BARAT;MAMUJU;TOMMO;MALINO;65;57;OKTOBER
SULAWESI BARAT;MAMUJU;TOMMO;KAKULLASANG;221;169;OKTOBER
SULAWESI BARAT;MAMUJU;TOMMO;LELING;95;79;OKTOBER
SULAWESI BARAT;MAMUJU;TOMMO;KALEPU;69;69;OKTOBER
SULAWESI BARAT;MAMUJU;TOMMO;SANDANA;106;83;OKTOBER
SULAWESI BARAT;MAMUJU;TOMMO;LELING BARAT;153;107;OKTOBER
SULAWESI BARAT;MAMUJU;TOMMO;LELING UTARA;88;81;OKTOBER
SULAWESI BARAT;MAMUJU;TOMMO;SALUDENGEN;98;97;OKTOBER
SULAWESI BARAT;MAMUJU;SIMBORO;SIMBORO;1912;334;OKTOBER
SULAWESI BARAT;MAMUJU;SIMBORO;RANGAS;646;317;OKTOBER
SULAWESI BARAT;MAMUJU;SIMBORO;BOTTENG;;;OKTOBER
SULAWESI BARAT;MAMUJU;SIMBORO;SALETTO;;;OKTOBER
SULAWESI BARAT;MAMUJU;SIMBORO;SUMARE;;;OKTOBER
SULAWESI BARAT;MAMUJU;SIMBORO;BOTTENG UTARA;;;OKTOBER
SULAWESI BARAT;MAMUJU;SIMBORO;TAPANDULLU;;;OKTOBER
SULAWESI BARAT;MAMUJU;SIMBORO;PATI'DI;163;74;OKTOBER
SULAWESI BARAT;MAMUJU;TAPALANG BARAT;DUNGKAIT;;;OKTOBER
SULAWESI BARAT;MAMUJU;TAPALANG BARAT;LEBANI;;;OKTOBER
SULAWESI BARAT;MAMUJU;TAPALANG BARAT;LABUANG RANO;;;OKTOBER
SULAWESI BARAT;MAMUJU;TAPALANG BARAT;PASABU;;;OKTOBER
SULAWESI BARAT;MAMUJU;TAPALANG BARAT;TANETE PAO;;;OKTOBER
SULAWESI BARAT;MAMUJU;TAPALANG BARAT;PANGASAAN;;;OKTOBER
SULAWESI BARAT;MAMUJU;TAPALANG BARAT;AHU;;;OKTOBER
SULAWESI BARAT;MAMUJU;BONEHAU;BONEHAU;;;OKTOBER
SULAWESI BARAT;MAMUJU;BONEHAU;SALUTIWO;;;OKTOBER
SULAWESI BARAT;MAMUJU;BONEHAU;BUTTUADA;;;OKTOBER
SULAWESI BARAT;MAMUJU;BONEHAU;TAMALEA;;;OKTOBER
SULAWESI BARAT;MAMUJU;BONEHAU;LUMIKA;;;OKTOBER
SULAWESI BARAT;MAMUJU;BONEHAU;MAPPU;;;OKTOBER
SULAWESI BARAT;MAMUJU;BONEHAU;BANUADA;;;OKTOBER
SULAWESI BARAT;MAMUJU;BONEHAU;HINUA;43;41;OKTOBER
SULAWESI BARAT;MAMUJU;BONEHAU;KINATANG;49;45;OKTOBER
SULAWESI BARAT;MAMUJU;KEP. BALA BALAKANG;BALA BALAKANG;;;OKTOBER
SULAWESI BARAT;MAMUJU;KEP. BALA BALAKANG;BALA-BALAKANG TIMUR;;;OKTOBER
