;PROVINSI;KABUPATEN;KECAMATAN;KELURAHAN;GENTING;BULAN
1;SULAWESI BARAT;MAMUJU TENGAH;TOBADAK;MAHAHE;18;SEPTEMBER
2;SULAWESI BARAT;MAMUJU TENGAH;TOBADAK;SALOBAJA;35;SEPTEMBER
3;SULAWESI BARAT;MAMUJU TENGAH;TOBADAK;TOBADAK;49;SEPTEMBER
4;SULAWESI BARAT;MAMUJU TENGAH;TOBADAK;PALONGAAN;25;SEPTEMBER
5;SULAWESI BARAT;MAMUJU TENGAH;TOBADAK;BATU PARIGI;58;SEPTEMBER
6;SULAWESI BARAT;MAMUJU TENGAH;TOBADAK;BAMBADARU;24;SEPTEMBER
7;SULAWESI BARAT;MAMUJU TENGAH;TOBADAK;SEJATI;20;SEPTEMBER
8;SULAWESI BARAT;MAMUJU TENGAH;TOBADAK;SALOADAK;22;SEPTEMBER
9;SULAWESI BARAT;MAMUJU TENGAH;PANGALE;POLO PANGALE;10;SEPTEMBER
10;SULAWESI BARAT;MAMUJU TENGAH;PANGALE;PANGALE;21;SEPTEMBER
11;SULAWESI BARAT;MAMUJU TENGAH;PANGALE;SARTANAMAJU;15;SEPTEMBER
12;SULAWESI BARAT;MAMUJU TENGAH;PANGALE;POLO LERENG;22;SEPTEMBER
13;SULAWESI BARAT;MAMUJU TENGAH;PANGALE;KUO;13;SEPTEMBER
14;SULAWESI BARAT;MAMUJU TENGAH;PANGALE;POLO CAMBA;0;SEPTEMBER
15;SULAWESI BARAT;MAMUJU TENGAH;PANGALE;LAMBA-LAMBA;16;SEPTEMBER
16;SULAWESI BARAT;MAMUJU TENGAH;PANGALE;KOMBILING;21;SEPTEMBER
17;SULAWESI BARAT;MAMUJU TENGAH;PANGALE;LEMO-LEMO;9;SEPTEMBER
18;SULAWESI BARAT;MAMUJU TENGAH;BUDONG-BUDONG;BABANA;57;SEPTEMBER
19;SULAWESI BARAT;MAMUJU TENGAH;BUDONG-BUDONG;LUMU;10;SEPTEMBER
20;SULAWESI BARAT;MAMUJU TENGAH;BUDONG-BUDONG;PONTANAKAYANG;0;SEPTEMBER
21;SULAWESI BARAT;MAMUJU TENGAH;BUDONG-BUDONG;SALOGATTA;20;SEPTEMBER
22;SULAWESI BARAT;MAMUJU TENGAH;BUDONG-BUDONG;KIRE;15;SEPTEMBER
23;SULAWESI BARAT;MAMUJU TENGAH;BUDONG-BUDONG;TINALI;8;SEPTEMBER
24;SULAWESI BARAT;MAMUJU TENGAH;BUDONG-BUDONG;SALUMANURUNG;9;SEPTEMBER
25;SULAWESI BARAT;MAMUJU TENGAH;BUDONG-BUDONG;PASAPA;7;SEPTEMBER
26;SULAWESI BARAT;MAMUJU TENGAH;BUDONG-BUDONG;BOJO;12;SEPTEMBER
27;SULAWESI BARAT;MAMUJU TENGAH;BUDONG-BUDONG;BARAKKANG;0;SEPTEMBER
28;SULAWESI BARAT;MAMUJU TENGAH;BUDONG-BUDONG;LEMBAH HADA;8;SEPTEMBER
29;SULAWESI BARAT;MAMUJU TENGAH;TOPOYO;BUDONG-BUDONG;8;SEPTEMBER
30;SULAWESI BARAT;MAMUJU TENGAH;TOPOYO;TOPOYO;19;SEPTEMBER
31;SULAWESI BARAT;MAMUJU TENGAH;TOPOYO;TUMBU;9;SEPTEMBER
32;SULAWESI BARAT;MAMUJU TENGAH;TOPOYO;KABUBU;5;SEPTEMBER
33;SULAWESI BARAT;MAMUJU TENGAH;TOPOYO;WAEPUTEH;10;SEPTEMBER
34;SULAWESI BARAT;MAMUJU TENGAH;TOPOYO;TANGKOU;11;SEPTEMBER
35;SULAWESI BARAT;MAMUJU TENGAH;TOPOYO;TABOLANG;9;SEPTEMBER
36;SULAWESI BARAT;MAMUJU TENGAH;TOPOYO;PARAILI;11;SEPTEMBER
37;SULAWESI BARAT;MAMUJU TENGAH;TOPOYO;SALUPANGKANG;11;SEPTEMBER
38;SULAWESI BARAT;MAMUJU TENGAH;TOPOYO;SALUPANGKANG IV;7;SEPTEMBER
39;SULAWESI BARAT;MAMUJU TENGAH;TOPOYO;TAPPILINA;6;SEPTEMBER
40;SULAWESI BARAT;MAMUJU TENGAH;TOPOYO;BAMBAMANURUNG;10;SEPTEMBER
41;SULAWESI BARAT;MAMUJU TENGAH;TOPOYO;SALULEKBO;3;SEPTEMBER
42;SULAWESI BARAT;MAMUJU TENGAH;TOPOYO;PANGALLOANG;20;SEPTEMBER
43;SULAWESI BARAT;MAMUJU TENGAH;TOPOYO;SINABATTA;9;SEPTEMBER
44;SULAWESI BARAT;MAMUJU TENGAH;KAROSSA;KAROSSA;34;SEPTEMBER
45;SULAWESI BARAT;MAMUJU TENGAH;KAROSSA;TASOKKO;29;SEPTEMBER
46;SULAWESI BARAT;MAMUJU TENGAH;KAROSSA;LARA;9;SEPTEMBER
47;SULAWESI BARAT;MAMUJU TENGAH;KAROSSA;KADAILA;0;SEPTEMBER
48;SULAWESI BARAT;MAMUJU TENGAH;KAROSSA;KAYU CALLA;17;SEPTEMBER
49;SULAWESI BARAT;MAMUJU TENGAH;KAROSSA;LEMBAH HOPO;17;SEPTEMBER
50;SULAWESI BARAT;MAMUJU TENGAH;KAROSSA;BENGGAULU;27;SEPTEMBER
51;SULAWESI BARAT;MAMUJU TENGAH;KAROSSA;SUKA MAJU;12;SEPTEMBER
52;SULAWESI BARAT;MAMUJU TENGAH;KAROSSA;KAMBUNONG;53;SEPTEMBER
53;SULAWESI BARAT;MAMUJU TENGAH;KAROSSA;SALUBIRO;8;SEPTEMBER
54;SULAWESI BARAT;MAMUJU TENGAH;KAROSSA;SANJANGO;0;SEPTEMBER
55;SULAWESI BARAT;PASANGKAYU;BAMBAIRA;TAMPAURE;4;SEPTEMBER
56;SULAWESI BARAT;PASANGKAYU;BAMBAIRA;BAMBAIRA;38;SEPTEMBER
57;SULAWESI BARAT;PASANGKAYU;BAMBAIRA;KASOLOANG;3;SEPTEMBER
58;SULAWESI BARAT;PASANGKAYU;BAMBAIRA;KALUKU NANGKA;41;SEPTEMBER
59;SULAWESI BARAT;PASANGKAYU;BAMBALAMOTU;RANDOMAYANG;39;SEPTEMBER
60;SULAWESI BARAT;PASANGKAYU;BAMBALAMOTU;BAMBALAMOTU;19;SEPTEMBER
61;SULAWESI BARAT;PASANGKAYU;BAMBALAMOTU;POLEWALI;5;SEPTEMBER
62;SULAWESI BARAT;PASANGKAYU;BAMBALAMOTU;PANGIANG;0;SEPTEMBER
63;SULAWESI BARAT;PASANGKAYU;BAMBALAMOTU;KALOLA;8;SEPTEMBER
64;SULAWESI BARAT;PASANGKAYU;BAMBALAMOTU;WULAI;5;SEPTEMBER
65;SULAWESI BARAT;PASANGKAYU;BARAS;BARAS;0;SEPTEMBER
66;SULAWESI BARAT;PASANGKAYU;BARAS;BULU PARIGI;0;SEPTEMBER
67;SULAWESI BARAT;PASANGKAYU;BARAS;BALANTI;9;SEPTEMBER
68;SULAWESI BARAT;PASANGKAYU;BARAS;MOTU;0;SEPTEMBER
69;SULAWESI BARAT;PASANGKAYU;BARAS;TOWONI;0;SEPTEMBER
70;SULAWESI BARAT;PASANGKAYU;BARAS;KASANO;0;SEPTEMBER
71;SULAWESI BARAT;PASANGKAYU;BULU TABA;SUMBER SARI;0;SEPTEMBER
72;SULAWESI BARAT;PASANGKAYU;BULU TABA;LELEJAE;0;SEPTEMBER
73;SULAWESI BARAT;PASANGKAYU;BULU TABA;BUKIT HARAPAN;0;SEPTEMBER
74;SULAWESI BARAT;PASANGKAYU;BULU TABA;LILIMORI;0;SEPTEMBER
75;SULAWESI BARAT;PASANGKAYU;BULU TABA;KARAVE;0;SEPTEMBER
76;SULAWESI BARAT;PASANGKAYU;BULU TABA;KASTABUANA;0;SEPTEMBER
77;SULAWESI BARAT;PASANGKAYU;BULU TABA;OMPI;0;SEPTEMBER
78;SULAWESI BARAT;PASANGKAYU;DAPURANG;DAPURANG;0;SEPTEMBER
79;SULAWESI BARAT;PASANGKAYU;DAPURANG;BENGGAULU;0;SEPTEMBER
80;SULAWESI BARAT;PASANGKAYU;DAPURANG;TIRTABUANA;0;SEPTEMBER
81;SULAWESI BARAT;PASANGKAYU;DAPURANG;BULU BONGGU;0;SEPTEMBER
82;SULAWESI BARAT;PASANGKAYU;DAPURANG;SARASA;0;SEPTEMBER
83;SULAWESI BARAT;PASANGKAYU;DURIPOKU;TAMMARUNANG;0;SEPTEMBER
84;SULAWESI BARAT;PASANGKAYU;DURIPOKU;SAPTANAJAYA;7;SEPTEMBER
85;SULAWESI BARAT;PASANGKAYU;DURIPOKU;TARANGGI;0;SEPTEMBER
86;SULAWESI BARAT;PASANGKAYU;DURIPOKU;SIPAKAINGA;1;SEPTEMBER
87;SULAWESI BARAT;PASANGKAYU;LARIANG;KULU;0;SEPTEMBER
88;SULAWESI BARAT;PASANGKAYU;LARIANG;PARABU;4;SEPTEMBER
89;SULAWESI BARAT;PASANGKAYU;LARIANG;KENANGAN;0;SEPTEMBER
90;SULAWESI BARAT;PASANGKAYU;LARIANG;BAJAWALI;0;SEPTEMBER
91;SULAWESI BARAT;PASANGKAYU;LARIANG;SINGGANI;12;SEPTEMBER
92;SULAWESI BARAT;PASANGKAYU;LARIANG;BATU MATORU;0;SEPTEMBER
93;SULAWESI BARAT;PASANGKAYU;LARIANG;BAMBAKORO;10;SEPTEMBER
94;SULAWESI BARAT;PASANGKAYU;PASANGKAYU;KARYA BERSAMA;9;SEPTEMBER
95;SULAWESI BARAT;PASANGKAYU;PASANGKAYU;AKO;0;SEPTEMBER
96;SULAWESI BARAT;PASANGKAYU;PASANGKAYU;PASANGKAYU;0;SEPTEMBER
97;SULAWESI BARAT;PASANGKAYU;PASANGKAYU;MARTAJAYA;0;SEPTEMBER
98;SULAWESI BARAT;PASANGKAYU;PASANGKAYU;PAKAVA;2;SEPTEMBER
99;SULAWESI BARAT;PASANGKAYU;PASANGKAYU;GUNUNG SARI;0;SEPTEMBER
100;SULAWESI BARAT;PASANGKAYU;PEDONGGA;MALEI;3;SEPTEMBER
101;SULAWESI BARAT;PASANGKAYU;PEDONGGA;PEDANDA;4;SEPTEMBER
102;SULAWESI BARAT;PASANGKAYU;PEDONGGA;BATU OGE;0;SEPTEMBER
103;SULAWESI BARAT;PASANGKAYU;PEDONGGA;MARTASARI;0;SEPTEMBER
104;SULAWESI BARAT;PASANGKAYU;SARJO;SARJO;0;SEPTEMBER
105;SULAWESI BARAT;PASANGKAYU;SARJO;MAPONU;3;SEPTEMBER
106;SULAWESI BARAT;PASANGKAYU;SARJO;LETAWA;0;SEPTEMBER
107;SULAWESI BARAT;PASANGKAYU;SARJO;SARUDE;0;SEPTEMBER
108;SULAWESI BARAT;PASANGKAYU;SARUDU;DODA;0;SEPTEMBER
109;SULAWESI BARAT;PASANGKAYU;SARUDU;SARUDU;0;SEPTEMBER
110;SULAWESI BARAT;PASANGKAYU;SARUDU;BULU MARIO;11;SEPTEMBER
111;SULAWESI BARAT;PASANGKAYU;SARUDU;KUMASARI;10;SEPTEMBER
112;SULAWESI BARAT;PASANGKAYU;SARUDU;PATIKA;0;SEPTEMBER
113;SULAWESI BARAT;PASANGKAYU;TIKKE RAYA;MAKMUR JAYA;0;SEPTEMBER
114;SULAWESI BARAT;PASANGKAYU;TIKKE RAYA;LARIANG;16;SEPTEMBER
115;SULAWESI BARAT;PASANGKAYU;TIKKE RAYA;TIKKE;0;SEPTEMBER
116;SULAWESI BARAT;PASANGKAYU;TIKKE RAYA;PAJALELE;0;SEPTEMBER
117;SULAWESI BARAT;PASANGKAYU;TIKKE RAYA;JENGENG RAYA;10;SEPTEMBER
118;SULAWESI BARAT;MAJENE;BANGGAE;BANGGAE;5;SEPTEMBER
119;SULAWESI BARAT;MAJENE;BANGGAE;BARU;37;SEPTEMBER
120;SULAWESI BARAT;MAJENE;BANGGAE;PANGALI ALI;59;SEPTEMBER
121;SULAWESI BARAT;MAJENE;BANGGAE;TOTOLI;65;SEPTEMBER
122;SULAWESI BARAT;MAJENE;BANGGAE;RANGAS;34;SEPTEMBER
123;SULAWESI BARAT;MAJENE;BANGGAE;GALUNG;0;SEPTEMBER
124;SULAWESI BARAT;MAJENE;BANGGAE;PALIPI SOREANG;16;SEPTEMBER
125;SULAWESI BARAT;MAJENE;BANGGAE;PAMBOBORANG;19;SEPTEMBER
126;SULAWESI BARAT;MAJENE;BANGGAE TIMUR;BAURUNG;24;SEPTEMBER
127;SULAWESI BARAT;MAJENE;BANGGAE TIMUR;BARUGA;11;SEPTEMBER
128;SULAWESI BARAT;MAJENE;BANGGAE TIMUR;BARUGA DHUA;32;SEPTEMBER
129;SULAWESI BARAT;MAJENE;BANGGAE TIMUR;LABUANG;14;SEPTEMBER
130;SULAWESI BARAT;MAJENE;BANGGAE TIMUR;TANDE;7;SEPTEMBER
131;SULAWESI BARAT;MAJENE;BANGGAE TIMUR;LEMBANG;41;SEPTEMBER
132;SULAWESI BARAT;MAJENE;BANGGAE TIMUR;LABUANG UTARA;13;SEPTEMBER
133;SULAWESI BARAT;MAJENE;BANGGAE TIMUR;TANDE TIMUR;6;SEPTEMBER
134;SULAWESI BARAT;MAJENE;BANGGAE TIMUR;BUTTU BARUGA;17;SEPTEMBER
135;SULAWESI BARAT;MAJENE;MALUNDA;MALUNDA;33;SEPTEMBER
136;SULAWESI BARAT;MAJENE;MALUNDA;LAMUNGANG BATU;9;SEPTEMBER
137;SULAWESI BARAT;MAJENE;MALUNDA;BAMBANGAN;22;SEPTEMBER
138;SULAWESI BARAT;MAJENE;MALUNDA;LOMBANG;16;SEPTEMBER
139;SULAWESI BARAT;MAJENE;MALUNDA;LOMBONG;20;SEPTEMBER
140;SULAWESI BARAT;MAJENE;MALUNDA;MEKKATTA;29;SEPTEMBER
141;SULAWESI BARAT;MAJENE;MALUNDA;MALIAYA;2;SEPTEMBER
142;SULAWESI BARAT;MAJENE;MALUNDA;LOMBANG TIMUR;3;SEPTEMBER
143;SULAWESI BARAT;MAJENE;MALUNDA;SALUTAHONGAN;0;SEPTEMBER
144;SULAWESI BARAT;MAJENE;MALUNDA;LOMBONG TIMUR;35;SEPTEMBER
145;SULAWESI BARAT;MAJENE;MALUNDA;MEKKATTA SELATAN;0;SEPTEMBER
146;SULAWESI BARAT;MAJENE;MALUNDA;KAYUANGIN;22;SEPTEMBER
147;SULAWESI BARAT;MAJENE;PAMBOANG;LALAMPANUA;10;SEPTEMBER
148;SULAWESI BARAT;MAJENE;PAMBOANG;SIRINDU;14;SEPTEMBER
149;SULAWESI BARAT;MAJENE;PAMBOANG;ADOLANG;16;SEPTEMBER
150;SULAWESI BARAT;MAJENE;PAMBOANG;BABABULO;42;SEPTEMBER
151;SULAWESI BARAT;MAJENE;PAMBOANG;BONDE;46;SEPTEMBER
152;SULAWESI BARAT;MAJENE;PAMBOANG;BETTENG;29;SEPTEMBER
153;SULAWESI BARAT;MAJENE;PAMBOANG;SIMBANG;11;SEPTEMBER
154;SULAWESI BARAT;MAJENE;PAMBOANG;BONDE UTARA;68;SEPTEMBER
155;SULAWESI BARAT;MAJENE;PAMBOANG;BABABULO UTARA;14;SEPTEMBER
156;SULAWESI BARAT;MAJENE;PAMBOANG;BUTTU PAMBOANG;17;SEPTEMBER
157;SULAWESI BARAT;MAJENE;PAMBOANG;BANUA ADOLANG;30;SEPTEMBER
158;SULAWESI BARAT;MAJENE;PAMBOANG;ADOLANG DHUA;22;SEPTEMBER
159;SULAWESI BARAT;MAJENE;PAMBOANG;TINAMBUNG;38;SEPTEMBER
160;SULAWESI BARAT;MAJENE;PAMBOANG;PESULOANG;16;SEPTEMBER
161;SULAWESI BARAT;MAJENE;PAMBOANG;BALOMBONG;0;SEPTEMBER
162;SULAWESI BARAT;MAJENE;SENDANA;MOSSO;40;SEPTEMBER
163;SULAWESI BARAT;MAJENE;SENDANA;MOSSO DHUA;24;SEPTEMBER
164;SULAWESI BARAT;MAJENE;SENDANA;TOTOLISI SENDANA;14;SEPTEMBER
165;SULAWESI BARAT;MAJENE;SENDANA;TALLUBANUA;54;SEPTEMBER
166;SULAWESI BARAT;MAJENE;SENDANA;LALATEDZONG;18;SEPTEMBER
167;SULAWESI BARAT;MAJENE;SENDANA;BINANGA;0;SEPTEMBER
168;SULAWESI BARAT;MAJENE;SENDANA;PUTTADA;11;SEPTEMBER
169;SULAWESI BARAT;MAJENE;SENDANA;PAMINGGALAN;13;SEPTEMBER
170;SULAWESI BARAT;MAJENE;SENDANA;LEPPANGANG;7;SEPTEMBER
171;SULAWESI BARAT;MAJENE;SENDANA;PUNDAU;12;SEPTEMBER
172;SULAWESI BARAT;MAJENE;SENDANA;SENDANA;3;SEPTEMBER
173;SULAWESI BARAT;MAJENE;SENDANA;BANUA SENDANA;41;SEPTEMBER
174;SULAWESI BARAT;MAJENE;SENDANA;TALLUBANUA UTARA;10;SEPTEMBER
175;SULAWESI BARAT;MAJENE;SENDANA;LIMBORO RAMBU-RAMBU;21;SEPTEMBER
176;SULAWESI BARAT;MAJENE;SENDANA;LIMBUA;7;SEPTEMBER
177;SULAWESI BARAT;MAJENE;SENDANA;BUKIT SAMANG;20;SEPTEMBER
178;SULAWESI BARAT;MAJENE;TAMMERODO SENDANA;SEPPONG;53;SEPTEMBER
179;SULAWESI BARAT;MAJENE;TAMMERODO SENDANA;TAMMERODO;62;SEPTEMBER
180;SULAWESI BARAT;MAJENE;TAMMERODO SENDANA;ULIDANG;51;SEPTEMBER
181;SULAWESI BARAT;MAJENE;TAMMERODO SENDANA;TALLAMBALAO;41;SEPTEMBER
182;SULAWESI BARAT;MAJENE;TAMMERODO SENDANA;TAMMERODO UTARA;63;SEPTEMBER
183;SULAWESI BARAT;MAJENE;TAMMERODO SENDANA;MANYAMBA;15;SEPTEMBER
184;SULAWESI BARAT;MAJENE;TAMMERODO SENDANA;AWO;72;SEPTEMBER
185;SULAWESI BARAT;MAJENE;TUBO SENDANA;ONANG;11;SEPTEMBER
186;SULAWESI BARAT;MAJENE;TUBO SENDANA;TUBO;4;SEPTEMBER
187;SULAWESI BARAT;MAJENE;TUBO SENDANA;ONANG UTARA;24;SEPTEMBER
188;SULAWESI BARAT;MAJENE;TUBO SENDANA;TUBO SELATAN;11;SEPTEMBER
189;SULAWESI BARAT;MAJENE;TUBO SENDANA;BONDE BONDE;9;SEPTEMBER
190;SULAWESI BARAT;MAJENE;TUBO SENDANA;TUBO TENGAH;15;SEPTEMBER
191;SULAWESI BARAT;MAJENE;TUBO SENDANA;TUBO POANG;12;SEPTEMBER
192;SULAWESI BARAT;MAJENE;ULUMANDA;KABIRAAN;4;SEPTEMBER
193;SULAWESI BARAT;MAJENE;ULUMANDA;SAMBABO;4;SEPTEMBER
194;SULAWESI BARAT;MAJENE;ULUMANDA;TANDEALLO;0;SEPTEMBER
195;SULAWESI BARAT;MAJENE;ULUMANDA;ULUMANDA;9;SEPTEMBER
196;SULAWESI BARAT;MAJENE;ULUMANDA;SALUTAMBUNG;8;SEPTEMBER
197;SULAWESI BARAT;MAJENE;ULUMANDA;POPENGA;0;SEPTEMBER
198;SULAWESI BARAT;MAJENE;ULUMANDA;SULAI;5;SEPTEMBER
199;SULAWESI BARAT;MAJENE;ULUMANDA;PANGGALO;3;SEPTEMBER
200;SULAWESI BARAT;MAMASA;ARALLE;ARALLE;0;SEPTEMBER
201;SULAWESI BARAT;MAMASA;ARALLE;RALLE ANAK;0;SEPTEMBER
202;SULAWESI BARAT;MAMASA;ARALLE;PANETEAN;0;SEPTEMBER
203;SULAWESI BARAT;MAMASA;ARALLE;UHAILANU;0;SEPTEMBER
204;SULAWESI BARAT;MAMASA;ARALLE;ARALLE UTARA;0;SEPTEMBER
205;SULAWESI BARAT;MAMASA;ARALLE;UHAIDAHO;0;SEPTEMBER
206;SULAWESI BARAT;MAMASA;ARALLE;BARURU;0;SEPTEMBER
207;SULAWESI BARAT;MAMASA;ARALLE;RALLEANAK UTARA;0;SEPTEMBER
208;SULAWESI BARAT;MAMASA;ARALLE;PAMOSEANG PANGGA;0;SEPTEMBER
209;SULAWESI BARAT;MAMASA;ARALLE;KALABE;0;SEPTEMBER
210;SULAWESI BARAT;MAMASA;ARALLE;ARALLE SELATAN;0;SEPTEMBER
211;SULAWESI BARAT;MAMASA;ARALLE;HAHANGAN;0;SEPTEMBER
212;SULAWESI BARAT;MAMASA;BALLA;BALLA;5;SEPTEMBER
213;SULAWESI BARAT;MAMASA;BALLA;BALLA BARAT;2;SEPTEMBER
214;SULAWESI BARAT;MAMASA;BALLA;BALLA SATANETEAN;5;SEPTEMBER
215;SULAWESI BARAT;MAMASA;BALLA;BALLA TUMUKA;0;SEPTEMBER
216;SULAWESI BARAT;MAMASA;BALLA;SEPAKUAN;2;SEPTEMBER
217;SULAWESI BARAT;MAMASA;BALLA;PIDARA;2;SEPTEMBER
218;SULAWESI BARAT;MAMASA;BALLA;BAMBAPUANG;0;SEPTEMBER
219;SULAWESI BARAT;MAMASA;BALLA;BALLA TIMUR;0;SEPTEMBER
220;SULAWESI BARAT;MAMASA;BAMBANG;MOKALLANG;2;SEPTEMBER
221;SULAWESI BARAT;MAMASA;BAMBANG;MASOSO;0;SEPTEMBER
222;SULAWESI BARAT;MAMASA;BAMBANG;SALUASSING;5;SEPTEMBER
223;SULAWESI BARAT;MAMASA;BAMBANG;SALUBULO;0;SEPTEMBER
224;SULAWESI BARAT;MAMASA;BAMBANG;SALUKADI;5;SEPTEMBER
225;SULAWESI BARAT;MAMASA;BAMBANG;SALUKEPOPOK;3;SEPTEMBER
226;SULAWESI BARAT;MAMASA;BAMBANG;ULUMAMBI BARAT;0;SEPTEMBER
227;SULAWESI BARAT;MAMASA;BAMBANG;LIMBADEBATA;2;SEPTEMBER
228;SULAWESI BARAT;MAMASA;BAMBANG;TANETE TOMBA;2;SEPTEMBER
229;SULAWESI BARAT;MAMASA;BAMBANG;BAMBANG;0;SEPTEMBER
230;SULAWESI BARAT;MAMASA;BAMBANG;RANTELEMO;3;SEPTEMBER
231;SULAWESI BARAT;MAMASA;BAMBANG;SALUDENGEN;2;SEPTEMBER
232;SULAWESI BARAT;MAMASA;BAMBANG;ULUMAMBI;0;SEPTEMBER
233;SULAWESI BARAT;MAMASA;BAMBANG;BAMBANG TIMUR;0;SEPTEMBER
234;SULAWESI BARAT;MAMASA;BAMBANG;MINANGA;0;SEPTEMBER
235;SULAWESI BARAT;MAMASA;BAMBANG;SIKAMASE;1;SEPTEMBER
236;SULAWESI BARAT;MAMASA;BAMBANG;RANTETARIMA;0;SEPTEMBER
237;SULAWESI BARAT;MAMASA;BAMBANG;SALURURU;1;SEPTEMBER
238;SULAWESI BARAT;MAMASA;BAMBANG;SALUTABANG;2;SEPTEMBER
239;SULAWESI BARAT;MAMASA;BAMBANG;BALATANA;6;SEPTEMBER
240;SULAWESI BARAT;MAMASA;BUNTUMALANGKA;BUNTUMALANGKA;5;SEPTEMBER
241;SULAWESI BARAT;MAMASA;BUNTUMALANGKA;RANTEBERAN;32;SEPTEMBER
242;SULAWESI BARAT;MAMASA;BUNTUMALANGKA;KEBANGA;7;SEPTEMBER
243;SULAWESI BARAT;MAMASA;BUNTUMALANGKA;SALURINDU;0;SEPTEMBER
244;SULAWESI BARAT;MAMASA;BUNTUMALANGKA;TAORA;7;SEPTEMBER
245;SULAWESI BARAT;MAMASA;BUNTUMALANGKA;KABAE;2;SEPTEMBER
246;SULAWESI BARAT;MAMASA;BUNTUMALANGKA;SALUTAMBUN BARAT;2;SEPTEMBER
247;SULAWESI BARAT;MAMASA;BUNTUMALANGKA;PENATANGAN;15;SEPTEMBER
248;SULAWESI BARAT;MAMASA;BUNTUMALANGKA;SALUTAMBUN TIMUR;3;SEPTEMBER
249;SULAWESI BARAT;MAMASA;BUNTUMALANGKA;SALUTAMBUN;0;SEPTEMBER
250;SULAWESI BARAT;MAMASA;BUNTUMALANGKA;ARALLE TIMUR;12;SEPTEMBER
251;SULAWESI BARAT;MAMASA;MAMASA;MAMASA;9;SEPTEMBER
252;SULAWESI BARAT;MAMASA;MAMASA;RAMBUSARATU;2;SEPTEMBER
253;SULAWESI BARAT;MAMASA;MAMASA;OSANGO;12;SEPTEMBER
254;SULAWESI BARAT;MAMASA;MAMASA;LAMBANAN;1;SEPTEMBER
255;SULAWESI BARAT;MAMASA;MAMASA;LEMBANA SALULO;6;SEPTEMBER
256;SULAWESI BARAT;MAMASA;MAMASA;TAUPE;0;SEPTEMBER
257;SULAWESI BARAT;MAMASA;MAMASA;BUNTU BUDA;12;SEPTEMBER
258;SULAWESI BARAT;MAMASA;MAMASA;TONDOK BAKARU;0;SEPTEMBER
259;SULAWESI BARAT;MAMASA;MAMASA;PEBASSIAN;0;SEPTEMBER
260;SULAWESI BARAT;MAMASA;MAMASA;MAMBULILING;0;SEPTEMBER
261;SULAWESI BARAT;MAMASA;MAMASA;BOMBONG LAMBE;13;SEPTEMBER
262;SULAWESI BARAT;MAMASA;MAMASA;BUBUN BATU;0;SEPTEMBER
263;SULAWESI BARAT;MAMASA;MAMBI;MAMBI;0;SEPTEMBER
264;SULAWESI BARAT;MAMASA;MAMBI;TALIPUKKI;0;SEPTEMBER
265;SULAWESI BARAT;MAMASA;MAMBI;RANTEBULAHAN;0;SEPTEMBER
266;SULAWESI BARAT;MAMASA;MAMBI;SONDONGLAYU;0;SEPTEMBER
267;SULAWESI BARAT;MAMASA;MAMBI;SALUBANUA;0;SEPTEMBER
268;SULAWESI BARAT;MAMASA;MAMBI;TAPALINA;0;SEPTEMBER
269;SULAWESI BARAT;MAMASA;MAMBI;SENDANA;0;SEPTEMBER
270;SULAWESI BARAT;MAMASA;MAMBI;PAMOSEAN;0;SEPTEMBER
271;SULAWESI BARAT;MAMASA;MAMBI;SELUMAKA;0;SEPTEMBER
272;SULAWESI BARAT;MAMASA;MAMBI;BUJUNG MANURUNG;0;SEPTEMBER
273;SULAWESI BARAT;MAMASA;MAMBI;SALU ALO;0;SEPTEMBER
274;SULAWESI BARAT;MAMASA;MAMBI;INDOBANUA;0;SEPTEMBER
275;SULAWESI BARAT;MAMASA;MAMBI;SALUDURIAN;0;SEPTEMBER
276;SULAWESI BARAT;MAMASA;MEHALAAN;MEHALAAN;0;SEPTEMBER
277;SULAWESI BARAT;MAMASA;MEHALAAN;BOTTENG;5;SEPTEMBER
278;SULAWESI BARAT;MAMASA;MEHALAAN;SALUKONTA;4;SEPTEMBER
279;SULAWESI BARAT;MAMASA;MEHALAAN;MESAKADA;2;SEPTEMBER
280;SULAWESI BARAT;MAMASA;MEHALAAN;MEHALAAN BARAT;1;SEPTEMBER
281;SULAWESI BARAT;MAMASA;MEHALAAN;SALUAHOK;0;SEPTEMBER
282;SULAWESI BARAT;MAMASA;MEHALAAN;SALUBALO;3;SEPTEMBER
283;SULAWESI BARAT;MAMASA;MEHALAAN;PASSEMBUK;1;SEPTEMBER
284;SULAWESI BARAT;MAMASA;MEHALAAN;KONDO;1;SEPTEMBER
285;SULAWESI BARAT;MAMASA;MEHALAAN;LEKO SUKAMAJU;0;SEPTEMBER
286;SULAWESI BARAT;MAMASA;MEHALAAN;ULUMEA;1;SEPTEMBER
287;SULAWESI BARAT;MAMASA;MESSAWA;MESSAWA;0;SEPTEMBER
288;SULAWESI BARAT;MAMASA;MESSAWA;RIPPUNG;0;SEPTEMBER
289;SULAWESI BARAT;MAMASA;MESSAWA;MAKUANG;0;SEPTEMBER
290;SULAWESI BARAT;MAMASA;MESSAWA;SEPANG;0;SEPTEMBER
291;SULAWESI BARAT;MAMASA;MESSAWA;MALIMBONG;0;SEPTEMBER
292;SULAWESI BARAT;MAMASA;MESSAWA;MATANDE;0;SEPTEMBER
293;SULAWESI BARAT;MAMASA;MESSAWA;SIPAI;0;SEPTEMBER
294;SULAWESI BARAT;MAMASA;MESSAWA;PASMA MAMBU;0;SEPTEMBER
295;SULAWESI BARAT;MAMASA;MESSAWA;TANETE BATU;0;SEPTEMBER
296;SULAWESI BARAT;MAMASA;NOSU;NOSU;1;SEPTEMBER
297;SULAWESI BARAT;MAMASA;NOSU;MINANGA;1;SEPTEMBER
298;SULAWESI BARAT;MAMASA;NOSU;BATUPAPAN;0;SEPTEMBER
299;SULAWESI BARAT;MAMASA;NOSU;MASEWWE;1;SEPTEMBER
300;SULAWESI BARAT;MAMASA;NOSU;SIWI;6;SEPTEMBER
301;SULAWESI BARAT;MAMASA;NOSU;MINANGA TIMUR;0;SEPTEMBER
302;SULAWESI BARAT;MAMASA;NOSU;PARINDING;0;SEPTEMBER
303;SULAWESI BARAT;MAMASA;PANA;PANA;1;SEPTEMBER
304;SULAWESI BARAT;MAMASA;PANA;MANIPI;0;SEPTEMBER
305;SULAWESI BARAT;MAMASA;PANA;MAMULLU;1;SEPTEMBER
306;SULAWESI BARAT;MAMASA;PANA;SAPAN;0;SEPTEMBER
307;SULAWESI BARAT;MAMASA;PANA;DATUBARINGAN;3;SEPTEMBER
308;SULAWESI BARAT;MAMASA;PANA;PANURA;0;SEPTEMBER
309;SULAWESI BARAT;MAMASA;PANA;TALLANG BULAWAN;0;SEPTEMBER
310;SULAWESI BARAT;MAMASA;PANA;KARAKA;4;SEPTEMBER
311;SULAWESI BARAT;MAMASA;PANA;ULUSALU;0;SEPTEMBER
312;SULAWESI BARAT;MAMASA;PANA;WERI;2;SEPTEMBER
313;SULAWESI BARAT;MAMASA;PANA;SALUTAMBUN;0;SEPTEMBER
314;SULAWESI BARAT;MAMASA;PANA;SALOAN;7;SEPTEMBER
315;SULAWESI BARAT;MAMASA;PANA;ULUSALU INDAH;0;SEPTEMBER
316;SULAWESI BARAT;MAMASA;RANTEBULAHAN TIMUR;SALUMOKANAN;1;SEPTEMBER
317;SULAWESI BARAT;MAMASA;RANTEBULAHAN TIMUR;SALUMOKANAN BARAT;2;SEPTEMBER
318;SULAWESI BARAT;MAMASA;RANTEBULAHAN TIMUR;BUANGIN;2;SEPTEMBER
319;SULAWESI BARAT;MAMASA;RANTEBULAHAN TIMUR;BAMBANG BUDA;5;SEPTEMBER
320;SULAWESI BARAT;MAMASA;RANTEBULAHAN TIMUR;LEKO;1;SEPTEMBER
321;SULAWESI BARAT;MAMASA;RANTEBULAHAN TIMUR;KIRAK;6;SEPTEMBER
322;SULAWESI BARAT;MAMASA;RANTEBULAHAN TIMUR;SALUMOKANAN UTARA;5;SEPTEMBER
323;SULAWESI BARAT;MAMASA;RANTEBULAHAN TIMUR;SAMPALE;1;SEPTEMBER
324;SULAWESI BARAT;MAMASA;SESENAPADANG;OROBUA;0;SEPTEMBER
325;SULAWESI BARAT;MAMASA;SESENAPADANG;PALADAN;0;SEPTEMBER
326;SULAWESI BARAT;MAMASA;SESENAPADANG;OROBUA TIMUR;6;SEPTEMBER
327;SULAWESI BARAT;MAMASA;SESENAPADANG;RANTE PUANG;0;SEPTEMBER
328;SULAWESI BARAT;MAMASA;SESENAPADANG;SATENETEAN;2;SEPTEMBER
329;SULAWESI BARAT;MAMASA;SESENAPADANG;LISUAN ADA;0;SEPTEMBER
330;SULAWESI BARAT;MAMASA;SESENAPADANG;OROBUA SELATAN;3;SEPTEMBER
331;SULAWESI BARAT;MAMASA;SESENAPADANG;MALANGKENA PADANG;0;SEPTEMBER
332;SULAWESI BARAT;MAMASA;SESENAPADANG;MALIMBONG;1;SEPTEMBER
333;SULAWESI BARAT;MAMASA;SESENAPADANG;MARAMPAN OROBUA;0;SEPTEMBER
334;SULAWESI BARAT;MAMASA;SUMARORONG;SUMARORONG;0;SEPTEMBER
335;SULAWESI BARAT;MAMASA;SUMARORONG;TABONE;0;SEPTEMBER
336;SULAWESI BARAT;MAMASA;SUMARORONG;BATANG URU;0;SEPTEMBER
337;SULAWESI BARAT;MAMASA;SUMARORONG;SASAKAN;7;SEPTEMBER
338;SULAWESI BARAT;MAMASA;SUMARORONG;TADISI;0;SEPTEMBER
339;SULAWESI BARAT;MAMASA;SUMARORONG;SIBANAWA;0;SEPTEMBER
340;SULAWESI BARAT;MAMASA;SUMARORONG;BATANGNGURU TIMUR;0;SEPTEMBER
341;SULAWESI BARAT;MAMASA;SUMARORONG;SALUBALO;0;SEPTEMBER
342;SULAWESI BARAT;MAMASA;SUMARORONG;BANEA;0;SEPTEMBER
343;SULAWESI BARAT;MAMASA;SUMARORONG;RANTE KAMASE;3;SEPTEMBER
344;SULAWESI BARAT;MAMASA;TABANG;TABANG;0;SEPTEMBER
345;SULAWESI BARAT;MAMASA;TABANG;TADOKALUA;0;SEPTEMBER
346;SULAWESI BARAT;MAMASA;TABANG;TABANG BARAT;0;SEPTEMBER
347;SULAWESI BARAT;MAMASA;TABANG;MASUPU;2;SEPTEMBER
348;SULAWESI BARAT;MAMASA;TABANG;KALAMA;0;SEPTEMBER
349;SULAWESI BARAT;MAMASA;TABANG;BAKADISURA;12;SEPTEMBER
350;SULAWESI BARAT;MAMASA;TABANG;SALUKONA;0;SEPTEMBER
351;SULAWESI BARAT;MAMASA;TABULAHAN;LAKAHANG;3;SEPTEMBER
352;SULAWESI BARAT;MAMASA;TABULAHAN;PERIANGAN;0;SEPTEMBER
353;SULAWESI BARAT;MAMASA;TABULAHAN;MALATIRO;0;SEPTEMBER
354;SULAWESI BARAT;MAMASA;TABULAHAN;TABULAHAN;0;SEPTEMBER
355;SULAWESI BARAT;MAMASA;TABULAHAN;SALULEANG;0;SEPTEMBER
356;SULAWESI BARAT;MAMASA;TABULAHAN;TAMPAK KURRA;3;SEPTEMBER
357;SULAWESI BARAT;MAMASA;TABULAHAN;GANDANG DEWATA;0;SEPTEMBER
358;SULAWESI BARAT;MAMASA;TABULAHAN;BURANA;0;SEPTEMBER
359;SULAWESI BARAT;MAMASA;TABULAHAN;SALUBAKKA;0;SEPTEMBER
360;SULAWESI BARAT;MAMASA;TABULAHAN;PANGANDARAN;4;SEPTEMBER
361;SULAWESI BARAT;MAMASA;TABULAHAN;TALOPAK;0;SEPTEMBER
362;SULAWESI BARAT;MAMASA;TABULAHAN;PEU';0;SEPTEMBER
363;SULAWESI BARAT;MAMASA;TABULAHAN;TIMORO;0;SEPTEMBER
364;SULAWESI BARAT;MAMASA;TABULAHAN;LAKAHANG UTAMA;0;SEPTEMBER
365;SULAWESI BARAT;MAMASA;TANDUK KALUA;MINAKE;0;SEPTEMBER
366;SULAWESI BARAT;MAMASA;TANDUK KALUA;MALABO;0;SEPTEMBER
367;SULAWESI BARAT;MAMASA;TANDUK KALUA;SINDAGAMANIK;1;SEPTEMBER
368;SULAWESI BARAT;MAMASA;TANDUK KALUA;PARONDOBULAWAN;0;SEPTEMBER
369;SULAWESI BARAT;MAMASA;TANDUK KALUA;TAMALANTIK;0;SEPTEMBER
370;SULAWESI BARAT;MAMASA;TANDUK KALUA;MANNABABA;0;SEPTEMBER
371;SULAWESI BARAT;MAMASA;TANDUK KALUA;MESAKADA;3;SEPTEMBER
372;SULAWESI BARAT;MAMASA;TANDUK KALUA;BALLABATU;12;SEPTEMBER
373;SULAWESI BARAT;MAMASA;TANDUK KALUA;PAMBE;0;SEPTEMBER
374;SULAWESI BARAT;MAMASA;TANDUK KALUA;SALURANO;1;SEPTEMBER
375;SULAWESI BARAT;MAMASA;TANDUK KALUA;TALIMBUNG;0;SEPTEMBER
376;SULAWESI BARAT;MAMASA;TANDUK KALUA;KANAN;0;SEPTEMBER
377;SULAWESI BARAT;MAMASA;TAWALIAN;TAWALIAN;0;SEPTEMBER
378;SULAWESI BARAT;MAMASA;TAWALIAN;TAWALIAN TIMUR;1;SEPTEMBER
379;SULAWESI BARAT;MAMASA;TAWALIAN;KARIANGO;0;SEPTEMBER
380;SULAWESI BARAT;MAMASA;TAWALIAN;RANTETANGNGA;5;SEPTEMBER
381;SULAWESI BARAT;POLEWALI MANDAR;ALLU;PETOOSANG;8;SEPTEMBER
382;SULAWESI BARAT;POLEWALI MANDAR;ALLU;MOMBI;12;SEPTEMBER
383;SULAWESI BARAT;POLEWALI MANDAR;ALLU;KALUMAMMANG;15;SEPTEMBER
384;SULAWESI BARAT;POLEWALI MANDAR;ALLU;PAO-PAO;10;SEPTEMBER
385;SULAWESI BARAT;POLEWALI MANDAR;ALLU;PUPPU URING;24;SEPTEMBER
386;SULAWESI BARAT;POLEWALI MANDAR;ALLU;SARAGIAN;19;SEPTEMBER
387;SULAWESI BARAT;POLEWALI MANDAR;ALLU;SAYOANG;10;SEPTEMBER
388;SULAWESI BARAT;POLEWALI MANDAR;ALLU;ALU;10;SEPTEMBER
389;SULAWESI BARAT;POLEWALI MANDAR;ANREAPI;ANREAPI;17;SEPTEMBER
390;SULAWESI BARAT;POLEWALI MANDAR;ANREAPI;DUAMPANUA;3;SEPTEMBER
391;SULAWESI BARAT;POLEWALI MANDAR;ANREAPI;KELAPA DUA;15;SEPTEMBER
392;SULAWESI BARAT;POLEWALI MANDAR;ANREAPI;PAPPANDANGAN;11;SEPTEMBER
393;SULAWESI BARAT;POLEWALI MANDAR;ANREAPI;KUNYI;7;SEPTEMBER
394;SULAWESI BARAT;POLEWALI MANDAR;BALANIPA;BALANIPA;25;SEPTEMBER
395;SULAWESI BARAT;POLEWALI MANDAR;BALANIPA;TAMMAJARRA;13;SEPTEMBER
396;SULAWESI BARAT;POLEWALI MANDAR;BALANIPA;TAMANGGALLE;26;SEPTEMBER
397;SULAWESI BARAT;POLEWALI MANDAR;BALANIPA;MOSSO;0;SEPTEMBER
398;SULAWESI BARAT;POLEWALI MANDAR;BALANIPA;GALUNG TULUK;27;SEPTEMBER
399;SULAWESI BARAT;POLEWALI MANDAR;BALANIPA;SABANG SUBIK;23;SEPTEMBER
400;SULAWESI BARAT;POLEWALI MANDAR;BALANIPA;PAMBUSUANG;16;SEPTEMBER
401;SULAWESI BARAT;POLEWALI MANDAR;BALANIPA;BALA;39;SEPTEMBER
402;SULAWESI BARAT;POLEWALI MANDAR;BALANIPA;LAMBANAN;2;SEPTEMBER
403;SULAWESI BARAT;POLEWALI MANDAR;BALANIPA;LEGO;2;SEPTEMBER
404;SULAWESI BARAT;POLEWALI MANDAR;BALANIPA;PALLIS;4;SEPTEMBER
405;SULAWESI BARAT;POLEWALI MANDAR;BINUANG;AMASSANGAN;29;SEPTEMBER
406;SULAWESI BARAT;POLEWALI MANDAR;BINUANG;TONYAMAN;39;SEPTEMBER
407;SULAWESI BARAT;POLEWALI MANDAR;BINUANG;KUAJANG;42;SEPTEMBER
408;SULAWESI BARAT;POLEWALI MANDAR;BINUANG;PAKU;8;SEPTEMBER
409;SULAWESI BARAT;POLEWALI MANDAR;BINUANG;MIRRING;17;SEPTEMBER
410;SULAWESI BARAT;POLEWALI MANDAR;BINUANG;BATETANGNGA;25;SEPTEMBER
411;SULAWESI BARAT;POLEWALI MANDAR;BINUANG;MAMMI;35;SEPTEMBER
412;SULAWESI BARAT;POLEWALI MANDAR;BINUANG;KALEOK;8;SEPTEMBER
413;SULAWESI BARAT;POLEWALI MANDAR;BINUANG;AMOLA;9;SEPTEMBER
414;SULAWESI BARAT;POLEWALI MANDAR;BINUANG;REA;33;SEPTEMBER
415;SULAWESI BARAT;POLEWALI MANDAR;BULO;BULO;5;SEPTEMBER
416;SULAWESI BARAT;POLEWALI MANDAR;BULO;PULLIWA;19;SEPTEMBER
417;SULAWESI BARAT;POLEWALI MANDAR;BULO;PATAMBANUA;16;SEPTEMBER
418;SULAWESI BARAT;POLEWALI MANDAR;BULO;KAROMBANG;0;SEPTEMBER
419;SULAWESI BARAT;POLEWALI MANDAR;BULO;DAALA TIMUR;12;SEPTEMBER
420;SULAWESI BARAT;POLEWALI MANDAR;BULO;LENGGO;0;SEPTEMBER
421;SULAWESI BARAT;POLEWALI MANDAR;BULO;SABURA;0;SEPTEMBER
422;SULAWESI BARAT;POLEWALI MANDAR;BULO;SEPPORRAKI;6;SEPTEMBER
423;SULAWESI BARAT;POLEWALI MANDAR;BULO;IHING;7;SEPTEMBER
424;SULAWESI BARAT;POLEWALI MANDAR;CAMPALAGIAN;PAPPANG;18;SEPTEMBER
425;SULAWESI BARAT;POLEWALI MANDAR;CAMPALAGIAN;LALIKO;0;SEPTEMBER
426;SULAWESI BARAT;POLEWALI MANDAR;CAMPALAGIAN;BONDE;1;SEPTEMBER
427;SULAWESI BARAT;POLEWALI MANDAR;CAMPALAGIAN;KATUMBANGAN LEMO;13;SEPTEMBER
428;SULAWESI BARAT;POLEWALI MANDAR;CAMPALAGIAN;PANYAMPA;41;SEPTEMBER
429;SULAWESI BARAT;POLEWALI MANDAR;CAMPALAGIAN;SURUANG;21;SEPTEMBER
430;SULAWESI BARAT;POLEWALI MANDAR;CAMPALAGIAN;LAMPOKO;26;SEPTEMBER
431;SULAWESI BARAT;POLEWALI MANDAR;CAMPALAGIAN;KATUMBANGAN;0;SEPTEMBER
432;SULAWESI BARAT;POLEWALI MANDAR;CAMPALAGIAN;LAPEO;16;SEPTEMBER
433;SULAWESI BARAT;POLEWALI MANDAR;CAMPALAGIAN;PARAPPE;2;SEPTEMBER
434;SULAWESI BARAT;POLEWALI MANDAR;CAMPALAGIAN;ONGKO;11;SEPTEMBER
435;SULAWESI BARAT;POLEWALI MANDAR;CAMPALAGIAN;KENJE;15;SEPTEMBER
436;SULAWESI BARAT;POLEWALI MANDAR;CAMPALAGIAN;SUMARRANG;0;SEPTEMBER
437;SULAWESI BARAT;POLEWALI MANDAR;CAMPALAGIAN;BOTTO;11;SEPTEMBER
438;SULAWESI BARAT;POLEWALI MANDAR;CAMPALAGIAN;GATTUNGAN;12;SEPTEMBER
439;SULAWESI BARAT;POLEWALI MANDAR;CAMPALAGIAN;PADANG TIMUR;0;SEPTEMBER
440;SULAWESI BARAT;POLEWALI MANDAR;CAMPALAGIAN;PADANG;5;SEPTEMBER
441;SULAWESI BARAT;POLEWALI MANDAR;CAMPALAGIAN;LAGI-AGI;19;SEPTEMBER
442;SULAWESI BARAT;POLEWALI MANDAR;LIMBORO;LIMBORO;42;SEPTEMBER
443;SULAWESI BARAT;POLEWALI MANDAR;LIMBORO;LEMBANG LEMBANG;27;SEPTEMBER
444;SULAWESI BARAT;POLEWALI MANDAR;LIMBORO;TANDASURA;25;SEPTEMBER
445;SULAWESI BARAT;POLEWALI MANDAR;LIMBORO;SAMASUNDU;11;SEPTEMBER
446;SULAWESI BARAT;POLEWALI MANDAR;LIMBORO;NAPO;24;SEPTEMBER
447;SULAWESI BARAT;POLEWALI MANDAR;LIMBORO;TODANG TODANG;10;SEPTEMBER
448;SULAWESI BARAT;POLEWALI MANDAR;LIMBORO;PENDULANGAN;6;SEPTEMBER
449;SULAWESI BARAT;POLEWALI MANDAR;LIMBORO;RENGGEANG;22;SEPTEMBER
450;SULAWESI BARAT;POLEWALI MANDAR;LIMBORO;SALARRI;2;SEPTEMBER
451;SULAWESI BARAT;POLEWALI MANDAR;LIMBORO;TANGAN BARU;11;SEPTEMBER
452;SULAWESI BARAT;POLEWALI MANDAR;LIMBORO;PALECE;27;SEPTEMBER
453;SULAWESI BARAT;POLEWALI MANDAR;LUYO;BATUPANGA;26;SEPTEMBER
454;SULAWESI BARAT;POLEWALI MANDAR;LUYO;MAMBU;21;SEPTEMBER
455;SULAWESI BARAT;POLEWALI MANDAR;LUYO;TENGGELANG;33;SEPTEMBER
456;SULAWESI BARAT;POLEWALI MANDAR;LUYO;BARU;44;SEPTEMBER
457;SULAWESI BARAT;POLEWALI MANDAR;LUYO;PUSSUI;10;SEPTEMBER
458;SULAWESI BARAT;POLEWALI MANDAR;LUYO;MAPILI BARAT;31;SEPTEMBER
459;SULAWESI BARAT;POLEWALI MANDAR;LUYO;SAMBALI WALI;34;SEPTEMBER
460;SULAWESI BARAT;POLEWALI MANDAR;LUYO;BATUPANGA DAALA;0;SEPTEMBER
461;SULAWESI BARAT;POLEWALI MANDAR;LUYO;LUYO;18;SEPTEMBER
462;SULAWESI BARAT;POLEWALI MANDAR;LUYO;PUSSUI BARAT;0;SEPTEMBER
463;SULAWESI BARAT;POLEWALI MANDAR;LUYO;PUCCADI;10;SEPTEMBER
464;SULAWESI BARAT;POLEWALI MANDAR;MAPILLI;MAPILI;0;SEPTEMBER
465;SULAWESI BARAT;POLEWALI MANDAR;MAPILLI;UGIBARU;5;SEPTEMBER
466;SULAWESI BARAT;POLEWALI MANDAR;MAPILLI;RUMPA;0;SEPTEMBER
467;SULAWESI BARAT;POLEWALI MANDAR;MAPILLI;KURMA;21;SEPTEMBER
468;SULAWESI BARAT;POLEWALI MANDAR;MAPILLI;BUKU;6;SEPTEMBER
469;SULAWESI BARAT;POLEWALI MANDAR;MAPILLI;BONNE BONNE;8;SEPTEMBER
470;SULAWESI BARAT;POLEWALI MANDAR;MAPILLI;BEROANGIN;0;SEPTEMBER
471;SULAWESI BARAT;POLEWALI MANDAR;MAPILLI;SEGERANG;0;SEPTEMBER
472;SULAWESI BARAT;POLEWALI MANDAR;MAPILLI;BONRA;0;SEPTEMBER
473;SULAWESI BARAT;POLEWALI MANDAR;MAPILLI;SATTOKO;0;SEPTEMBER
474;SULAWESI BARAT;POLEWALI MANDAR;MAPILLI;RAPPANG BARAT;11;SEPTEMBER
475;SULAWESI BARAT;POLEWALI MANDAR;MAPILLI;LANDI KANUSUANG;0;SEPTEMBER
476;SULAWESI BARAT;POLEWALI MANDAR;MATAKALI;MATAKALI;11;SEPTEMBER
477;SULAWESI BARAT;POLEWALI MANDAR;MATAKALI;PETAMPANUA;1;SEPTEMBER
478;SULAWESI BARAT;POLEWALI MANDAR;MATAKALI;BARUMBUNG;17;SEPTEMBER
479;SULAWESI BARAT;POLEWALI MANDAR;MATAKALI;PASIANG;21;SEPTEMBER
480;SULAWESI BARAT;POLEWALI MANDAR;MATAKALI;TONROLIMA;21;SEPTEMBER
481;SULAWESI BARAT;POLEWALI MANDAR;MATAKALI;INDOMAKKOMBONG;25;SEPTEMBER
482;SULAWESI BARAT;POLEWALI MANDAR;MATAKALI;BUNGA-BUNGA;0;SEPTEMBER
483;SULAWESI BARAT;POLEWALI MANDAR;MATANGNGA;MATANGNGA;5;SEPTEMBER
484;SULAWESI BARAT;POLEWALI MANDAR;MATANGNGA;LILLI;7;SEPTEMBER
485;SULAWESI BARAT;POLEWALI MANDAR;MATANGNGA;RANGOAN;3;SEPTEMBER
486;SULAWESI BARAT;POLEWALI MANDAR;MATANGNGA;TAPUA;5;SEPTEMBER
487;SULAWESI BARAT;POLEWALI MANDAR;MATANGNGA;MAMBU TAPUA;8;SEPTEMBER
488;SULAWESI BARAT;POLEWALI MANDAR;MATANGNGA;BA'BA TAPUA;13;SEPTEMBER
489;SULAWESI BARAT;POLEWALI MANDAR;MATANGNGA;KATIMBANG;8;SEPTEMBER
490;SULAWESI BARAT;POLEWALI MANDAR;POLEWALI;POLEWALI;34;SEPTEMBER
491;SULAWESI BARAT;POLEWALI MANDAR;POLEWALI;WATTANG;16;SEPTEMBER
492;SULAWESI BARAT;POLEWALI MANDAR;POLEWALI;SULEWATANG;25;SEPTEMBER
493;SULAWESI BARAT;POLEWALI MANDAR;POLEWALI;LANTORA;28;SEPTEMBER
494;SULAWESI BARAT;POLEWALI MANDAR;POLEWALI;TAKATIDUNG;55;SEPTEMBER
495;SULAWESI BARAT;POLEWALI MANDAR;POLEWALI;PEKKABATA;9;SEPTEMBER
496;SULAWESI BARAT;POLEWALI MANDAR;POLEWALI;MADATE;65;SEPTEMBER
497;SULAWESI BARAT;POLEWALI MANDAR;POLEWALI;MANDING;43;SEPTEMBER
498;SULAWESI BARAT;POLEWALI MANDAR;POLEWALI;DARMA;17;SEPTEMBER
499;SULAWESI BARAT;POLEWALI MANDAR;TAPANGO;PELITAKAN;0;SEPTEMBER
500;SULAWESI BARAT;POLEWALI MANDAR;TAPANGO;TAPANGO;2;SEPTEMBER
501;SULAWESI BARAT;POLEWALI MANDAR;TAPANGO;RAPPANG;0;SEPTEMBER
502;SULAWESI BARAT;POLEWALI MANDAR;TAPANGO;DAKKA;0;SEPTEMBER
503;SULAWESI BARAT;POLEWALI MANDAR;TAPANGO;BATU;0;SEPTEMBER
504;SULAWESI BARAT;POLEWALI MANDAR;TAPANGO;RISO;0;SEPTEMBER
505;SULAWESI BARAT;POLEWALI MANDAR;TAPANGO;PALATTA;0;SEPTEMBER
506;SULAWESI BARAT;POLEWALI MANDAR;TAPANGO;TAPANGO BARAT;8;SEPTEMBER
507;SULAWESI BARAT;POLEWALI MANDAR;TAPANGO;KURRAK;0;SEPTEMBER
508;SULAWESI BARAT;POLEWALI MANDAR;TAPANGO;BUSSU;16;SEPTEMBER
509;SULAWESI BARAT;POLEWALI MANDAR;TAPANGO;TUTTULA;13;SEPTEMBER
510;SULAWESI BARAT;POLEWALI MANDAR;TAPANGO;JAMBU MALEA;8;SEPTEMBER
511;SULAWESI BARAT;POLEWALI MANDAR;TAPANGO;KALIMBUA;4;SEPTEMBER
512;SULAWESI BARAT;POLEWALI MANDAR;TAPANGO;BANATO REJO;10;SEPTEMBER
513;SULAWESI BARAT;POLEWALI MANDAR;TINAMBUNG;TINAMBUNG;15;SEPTEMBER
514;SULAWESI BARAT;POLEWALI MANDAR;TINAMBUNG;KARAMA;17;SEPTEMBER
515;SULAWESI BARAT;POLEWALI MANDAR;TINAMBUNG;TANGNGA TANGNGA;52;SEPTEMBER
516;SULAWESI BARAT;POLEWALI MANDAR;TINAMBUNG;LEKOPADIS;39;SEPTEMBER
517;SULAWESI BARAT;POLEWALI MANDAR;TINAMBUNG;GALUNG LOMBOK;20;SEPTEMBER
518;SULAWESI BARAT;POLEWALI MANDAR;TINAMBUNG;TANDUNG;23;SEPTEMBER
519;SULAWESI BARAT;POLEWALI MANDAR;TINAMBUNG;BATULAYA;15;SEPTEMBER
520;SULAWESI BARAT;POLEWALI MANDAR;TINAMBUNG;SEPABATU;36;SEPTEMBER
521;SULAWESI BARAT;POLEWALI MANDAR;TUTAR;TARAMANU;12;SEPTEMBER
522;SULAWESI BARAT;POLEWALI MANDAR;TUTAR;AMBOPADANG;6;SEPTEMBER
523;SULAWESI BARAT;POLEWALI MANDAR;TUTAR;TUBBI;0;SEPTEMBER
524;SULAWESI BARAT;POLEWALI MANDAR;TUTAR;RATTE;2;SEPTEMBER
525;SULAWESI BARAT;POLEWALI MANDAR;TUTAR;BESOANGIN;5;SEPTEMBER
526;SULAWESI BARAT;POLEWALI MANDAR;TUTAR;PIRIANG TAPIKO;3;SEPTEMBER
527;SULAWESI BARAT;POLEWALI MANDAR;TUTAR;PEBURRU;5;SEPTEMBER
528;SULAWESI BARAT;POLEWALI MANDAR;TUTAR;TALOBA;7;SEPTEMBER
529;SULAWESI BARAT;POLEWALI MANDAR;TUTAR;POLLEWANI;18;SEPTEMBER
530;SULAWESI BARAT;POLEWALI MANDAR;TUTAR;ARABUA;12;SEPTEMBER
531;SULAWESI BARAT;POLEWALI MANDAR;TUTAR;BESOANGIN UTARA;7;SEPTEMBER
532;SULAWESI BARAT;POLEWALI MANDAR;TUTAR;PODA;9;SEPTEMBER
533;SULAWESI BARAT;POLEWALI MANDAR;TUTAR;TARAMANU TUA;0;SEPTEMBER
534;SULAWESI BARAT;POLEWALI MANDAR;WONOMULYO;SIDODADI;9;SEPTEMBER
535;SULAWESI BARAT;POLEWALI MANDAR;WONOMULYO;SIDOREJO;2;SEPTEMBER
536;SULAWESI BARAT;POLEWALI MANDAR;WONOMULYO;SUMBEREJO;15;SEPTEMBER
537;SULAWESI BARAT;POLEWALI MANDAR;WONOMULYO;BUMIAYU;6;SEPTEMBER
538;SULAWESI BARAT;POLEWALI MANDAR;WONOMULYO;KEBUNSARI;5;SEPTEMBER
539;SULAWESI BARAT;POLEWALI MANDAR;WONOMULYO;BANUA BARU;5;SEPTEMBER
540;SULAWESI BARAT;POLEWALI MANDAR;WONOMULYO;NEPO;11;SEPTEMBER
541;SULAWESI BARAT;POLEWALI MANDAR;WONOMULYO;SUGIHWARAS;10;SEPTEMBER
542;SULAWESI BARAT;POLEWALI MANDAR;WONOMULYO;CAMPURJO;13;SEPTEMBER
543;SULAWESI BARAT;POLEWALI MANDAR;WONOMULYO;BUMIMULYO;3;SEPTEMBER
544;SULAWESI BARAT;POLEWALI MANDAR;WONOMULYO;TUMPILING;0;SEPTEMBER
545;SULAWESI BARAT;POLEWALI MANDAR;WONOMULYO;BAKKA-BAKKA;8;SEPTEMBER
546;SULAWESI BARAT;POLEWALI MANDAR;WONOMULYO;ARJO SARI;0;SEPTEMBER
547;SULAWESI BARAT;POLEWALI MANDAR;WONOMULYO;GALESON;9;SEPTEMBER
548;SULAWESI BARAT;MAMUJU;MAMUJU;BINANGA;0;SEPTEMBER
549;SULAWESI BARAT;MAMUJU;MAMUJU;MAMUNYU;17;SEPTEMBER
550;SULAWESI BARAT;MAMUJU;MAMUJU;KAREMA;0;SEPTEMBER
551;SULAWESI BARAT;MAMUJU;MAMUJU;RIMUKU;18;SEPTEMBER
552;SULAWESI BARAT;MAMUJU;MAMUJU;BAMBU;10;SEPTEMBER
553;SULAWESI BARAT;MAMUJU;MAMUJU;KARAMPUANG;27;SEPTEMBER
554;SULAWESI BARAT;MAMUJU;MAMUJU;TADUI;38;SEPTEMBER
555;SULAWESI BARAT;MAMUJU;MAMUJU;BATU PANNU;7;SEPTEMBER
556;SULAWESI BARAT;MAMUJU;TAPALANG;GALUNG;53;SEPTEMBER
557;SULAWESI BARAT;MAMUJU;TAPALANG;KASAMBANG;20;SEPTEMBER
558;SULAWESI BARAT;MAMUJU;TAPALANG;DAYANGINNA;7;SEPTEMBER
559;SULAWESI BARAT;MAMUJU;TAPALANG;OROBATU;6;SEPTEMBER
560;SULAWESI BARAT;MAMUJU;TAPALANG;TAKANDEANG;45;SEPTEMBER
561;SULAWESI BARAT;MAMUJU;TAPALANG;BELA;0;SEPTEMBER
562;SULAWESI BARAT;MAMUJU;TAPALANG;TAAN;0;SEPTEMBER
563;SULAWESI BARAT;MAMUJU;TAPALANG;TAMPALANG;24;SEPTEMBER
564;SULAWESI BARAT;MAMUJU;TAPALANG;RANTEDODA;16;SEPTEMBER
565;SULAWESI BARAT;MAMUJU;TAPALANG;KOPEANG;0;SEPTEMBER
566;SULAWESI BARAT;MAMUJU;KALUKKU;SINYONYOI;11;SEPTEMBER
567;SULAWESI BARAT;MAMUJU;KALUKKU;BEBANGA;4;SEPTEMBER
568;SULAWESI BARAT;MAMUJU;KALUKKU;KALUKKU;23;SEPTEMBER
569;SULAWESI BARAT;MAMUJU;KALUKKU;SINYONYOI SELATAN;2;SEPTEMBER
570;SULAWESI BARAT;MAMUJU;KALUKKU;SONDOANG;0;SEPTEMBER
571;SULAWESI BARAT;MAMUJU;KALUKKU;BERU-BERU;19;SEPTEMBER
572;SULAWESI BARAT;MAMUJU;KALUKKU;BELANG BELANG;62;SEPTEMBER
573;SULAWESI BARAT;MAMUJU;KALUKKU;KABULOANG;18;SEPTEMBER
574;SULAWESI BARAT;MAMUJU;KALUKKU;KEANG;0;SEPTEMBER
575;SULAWESI BARAT;MAMUJU;KALUKKU;POKKANG;10;SEPTEMBER
576;SULAWESI BARAT;MAMUJU;KALUKKU;GULILING;14;SEPTEMBER
577;SULAWESI BARAT;MAMUJU;KALUKKU;UHAIMATE;0;SEPTEMBER
578;SULAWESI BARAT;MAMUJU;KALUKKU;KALUKKU BARAT;0;SEPTEMBER
579;SULAWESI BARAT;MAMUJU;KALUKKU;PAMMULUKANG;6;SEPTEMBER
580;SULAWESI BARAT;MAMUJU;KALUMPANG;KALUMPANG;0;SEPTEMBER
581;SULAWESI BARAT;MAMUJU;KALUMPANG;KARATAUN;0;SEPTEMBER
582;SULAWESI BARAT;MAMUJU;KALUMPANG;KARAMA;0;SEPTEMBER
583;SULAWESI BARAT;MAMUJU;KALUMPANG;SIRAUN;0;SEPTEMBER
584;SULAWESI BARAT;MAMUJU;KALUMPANG;TUMOGA;9;SEPTEMBER
585;SULAWESI BARAT;MAMUJU;KALUMPANG;SALUMAKKI;0;SEPTEMBER
586;SULAWESI BARAT;MAMUJU;KALUMPANG;POLIO;0;SEPTEMBER
587;SULAWESI BARAT;MAMUJU;KALUMPANG;LIMBONG;0;SEPTEMBER
588;SULAWESI BARAT;MAMUJU;KALUMPANG;SANDAPANG;0;SEPTEMBER
589;SULAWESI BARAT;MAMUJU;KALUMPANG;KONDO BULO;0;SEPTEMBER
590;SULAWESI BARAT;MAMUJU;KALUMPANG;MAKKALIKI;0;SEPTEMBER
591;SULAWESI BARAT;MAMUJU;KALUMPANG;BATU MAKKADA;0;SEPTEMBER
592;SULAWESI BARAT;MAMUJU;KALUMPANG;LASA';0;SEPTEMBER
593;SULAWESI BARAT;MAMUJU;PAPALANG;TOABO;0;SEPTEMBER
594;SULAWESI BARAT;MAMUJU;PAPALANG;PAPALANG;37;SEPTEMBER
595;SULAWESI BARAT;MAMUJU;PAPALANG;BONDA;0;SEPTEMBER
596;SULAWESI BARAT;MAMUJU;PAPALANG;TOPORE;22;SEPTEMBER
597;SULAWESI BARAT;MAMUJU;PAPALANG;SALUKAYU;9;SEPTEMBER
598;SULAWESI BARAT;MAMUJU;PAPALANG;SUKADAMAI;3;SEPTEMBER
599;SULAWESI BARAT;MAMUJU;PAPALANG;BODA-BODA;11;SEPTEMBER
600;SULAWESI BARAT;MAMUJU;PAPALANG;SISANGO;8;SEPTEMBER
601;SULAWESI BARAT;MAMUJU;PAPALANG;BATU AMPA;12;SEPTEMBER
602;SULAWESI BARAT;MAMUJU;SAMPAGA;BUNDE;3;SEPTEMBER
603;SULAWESI BARAT;MAMUJU;SAMPAGA;KALONDING;2;SEPTEMBER
604;SULAWESI BARAT;MAMUJU;SAMPAGA;TARAILU;0;SEPTEMBER
605;SULAWESI BARAT;MAMUJU;SAMPAGA;SAMPAGA;17;SEPTEMBER
606;SULAWESI BARAT;MAMUJU;SAMPAGA;TANAMBUAH;3;SEPTEMBER
607;SULAWESI BARAT;MAMUJU;SAMPAGA;SALUBARANA;2;SEPTEMBER
608;SULAWESI BARAT;MAMUJU;SAMPAGA;LOSSO;0;SEPTEMBER
609;SULAWESI BARAT;MAMUJU;TOMMO;TOMMO;0;SEPTEMBER
610;SULAWESI BARAT;MAMUJU;TOMMO;CAMPALOGA;16;SEPTEMBER
611;SULAWESI BARAT;MAMUJU;TOMMO;BUANA SAKTI;11;SEPTEMBER
612;SULAWESI BARAT;MAMUJU;TOMMO;TAMEMONGGA;0;SEPTEMBER
613;SULAWESI BARAT;MAMUJU;TOMMO;TAMEJARRA;2;SEPTEMBER
614;SULAWESI BARAT;MAMUJU;TOMMO;RANTEMARIO;12;SEPTEMBER
615;SULAWESI BARAT;MAMUJU;TOMMO;MALINO;7;SEPTEMBER
616;SULAWESI BARAT;MAMUJU;TOMMO;KAKULLASANG;15;SEPTEMBER
617;SULAWESI BARAT;MAMUJU;TOMMO;LELING;8;SEPTEMBER
618;SULAWESI BARAT;MAMUJU;TOMMO;KALEPU;4;SEPTEMBER
619;SULAWESI BARAT;MAMUJU;TOMMO;SANDANA;0;SEPTEMBER
620;SULAWESI BARAT;MAMUJU;TOMMO;LELING BARAT;10;SEPTEMBER
621;SULAWESI BARAT;MAMUJU;TOMMO;LELING UTARA;0;SEPTEMBER
622;SULAWESI BARAT;MAMUJU;TOMMO;SALUDENGEN;12;SEPTEMBER
623;SULAWESI BARAT;MAMUJU;SIMBORO;SIMBORO;150;SEPTEMBER
624;SULAWESI BARAT;MAMUJU;SIMBORO;RANGAS;26;SEPTEMBER
625;SULAWESI BARAT;MAMUJU;SIMBORO;BOTTENG;34;SEPTEMBER
626;SULAWESI BARAT;MAMUJU;SIMBORO;SALETTO;20;SEPTEMBER
627;SULAWESI BARAT;MAMUJU;SIMBORO;SUMARE;0;SEPTEMBER
628;SULAWESI BARAT;MAMUJU;SIMBORO;BOTTENG UTARA;70;SEPTEMBER
629;SULAWESI BARAT;MAMUJU;SIMBORO;TAPANDULLU;0;SEPTEMBER
630;SULAWESI BARAT;MAMUJU;SIMBORO;PATI'DI;7;SEPTEMBER
631;SULAWESI BARAT;MAMUJU;TAPALANG BARAT;DUNGKAIT;0;SEPTEMBER
632;SULAWESI BARAT;MAMUJU;TAPALANG BARAT;LEBANI;0;SEPTEMBER
633;SULAWESI BARAT;MAMUJU;TAPALANG BARAT;LABUANG RANO;0;SEPTEMBER
634;SULAWESI BARAT;MAMUJU;TAPALANG BARAT;PASABU;0;SEPTEMBER
635;SULAWESI BARAT;MAMUJU;TAPALANG BARAT;TANETE PAO;0;SEPTEMBER
636;SULAWESI BARAT;MAMUJU;TAPALANG BARAT;PANGASAAN;11;SEPTEMBER
637;SULAWESI BARAT;MAMUJU;TAPALANG BARAT;AHU;0;SEPTEMBER
638;SULAWESI BARAT;MAMUJU;BONEHAU;BONEHAU;0;SEPTEMBER
639;SULAWESI BARAT;MAMUJU;BONEHAU;SALUTIWO;9;SEPTEMBER
640;SULAWESI BARAT;MAMUJU;BONEHAU;BUTTUADA;2;SEPTEMBER
641;SULAWESI BARAT;MAMUJU;BONEHAU;TAMALEA;0;SEPTEMBER
642;SULAWESI BARAT;MAMUJU;BONEHAU;LUMIKA;2;SEPTEMBER
643;SULAWESI BARAT;MAMUJU;BONEHAU;MAPPU;3;SEPTEMBER
644;SULAWESI BARAT;MAMUJU;BONEHAU;BANUADA;3;SEPTEMBER
645;SULAWESI BARAT;MAMUJU;BONEHAU;HINUA;3;SEPTEMBER
646;SULAWESI BARAT;MAMUJU;BONEHAU;KINATANG;1;SEPTEMBER
647;SULAWESI BARAT;MAMUJU;KEP. BALA BALAKANG;BALA BALAKANG;0;SEPTEMBER
648;SULAWESI BARAT;MAMUJU;KEP. BALA BALAKANG;BALA-BALAKANG TIMUR;0;SEPTEMBER
1;SULAWESI BARAT;MAMUJU TENGAH;TOBADAK;MAHAHE;18;OKTOBER
2;SULAWESI BARAT;MAMUJU TENGAH;TOBADAK;SALOBAJA;35;OKTOBER
3;SULAWESI BARAT;MAMUJU TENGAH;TOBADAK;TOBADAK;49;OKTOBER
4;SULAWESI BARAT;MAMUJU TENGAH;TOBADAK;PALONGAAN;25;OKTOBER
5;SULAWESI BARAT;MAMUJU TENGAH;TOBADAK;BATU PARIGI;58;OKTOBER
6;SULAWESI BARAT;MAMUJU TENGAH;TOBADAK;BAMBADARU;24;OKTOBER
7;SULAWESI BARAT;MAMUJU TENGAH;TOBADAK;SEJATI;20;OKTOBER
8;SULAWESI BARAT;MAMUJU TENGAH;TOBADAK;SALOADAK;22;OKTOBER
9;SULAWESI BARAT;MAMUJU TENGAH;PANGALE;POLO PANGALE;10;OKTOBER
10;SULAWESI BARAT;MAMUJU TENGAH;PANGALE;PANGALE;21;OKTOBER
11;SULAWESI BARAT;MAMUJU TENGAH;PANGALE;SARTANAMAJU;15;OKTOBER
12;SULAWESI BARAT;MAMUJU TENGAH;PANGALE;POLO LERENG;22;OKTOBER
13;SULAWESI BARAT;MAMUJU TENGAH;PANGALE;KUO;13;OKTOBER
14;SULAWESI BARAT;MAMUJU TENGAH;PANGALE;POLO CAMBA;0;OKTOBER
15;SULAWESI BARAT;MAMUJU TENGAH;PANGALE;LAMBA-LAMBA;16;OKTOBER
16;SULAWESI BARAT;MAMUJU TENGAH;PANGALE;KOMBILING;21;OKTOBER
17;SULAWESI BARAT;MAMUJU TENGAH;PANGALE;LEMO-LEMO;9;OKTOBER
18;SULAWESI BARAT;MAMUJU TENGAH;BUDONG-BUDONG;BABANA;57;OKTOBER
19;SULAWESI BARAT;MAMUJU TENGAH;BUDONG-BUDONG;LUMU;10;OKTOBER
20;SULAWESI BARAT;MAMUJU TENGAH;BUDONG-BUDONG;PONTANAKAYANG;0;OKTOBER
21;SULAWESI BARAT;MAMUJU TENGAH;BUDONG-BUDONG;SALOGATTA;20;OKTOBER
22;SULAWESI BARAT;MAMUJU TENGAH;BUDONG-BUDONG;KIRE;15;OKTOBER
23;SULAWESI BARAT;MAMUJU TENGAH;BUDONG-BUDONG;TINALI;8;OKTOBER
24;SULAWESI BARAT;MAMUJU TENGAH;BUDONG-BUDONG;SALUMANURUNG;9;OKTOBER
25;SULAWESI BARAT;MAMUJU TENGAH;BUDONG-BUDONG;PASAPA;7;OKTOBER
26;SULAWESI BARAT;MAMUJU TENGAH;BUDONG-BUDONG;BOJO;12;OKTOBER
27;SULAWESI BARAT;MAMUJU TENGAH;BUDONG-BUDONG;BARAKKANG;0;OKTOBER
28;SULAWESI BARAT;MAMUJU TENGAH;BUDONG-BUDONG;LEMBAH HADA;8;OKTOBER
29;SULAWESI BARAT;MAMUJU TENGAH;TOPOYO;BUDONG-BUDONG;8;OKTOBER
30;SULAWESI BARAT;MAMUJU TENGAH;TOPOYO;TOPOYO;19;OKTOBER
31;SULAWESI BARAT;MAMUJU TENGAH;TOPOYO;TUMBU;9;OKTOBER
32;SULAWESI BARAT;MAMUJU TENGAH;TOPOYO;KABUBU;5;OKTOBER
33;SULAWESI BARAT;MAMUJU TENGAH;TOPOYO;WAEPUTEH;10;OKTOBER
34;SULAWESI BARAT;MAMUJU TENGAH;TOPOYO;TANGKOU;11;OKTOBER
35;SULAWESI BARAT;MAMUJU TENGAH;TOPOYO;TABOLANG;9;OKTOBER
36;SULAWESI BARAT;MAMUJU TENGAH;TOPOYO;PARAILI;11;OKTOBER
37;SULAWESI BARAT;MAMUJU TENGAH;TOPOYO;SALUPANGKANG;11;OKTOBER
38;SULAWESI BARAT;MAMUJU TENGAH;TOPOYO;SALUPANGKANG IV;7;OKTOBER
39;SULAWESI BARAT;MAMUJU TENGAH;TOPOYO;TAPPILINA;6;OKTOBER
40;SULAWESI BARAT;MAMUJU TENGAH;TOPOYO;BAMBAMANURUNG;10;OKTOBER
41;SULAWESI BARAT;MAMUJU TENGAH;TOPOYO;SALULEKBO;3;OKTOBER
42;SULAWESI BARAT;MAMUJU TENGAH;TOPOYO;PANGALLOANG;20;OKTOBER
43;SULAWESI BARAT;MAMUJU TENGAH;TOPOYO;SINABATTA;9;OKTOBER
44;SULAWESI BARAT;MAMUJU TENGAH;KAROSSA;KAROSSA;34;OKTOBER
45;SULAWESI BARAT;MAMUJU TENGAH;KAROSSA;TASOKKO;29;OKTOBER
46;SULAWESI BARAT;MAMUJU TENGAH;KAROSSA;LARA;9;OKTOBER
47;SULAWESI BARAT;MAMUJU TENGAH;KAROSSA;KADAILA;0;OKTOBER
48;SULAWESI BARAT;MAMUJU TENGAH;KAROSSA;KAYU CALLA;17;OKTOBER
49;SULAWESI BARAT;MAMUJU TENGAH;KAROSSA;LEMBAH HOPO;17;OKTOBER
50;SULAWESI BARAT;MAMUJU TENGAH;KAROSSA;BENGGAULU;27;OKTOBER
51;SULAWESI BARAT;MAMUJU TENGAH;KAROSSA;SUKA MAJU;12;OKTOBER
52;SULAWESI BARAT;MAMUJU TENGAH;KAROSSA;KAMBUNONG;53;OKTOBER
53;SULAWESI BARAT;MAMUJU TENGAH;KAROSSA;SALUBIRO;8;OKTOBER
54;SULAWESI BARAT;MAMUJU TENGAH;KAROSSA;SANJANGO;0;OKTOBER
55;SULAWESI BARAT;PASANGKAYU;BAMBAIRA;TAMPAURE;4;OKTOBER
56;SULAWESI BARAT;PASANGKAYU;BAMBAIRA;BAMBAIRA;38;OKTOBER
57;SULAWESI BARAT;PASANGKAYU;BAMBAIRA;KASOLOANG;3;OKTOBER
58;SULAWESI BARAT;PASANGKAYU;BAMBAIRA;KALUKU NANGKA;41;OKTOBER
59;SULAWESI BARAT;PASANGKAYU;BAMBALAMOTU;RANDOMAYANG;39;OKTOBER
60;SULAWESI BARAT;PASANGKAYU;BAMBALAMOTU;BAMBALAMOTU;19;OKTOBER
61;SULAWESI BARAT;PASANGKAYU;BAMBALAMOTU;POLEWALI;5;OKTOBER
62;SULAWESI BARAT;PASANGKAYU;BAMBALAMOTU;PANGIANG;0;OKTOBER
63;SULAWESI BARAT;PASANGKAYU;BAMBALAMOTU;KALOLA;8;OKTOBER
64;SULAWESI BARAT;PASANGKAYU;BAMBALAMOTU;WULAI;5;OKTOBER
65;SULAWESI BARAT;PASANGKAYU;BARAS;BARAS;0;OKTOBER
66;SULAWESI BARAT;PASANGKAYU;BARAS;BULU PARIGI;0;OKTOBER
67;SULAWESI BARAT;PASANGKAYU;BARAS;BALANTI;9;OKTOBER
68;SULAWESI BARAT;PASANGKAYU;BARAS;MOTU;0;OKTOBER
69;SULAWESI BARAT;PASANGKAYU;BARAS;TOWONI;0;OKTOBER
70;SULAWESI BARAT;PASANGKAYU;BARAS;KASANO;0;OKTOBER
71;SULAWESI BARAT;PASANGKAYU;BULU TABA;SUMBER SARI;0;OKTOBER
72;SULAWESI BARAT;PASANGKAYU;BULU TABA;LELEJAE;0;OKTOBER
73;SULAWESI BARAT;PASANGKAYU;BULU TABA;BUKIT HARAPAN;0;OKTOBER
74;SULAWESI BARAT;PASANGKAYU;BULU TABA;LILIMORI;0;OKTOBER
75;SULAWESI BARAT;PASANGKAYU;BULU TABA;KARAVE;0;OKTOBER
76;SULAWESI BARAT;PASANGKAYU;BULU TABA;KASTABUANA;0;OKTOBER
77;SULAWESI BARAT;PASANGKAYU;BULU TABA;OMPI;0;OKTOBER
78;SULAWESI BARAT;PASANGKAYU;DAPURANG;DAPURANG;0;OKTOBER
79;SULAWESI BARAT;PASANGKAYU;DAPURANG;BENGGAULU;0;OKTOBER
80;SULAWESI BARAT;PASANGKAYU;DAPURANG;TIRTABUANA;0;OKTOBER
81;SULAWESI BARAT;PASANGKAYU;DAPURANG;BULU BONGGU;0;OKTOBER
82;SULAWESI BARAT;PASANGKAYU;DAPURANG;SARASA;0;OKTOBER
83;SULAWESI BARAT;PASANGKAYU;DURIPOKU;TAMMARUNANG;0;OKTOBER
84;SULAWESI BARAT;PASANGKAYU;DURIPOKU;SAPTANAJAYA;7;OKTOBER
85;SULAWESI BARAT;PASANGKAYU;DURIPOKU;TARANGGI;0;OKTOBER
86;SULAWESI BARAT;PASANGKAYU;DURIPOKU;SIPAKAINGA;1;OKTOBER
87;SULAWESI BARAT;PASANGKAYU;LARIANG;KULU;0;OKTOBER
88;SULAWESI BARAT;PASANGKAYU;LARIANG;PARABU;4;OKTOBER
89;SULAWESI BARAT;PASANGKAYU;LARIANG;KENANGAN;0;OKTOBER
90;SULAWESI BARAT;PASANGKAYU;LARIANG;BAJAWALI;0;OKTOBER
91;SULAWESI BARAT;PASANGKAYU;LARIANG;SINGGANI;12;OKTOBER
92;SULAWESI BARAT;PASANGKAYU;LARIANG;BATU MATORU;0;OKTOBER
93;SULAWESI BARAT;PASANGKAYU;LARIANG;BAMBAKORO;10;OKTOBER
94;SULAWESI BARAT;PASANGKAYU;PASANGKAYU;KARYA BERSAMA;9;OKTOBER
95;SULAWESI BARAT;PASANGKAYU;PASANGKAYU;AKO;0;OKTOBER
96;SULAWESI BARAT;PASANGKAYU;PASANGKAYU;PASANGKAYU;0;OKTOBER
97;SULAWESI BARAT;PASANGKAYU;PASANGKAYU;MARTAJAYA;0;OKTOBER
98;SULAWESI BARAT;PASANGKAYU;PASANGKAYU;PAKAVA;2;OKTOBER
99;SULAWESI BARAT;PASANGKAYU;PASANGKAYU;GUNUNG SARI;0;OKTOBER
100;SULAWESI BARAT;PASANGKAYU;PEDONGGA;MALEI;3;OKTOBER
101;SULAWESI BARAT;PASANGKAYU;PEDONGGA;PEDANDA;4;OKTOBER
102;SULAWESI BARAT;PASANGKAYU;PEDONGGA;BATU OGE;0;OKTOBER
103;SULAWESI BARAT;PASANGKAYU;PEDONGGA;MARTASARI;0;OKTOBER
104;SULAWESI BARAT;PASANGKAYU;SARJO;SARJO;0;OKTOBER
105;SULAWESI BARAT;PASANGKAYU;SARJO;MAPONU;3;OKTOBER
106;SULAWESI BARAT;PASANGKAYU;SARJO;LETAWA;0;OKTOBER
107;SULAWESI BARAT;PASANGKAYU;SARJO;SARUDE;0;OKTOBER
108;SULAWESI BARAT;PASANGKAYU;SARUDU;DODA;0;OKTOBER
109;SULAWESI BARAT;PASANGKAYU;SARUDU;SARUDU;0;OKTOBER
110;SULAWESI BARAT;PASANGKAYU;SARUDU;BULU MARIO;11;OKTOBER
111;SULAWESI BARAT;PASANGKAYU;SARUDU;KUMASARI;10;OKTOBER
112;SULAWESI BARAT;PASANGKAYU;SARUDU;PATIKA;0;OKTOBER
113;SULAWESI BARAT;PASANGKAYU;TIKKE RAYA;MAKMUR JAYA;0;OKTOBER
114;SULAWESI BARAT;PASANGKAYU;TIKKE RAYA;LARIANG;16;OKTOBER
115;SULAWESI BARAT;PASANGKAYU;TIKKE RAYA;TIKKE;0;OKTOBER
116;SULAWESI BARAT;PASANGKAYU;TIKKE RAYA;PAJALELE;0;OKTOBER
117;SULAWESI BARAT;PASANGKAYU;TIKKE RAYA;JENGENG RAYA;10;OKTOBER
118;SULAWESI BARAT;MAJENE;BANGGAE;BANGGAE;5;OKTOBER
119;SULAWESI BARAT;MAJENE;BANGGAE;BARU;37;OKTOBER
120;SULAWESI BARAT;MAJENE;BANGGAE;PANGALI ALI;59;OKTOBER
121;SULAWESI BARAT;MAJENE;BANGGAE;TOTOLI;65;OKTOBER
122;SULAWESI BARAT;MAJENE;BANGGAE;RANGAS;34;OKTOBER
123;SULAWESI BARAT;MAJENE;BANGGAE;GALUNG;0;OKTOBER
124;SULAWESI BARAT;MAJENE;BANGGAE;PALIPI SOREANG;16;OKTOBER
125;SULAWESI BARAT;MAJENE;BANGGAE;PAMBOBORANG;19;OKTOBER
126;SULAWESI BARAT;MAJENE;BANGGAE TIMUR;BAURUNG;24;OKTOBER
127;SULAWESI BARAT;MAJENE;BANGGAE TIMUR;BARUGA;11;OKTOBER
128;SULAWESI BARAT;MAJENE;BANGGAE TIMUR;BARUGA DHUA;32;OKTOBER
129;SULAWESI BARAT;MAJENE;BANGGAE TIMUR;LABUANG;14;OKTOBER
130;SULAWESI BARAT;MAJENE;BANGGAE TIMUR;TANDE;7;OKTOBER
131;SULAWESI BARAT;MAJENE;BANGGAE TIMUR;LEMBANG;41;OKTOBER
132;SULAWESI BARAT;MAJENE;BANGGAE TIMUR;LABUANG UTARA;13;OKTOBER
133;SULAWESI BARAT;MAJENE;BANGGAE TIMUR;TANDE TIMUR;6;OKTOBER
134;SULAWESI BARAT;MAJENE;BANGGAE TIMUR;BUTTU BARUGA;17;OKTOBER
135;SULAWESI BARAT;MAJENE;MALUNDA;MALUNDA;33;OKTOBER
136;SULAWESI BARAT;MAJENE;MALUNDA;LAMUNGANG BATU;9;OKTOBER
137;SULAWESI BARAT;MAJENE;MALUNDA;BAMBANGAN;22;OKTOBER
138;SULAWESI BARAT;MAJENE;MALUNDA;LOMBANG;16;OKTOBER
139;SULAWESI BARAT;MAJENE;MALUNDA;LOMBONG;20;OKTOBER
140;SULAWESI BARAT;MAJENE;MALUNDA;MEKKATTA;29;OKTOBER
141;SULAWESI BARAT;MAJENE;MALUNDA;MALIAYA;2;OKTOBER
142;SULAWESI BARAT;MAJENE;MALUNDA;LOMBANG TIMUR;3;OKTOBER
143;SULAWESI BARAT;MAJENE;MALUNDA;SALUTAHONGAN;0;OKTOBER
144;SULAWESI BARAT;MAJENE;MALUNDA;LOMBONG TIMUR;35;OKTOBER
145;SULAWESI BARAT;MAJENE;MALUNDA;MEKKATTA SELATAN;0;OKTOBER
146;SULAWESI BARAT;MAJENE;MALUNDA;KAYUANGIN;22;OKTOBER
147;SULAWESI BARAT;MAJENE;PAMBOANG;LALAMPANUA;10;OKTOBER
148;SULAWESI BARAT;MAJENE;PAMBOANG;SIRINDU;14;OKTOBER
149;SULAWESI BARAT;MAJENE;PAMBOANG;ADOLANG;16;OKTOBER
150;SULAWESI BARAT;MAJENE;PAMBOANG;BABABULO;42;OKTOBER
151;SULAWESI BARAT;MAJENE;PAMBOANG;BONDE;46;OKTOBER
152;SULAWESI BARAT;MAJENE;PAMBOANG;BETTENG;29;OKTOBER
153;SULAWESI BARAT;MAJENE;PAMBOANG;SIMBANG;11;OKTOBER
154;SULAWESI BARAT;MAJENE;PAMBOANG;BONDE UTARA;68;OKTOBER
155;SULAWESI BARAT;MAJENE;PAMBOANG;BABABULO UTARA;14;OKTOBER
156;SULAWESI BARAT;MAJENE;PAMBOANG;BUTTU PAMBOANG;17;OKTOBER
157;SULAWESI BARAT;MAJENE;PAMBOANG;BANUA ADOLANG;30;OKTOBER
158;SULAWESI BARAT;MAJENE;PAMBOANG;ADOLANG DHUA;22;OKTOBER
159;SULAWESI BARAT;MAJENE;PAMBOANG;TINAMBUNG;38;OKTOBER
160;SULAWESI BARAT;MAJENE;PAMBOANG;PESULOANG;16;OKTOBER
161;SULAWESI BARAT;MAJENE;PAMBOANG;BALOMBONG;0;OKTOBER
162;SULAWESI BARAT;MAJENE;SENDANA;MOSSO;40;OKTOBER
163;SULAWESI BARAT;MAJENE;SENDANA;MOSSO DHUA;24;OKTOBER
164;SULAWESI BARAT;MAJENE;SENDANA;TOTOLISI SENDANA;14;OKTOBER
165;SULAWESI BARAT;MAJENE;SENDANA;TALLUBANUA;54;OKTOBER
166;SULAWESI BARAT;MAJENE;SENDANA;LALATEDZONG;18;OKTOBER
167;SULAWESI BARAT;MAJENE;SENDANA;BINANGA;0;OKTOBER
168;SULAWESI BARAT;MAJENE;SENDANA;PUTTADA;11;OKTOBER
169;SULAWESI BARAT;MAJENE;SENDANA;PAMINGGALAN;13;OKTOBER
170;SULAWESI BARAT;MAJENE;SENDANA;LEPPANGANG;7;OKTOBER
171;SULAWESI BARAT;MAJENE;SENDANA;PUNDAU;12;OKTOBER
172;SULAWESI BARAT;MAJENE;SENDANA;SENDANA;3;OKTOBER
173;SULAWESI BARAT;MAJENE;SENDANA;BANUA SENDANA;41;OKTOBER
174;SULAWESI BARAT;MAJENE;SENDANA;TALLUBANUA UTARA;10;OKTOBER
175;SULAWESI BARAT;MAJENE;SENDANA;LIMBORO RAMBU-RAMBU;21;OKTOBER
176;SULAWESI BARAT;MAJENE;SENDANA;LIMBUA;7;OKTOBER
177;SULAWESI BARAT;MAJENE;SENDANA;BUKIT SAMANG;20;OKTOBER
178;SULAWESI BARAT;MAJENE;TAMMERODO SENDANA;SEPPONG;53;OKTOBER
179;SULAWESI BARAT;MAJENE;TAMMERODO SENDANA;TAMMERODO;62;OKTOBER
180;SULAWESI BARAT;MAJENE;TAMMERODO SENDANA;ULIDANG;51;OKTOBER
181;SULAWESI BARAT;MAJENE;TAMMERODO SENDANA;TALLAMBALAO;41;OKTOBER
182;SULAWESI BARAT;MAJENE;TAMMERODO SENDANA;TAMMERODO UTARA;63;OKTOBER
183;SULAWESI BARAT;MAJENE;TAMMERODO SENDANA;MANYAMBA;15;OKTOBER
184;SULAWESI BARAT;MAJENE;TAMMERODO SENDANA;AWO;72;OKTOBER
185;SULAWESI BARAT;MAJENE;TUBO SENDANA;ONANG;11;OKTOBER
186;SULAWESI BARAT;MAJENE;TUBO SENDANA;TUBO;4;OKTOBER
187;SULAWESI BARAT;MAJENE;TUBO SENDANA;ONANG UTARA;24;OKTOBER
188;SULAWESI BARAT;MAJENE;TUBO SENDANA;TUBO SELATAN;11;OKTOBER
189;SULAWESI BARAT;MAJENE;TUBO SENDANA;BONDE BONDE;9;OKTOBER
190;SULAWESI BARAT;MAJENE;TUBO SENDANA;TUBO TENGAH;15;OKTOBER
191;SULAWESI BARAT;MAJENE;TUBO SENDANA;TUBO POANG;12;OKTOBER
192;SULAWESI BARAT;MAJENE;ULUMANDA;KABIRAAN;4;OKTOBER
193;SULAWESI BARAT;MAJENE;ULUMANDA;SAMBABO;4;OKTOBER
194;SULAWESI BARAT;MAJENE;ULUMANDA;TANDEALLO;0;OKTOBER
195;SULAWESI BARAT;MAJENE;ULUMANDA;ULUMANDA;9;OKTOBER
196;SULAWESI BARAT;MAJENE;ULUMANDA;SALUTAMBUNG;8;OKTOBER
197;SULAWESI BARAT;MAJENE;ULUMANDA;POPENGA;0;OKTOBER
198;SULAWESI BARAT;MAJENE;ULUMANDA;SULAI;5;OKTOBER
199;SULAWESI BARAT;MAJENE;ULUMANDA;PANGGALO;3;OKTOBER
200;SULAWESI BARAT;MAMASA;ARALLE;ARALLE;0;OKTOBER
201;SULAWESI BARAT;MAMASA;ARALLE;RALLE ANAK;0;OKTOBER
202;SULAWESI BARAT;MAMASA;ARALLE;PANETEAN;0;OKTOBER
203;SULAWESI BARAT;MAMASA;ARALLE;UHAILANU;0;OKTOBER
204;SULAWESI BARAT;MAMASA;ARALLE;ARALLE UTARA;0;OKTOBER
205;SULAWESI BARAT;MAMASA;ARALLE;UHAIDAHO;0;OKTOBER
206;SULAWESI BARAT;MAMASA;ARALLE;BARURU;0;OKTOBER
207;SULAWESI BARAT;MAMASA;ARALLE;RALLEANAK UTARA;0;OKTOBER
208;SULAWESI BARAT;MAMASA;ARALLE;PAMOSEANG PANGGA;0;OKTOBER
209;SULAWESI BARAT;MAMASA;ARALLE;KALABE;0;OKTOBER
210;SULAWESI BARAT;MAMASA;ARALLE;ARALLE SELATAN;0;OKTOBER
211;SULAWESI BARAT;MAMASA;ARALLE;HAHANGAN;0;OKTOBER
212;SULAWESI BARAT;MAMASA;BALLA;BALLA;5;OKTOBER
213;SULAWESI BARAT;MAMASA;BALLA;BALLA BARAT;2;OKTOBER
214;SULAWESI BARAT;MAMASA;BALLA;BALLA SATANETEAN;5;OKTOBER
215;SULAWESI BARAT;MAMASA;BALLA;BALLA TUMUKA;0;OKTOBER
216;SULAWESI BARAT;MAMASA;BALLA;SEPAKUAN;2;OKTOBER
217;SULAWESI BARAT;MAMASA;BALLA;PIDARA;2;OKTOBER
218;SULAWESI BARAT;MAMASA;BALLA;BAMBAPUANG;0;OKTOBER
219;SULAWESI BARAT;MAMASA;BALLA;BALLA TIMUR;0;OKTOBER
220;SULAWESI BARAT;MAMASA;BAMBANG;MOKALLANG;2;OKTOBER
221;SULAWESI BARAT;MAMASA;BAMBANG;MASOSO;0;OKTOBER
222;SULAWESI BARAT;MAMASA;BAMBANG;SALUASSING;5;OKTOBER
223;SULAWESI BARAT;MAMASA;BAMBANG;SALUBULO;0;OKTOBER
224;SULAWESI BARAT;MAMASA;BAMBANG;SALUKADI;5;OKTOBER
225;SULAWESI BARAT;MAMASA;BAMBANG;SALUKEPOPOK;3;OKTOBER
226;SULAWESI BARAT;MAMASA;BAMBANG;ULUMAMBI BARAT;0;OKTOBER
227;SULAWESI BARAT;MAMASA;BAMBANG;LIMBADEBATA;2;OKTOBER
228;SULAWESI BARAT;MAMASA;BAMBANG;TANETE TOMBA;2;OKTOBER
229;SULAWESI BARAT;MAMASA;BAMBANG;BAMBANG;0;OKTOBER
230;SULAWESI BARAT;MAMASA;BAMBANG;RANTELEMO;3;OKTOBER
231;SULAWESI BARAT;MAMASA;BAMBANG;SALUDENGEN;2;OKTOBER
232;SULAWESI BARAT;MAMASA;BAMBANG;ULUMAMBI;0;OKTOBER
233;SULAWESI BARAT;MAMASA;BAMBANG;BAMBANG TIMUR;0;OKTOBER
234;SULAWESI BARAT;MAMASA;BAMBANG;MINANGA;0;OKTOBER
235;SULAWESI BARAT;MAMASA;BAMBANG;SIKAMASE;1;OKTOBER
236;SULAWESI BARAT;MAMASA;BAMBANG;RANTETARIMA;0;OKTOBER
237;SULAWESI BARAT;MAMASA;BAMBANG;SALURURU;1;OKTOBER
238;SULAWESI BARAT;MAMASA;BAMBANG;SALUTABANG;2;OKTOBER
239;SULAWESI BARAT;MAMASA;BAMBANG;BALATANA;6;OKTOBER
240;SULAWESI BARAT;MAMASA;BUNTUMALANGKA;BUNTUMALANGKA;5;OKTOBER
241;SULAWESI BARAT;MAMASA;BUNTUMALANGKA;RANTEBERAN;32;OKTOBER
242;SULAWESI BARAT;MAMASA;BUNTUMALANGKA;KEBANGA;7;OKTOBER
243;SULAWESI BARAT;MAMASA;BUNTUMALANGKA;SALURINDU;0;OKTOBER
244;SULAWESI BARAT;MAMASA;BUNTUMALANGKA;TAORA;7;OKTOBER
245;SULAWESI BARAT;MAMASA;BUNTUMALANGKA;KABAE;2;OKTOBER
246;SULAWESI BARAT;MAMASA;BUNTUMALANGKA;SALUTAMBUN BARAT;2;OKTOBER
247;SULAWESI BARAT;MAMASA;BUNTUMALANGKA;PENATANGAN;15;OKTOBER
248;SULAWESI BARAT;MAMASA;BUNTUMALANGKA;SALUTAMBUN TIMUR;3;OKTOBER
249;SULAWESI BARAT;MAMASA;BUNTUMALANGKA;SALUTAMBUN;0;OKTOBER
250;SULAWESI BARAT;MAMASA;BUNTUMALANGKA;ARALLE TIMUR;12;OKTOBER
251;SULAWESI BARAT;MAMASA;MAMASA;MAMASA;9;OKTOBER
252;SULAWESI BARAT;MAMASA;MAMASA;RAMBUSARATU;2;OKTOBER
253;SULAWESI BARAT;MAMASA;MAMASA;OSANGO;12;OKTOBER
254;SULAWESI BARAT;MAMASA;MAMASA;LAMBANAN;1;OKTOBER
255;SULAWESI BARAT;MAMASA;MAMASA;LEMBANA SALULO;6;OKTOBER
256;SULAWESI BARAT;MAMASA;MAMASA;TAUPE;0;OKTOBER
257;SULAWESI BARAT;MAMASA;MAMASA;BUNTU BUDA;12;OKTOBER
258;SULAWESI BARAT;MAMASA;MAMASA;TONDOK BAKARU;0;OKTOBER
259;SULAWESI BARAT;MAMASA;MAMASA;PEBASSIAN;0;OKTOBER
260;SULAWESI BARAT;MAMASA;MAMASA;MAMBULILING;0;OKTOBER
261;SULAWESI BARAT;MAMASA;MAMASA;BOMBONG LAMBE;13;OKTOBER
262;SULAWESI BARAT;MAMASA;MAMASA;BUBUN BATU;0;OKTOBER
263;SULAWESI BARAT;MAMASA;MAMBI;MAMBI;0;OKTOBER
264;SULAWESI BARAT;MAMASA;MAMBI;TALIPUKKI;0;OKTOBER
265;SULAWESI BARAT;MAMASA;MAMBI;RANTEBULAHAN;0;OKTOBER
266;SULAWESI BARAT;MAMASA;MAMBI;SONDONGLAYU;0;OKTOBER
267;SULAWESI BARAT;MAMASA;MAMBI;SALUBANUA;0;OKTOBER
268;SULAWESI BARAT;MAMASA;MAMBI;TAPALINA;0;OKTOBER
269;SULAWESI BARAT;MAMASA;MAMBI;SENDANA;0;OKTOBER
270;SULAWESI BARAT;MAMASA;MAMBI;PAMOSEAN;0;OKTOBER
271;SULAWESI BARAT;MAMASA;MAMBI;SELUMAKA;0;OKTOBER
272;SULAWESI BARAT;MAMASA;MAMBI;BUJUNG MANURUNG;0;OKTOBER
273;SULAWESI BARAT;MAMASA;MAMBI;SALU ALO;0;OKTOBER
274;SULAWESI BARAT;MAMASA;MAMBI;INDOBANUA;0;OKTOBER
275;SULAWESI BARAT;MAMASA;MAMBI;SALUDURIAN;0;OKTOBER
276;SULAWESI BARAT;MAMASA;MEHALAAN;MEHALAAN;0;OKTOBER
277;SULAWESI BARAT;MAMASA;MEHALAAN;BOTTENG;5;OKTOBER
278;SULAWESI BARAT;MAMASA;MEHALAAN;SALUKONTA;4;OKTOBER
279;SULAWESI BARAT;MAMASA;MEHALAAN;MESAKADA;2;OKTOBER
280;SULAWESI BARAT;MAMASA;MEHALAAN;MEHALAAN BARAT;1;OKTOBER
281;SULAWESI BARAT;MAMASA;MEHALAAN;SALUAHOK;0;OKTOBER
282;SULAWESI BARAT;MAMASA;MEHALAAN;SALUBALO;3;OKTOBER
283;SULAWESI BARAT;MAMASA;MEHALAAN;PASSEMBUK;1;OKTOBER
284;SULAWESI BARAT;MAMASA;MEHALAAN;KONDO;1;OKTOBER
285;SULAWESI BARAT;MAMASA;MEHALAAN;LEKO SUKAMAJU;0;OKTOBER
286;SULAWESI BARAT;MAMASA;MEHALAAN;ULUMEA;1;OKTOBER
287;SULAWESI BARAT;MAMASA;MESSAWA;MESSAWA;0;OKTOBER
288;SULAWESI BARAT;MAMASA;MESSAWA;RIPPUNG;0;OKTOBER
289;SULAWESI BARAT;MAMASA;MESSAWA;MAKUANG;0;OKTOBER
290;SULAWESI BARAT;MAMASA;MESSAWA;SEPANG;0;OKTOBER
291;SULAWESI BARAT;MAMASA;MESSAWA;MALIMBONG;0;OKTOBER
292;SULAWESI BARAT;MAMASA;MESSAWA;MATANDE;0;OKTOBER
293;SULAWESI BARAT;MAMASA;MESSAWA;SIPAI;0;OKTOBER
294;SULAWESI BARAT;MAMASA;MESSAWA;PASMA MAMBU;0;OKTOBER
295;SULAWESI BARAT;MAMASA;MESSAWA;TANETE BATU;0;OKTOBER
296;SULAWESI BARAT;MAMASA;NOSU;NOSU;1;OKTOBER
297;SULAWESI BARAT;MAMASA;NOSU;MINANGA;1;OKTOBER
298;SULAWESI BARAT;MAMASA;NOSU;BATUPAPAN;0;OKTOBER
299;SULAWESI BARAT;MAMASA;NOSU;MASEWWE;1;OKTOBER
300;SULAWESI BARAT;MAMASA;NOSU;SIWI;6;OKTOBER
301;SULAWESI BARAT;MAMASA;NOSU;MINANGA TIMUR;0;OKTOBER
302;SULAWESI BARAT;MAMASA;NOSU;PARINDING;0;OKTOBER
303;SULAWESI BARAT;MAMASA;PANA;PANA;1;OKTOBER
304;SULAWESI BARAT;MAMASA;PANA;MANIPI;0;OKTOBER
305;SULAWESI BARAT;MAMASA;PANA;MAMULLU;1;OKTOBER
306;SULAWESI BARAT;MAMASA;PANA;SAPAN;0;OKTOBER
307;SULAWESI BARAT;MAMASA;PANA;DATUBARINGAN;3;OKTOBER
308;SULAWESI BARAT;MAMASA;PANA;PANURA;0;OKTOBER
309;SULAWESI BARAT;MAMASA;PANA;TALLANG BULAWAN;0;OKTOBER
310;SULAWESI BARAT;MAMASA;PANA;KARAKA;4;OKTOBER
311;SULAWESI BARAT;MAMASA;PANA;ULUSALU;0;OKTOBER
312;SULAWESI BARAT;MAMASA;PANA;WERI;2;OKTOBER
313;SULAWESI BARAT;MAMASA;PANA;SALUTAMBUN;0;OKTOBER
314;SULAWESI BARAT;MAMASA;PANA;SALOAN;7;OKTOBER
315;SULAWESI BARAT;MAMASA;PANA;ULUSALU INDAH;0;OKTOBER
316;SULAWESI BARAT;MAMASA;RANTEBULAHAN TIMUR;SALUMOKANAN;1;OKTOBER
317;SULAWESI BARAT;MAMASA;RANTEBULAHAN TIMUR;SALUMOKANAN BARAT;2;OKTOBER
318;SULAWESI BARAT;MAMASA;RANTEBULAHAN TIMUR;BUANGIN;2;OKTOBER
319;SULAWESI BARAT;MAMASA;RANTEBULAHAN TIMUR;BAMBANG BUDA;5;OKTOBER
320;SULAWESI BARAT;MAMASA;RANTEBULAHAN TIMUR;LEKO;1;OKTOBER
321;SULAWESI BARAT;MAMASA;RANTEBULAHAN TIMUR;KIRAK;6;OKTOBER
322;SULAWESI BARAT;MAMASA;RANTEBULAHAN TIMUR;SALUMOKANAN UTARA;5;OKTOBER
323;SULAWESI BARAT;MAMASA;RANTEBULAHAN TIMUR;SAMPALE;1;OKTOBER
324;SULAWESI BARAT;MAMASA;SESENAPADANG;OROBUA;0;OKTOBER
325;SULAWESI BARAT;MAMASA;SESENAPADANG;PALADAN;0;OKTOBER
326;SULAWESI BARAT;MAMASA;SESENAPADANG;OROBUA TIMUR;6;OKTOBER
327;SULAWESI BARAT;MAMASA;SESENAPADANG;RANTE PUANG;0;OKTOBER
328;SULAWESI BARAT;MAMASA;SESENAPADANG;SATENETEAN;2;OKTOBER
329;SULAWESI BARAT;MAMASA;SESENAPADANG;LISUAN ADA;0;OKTOBER
330;SULAWESI BARAT;MAMASA;SESENAPADANG;OROBUA SELATAN;3;OKTOBER
331;SULAWESI BARAT;MAMASA;SESENAPADANG;MALANGKENA PADANG;0;OKTOBER
332;SULAWESI BARAT;MAMASA;SESENAPADANG;MALIMBONG;1;OKTOBER
333;SULAWESI BARAT;MAMASA;SESENAPADANG;MARAMPAN OROBUA;0;OKTOBER
334;SULAWESI BARAT;MAMASA;SUMARORONG;SUMARORONG;0;OKTOBER
335;SULAWESI BARAT;MAMASA;SUMARORONG;TABONE;0;OKTOBER
336;SULAWESI BARAT;MAMASA;SUMARORONG;BATANG URU;0;OKTOBER
337;SULAWESI BARAT;MAMASA;SUMARORONG;SASAKAN;7;OKTOBER
338;SULAWESI BARAT;MAMASA;SUMARORONG;TADISI;0;OKTOBER
339;SULAWESI BARAT;MAMASA;SUMARORONG;SIBANAWA;0;OKTOBER
340;SULAWESI BARAT;MAMASA;SUMARORONG;BATANGNGURU TIMUR;0;OKTOBER
341;SULAWESI BARAT;MAMASA;SUMARORONG;SALUBALO;0;OKTOBER
342;SULAWESI BARAT;MAMASA;SUMARORONG;BANEA;0;OKTOBER
343;SULAWESI BARAT;MAMASA;SUMARORONG;RANTE KAMASE;3;OKTOBER
344;SULAWESI BARAT;MAMASA;TABANG;TABANG;0;OKTOBER
345;SULAWESI BARAT;MAMASA;TABANG;TADOKALUA;0;OKTOBER
346;SULAWESI BARAT;MAMASA;TABANG;TABANG BARAT;0;OKTOBER
347;SULAWESI BARAT;MAMASA;TABANG;MASUPU;2;OKTOBER
348;SULAWESI BARAT;MAMASA;TABANG;KALAMA;0;OKTOBER
349;SULAWESI BARAT;MAMASA;TABANG;BAKADISURA;12;OKTOBER
350;SULAWESI BARAT;MAMASA;TABANG;SALUKONA;0;OKTOBER
351;SULAWESI BARAT;MAMASA;TABULAHAN;LAKAHANG;3;OKTOBER
352;SULAWESI BARAT;MAMASA;TABULAHAN;PERIANGAN;0;OKTOBER
353;SULAWESI BARAT;MAMASA;TABULAHAN;MALATIRO;0;OKTOBER
354;SULAWESI BARAT;MAMASA;TABULAHAN;TABULAHAN;0;OKTOBER
355;SULAWESI BARAT;MAMASA;TABULAHAN;SALULEANG;0;OKTOBER
356;SULAWESI BARAT;MAMASA;TABULAHAN;TAMPAK KURRA;3;OKTOBER
357;SULAWESI BARAT;MAMASA;TABULAHAN;GANDANG DEWATA;0;OKTOBER
358;SULAWESI BARAT;MAMASA;TABULAHAN;BURANA;0;OKTOBER
359;SULAWESI BARAT;MAMASA;TABULAHAN;SALUBAKKA;0;OKTOBER
360;SULAWESI BARAT;MAMASA;TABULAHAN;PANGANDARAN;4;OKTOBER
361;SULAWESI BARAT;MAMASA;TABULAHAN;TALOPAK;0;OKTOBER
362;SULAWESI BARAT;MAMASA;TABULAHAN;PEU';0;OKTOBER
363;SULAWESI BARAT;MAMASA;TABULAHAN;TIMORO;0;OKTOBER
364;SULAWESI BARAT;MAMASA;TABULAHAN;LAKAHANG UTAMA;0;OKTOBER
365;SULAWESI BARAT;MAMASA;TANDUK KALUA;MINAKE;0;OKTOBER
366;SULAWESI BARAT;MAMASA;TANDUK KALUA;MALABO;0;OKTOBER
367;SULAWESI BARAT;MAMASA;TANDUK KALUA;SINDAGAMANIK;1;OKTOBER
368;SULAWESI BARAT;MAMASA;TANDUK KALUA;PARONDOBULAWAN;0;OKTOBER
369;SULAWESI BARAT;MAMASA;TANDUK KALUA;TAMALANTIK;0;OKTOBER
370;SULAWESI BARAT;MAMASA;TANDUK KALUA;MANNABABA;0;OKTOBER
371;SULAWESI BARAT;MAMASA;TANDUK KALUA;MESAKADA;3;OKTOBER
372;SULAWESI BARAT;MAMASA;TANDUK KALUA;BALLABATU;12;OKTOBER
373;SULAWESI BARAT;MAMASA;TANDUK KALUA;PAMBE;0;OKTOBER
374;SULAWESI BARAT;MAMASA;TANDUK KALUA;SALURANO;1;OKTOBER
375;SULAWESI BARAT;MAMASA;TANDUK KALUA;TALIMBUNG;0;OKTOBER
376;SULAWESI BARAT;MAMASA;TANDUK KALUA;KANAN;0;OKTOBER
377;SULAWESI BARAT;MAMASA;TAWALIAN;TAWALIAN;0;OKTOBER
378;SULAWESI BARAT;MAMASA;TAWALIAN;TAWALIAN TIMUR;1;OKTOBER
379;SULAWESI BARAT;MAMASA;TAWALIAN;KARIANGO;0;OKTOBER
380;SULAWESI BARAT;MAMASA;TAWALIAN;RANTETANGNGA;5;OKTOBER
381;SULAWESI BARAT;POLEWALI MANDAR;ALLU;PETOOSANG;8;OKTOBER
382;SULAWESI BARAT;POLEWALI MANDAR;ALLU;MOMBI;12;OKTOBER
383;SULAWESI BARAT;POLEWALI MANDAR;ALLU;KALUMAMMANG;15;OKTOBER
384;SULAWESI BARAT;POLEWALI MANDAR;ALLU;PAO-PAO;10;OKTOBER
385;SULAWESI BARAT;POLEWALI MANDAR;ALLU;PUPPU URING;24;OKTOBER
386;SULAWESI BARAT;POLEWALI MANDAR;ALLU;SARAGIAN;19;OKTOBER
387;SULAWESI BARAT;POLEWALI MANDAR;ALLU;SAYOANG;10;OKTOBER
388;SULAWESI BARAT;POLEWALI MANDAR;ALLU;ALU;10;OKTOBER
389;SULAWESI BARAT;POLEWALI MANDAR;ANREAPI;ANREAPI;17;OKTOBER
390;SULAWESI BARAT;POLEWALI MANDAR;ANREAPI;DUAMPANUA;3;OKTOBER
391;SULAWESI BARAT;POLEWALI MANDAR;ANREAPI;KELAPA DUA;15;OKTOBER
392;SULAWESI BARAT;POLEWALI MANDAR;ANREAPI;PAPPANDANGAN;11;OKTOBER
393;SULAWESI BARAT;POLEWALI MANDAR;ANREAPI;KUNYI;7;OKTOBER
394;SULAWESI BARAT;POLEWALI MANDAR;BALANIPA;BALANIPA;25;OKTOBER
395;SULAWESI BARAT;POLEWALI MANDAR;BALANIPA;TAMMAJARRA;13;OKTOBER
396;SULAWESI BARAT;POLEWALI MANDAR;BALANIPA;TAMANGGALLE;26;OKTOBER
397;SULAWESI BARAT;POLEWALI MANDAR;BALANIPA;MOSSO;0;OKTOBER
398;SULAWESI BARAT;POLEWALI MANDAR;BALANIPA;GALUNG TULUK;27;OKTOBER
399;SULAWESI BARAT;POLEWALI MANDAR;BALANIPA;SABANG SUBIK;23;OKTOBER
400;SULAWESI BARAT;POLEWALI MANDAR;BALANIPA;PAMBUSUANG;16;OKTOBER
401;SULAWESI BARAT;POLEWALI MANDAR;BALANIPA;BALA;39;OKTOBER
402;SULAWESI BARAT;POLEWALI MANDAR;BALANIPA;LAMBANAN;2;OKTOBER
403;SULAWESI BARAT;POLEWALI MANDAR;BALANIPA;LEGO;2;OKTOBER
404;SULAWESI BARAT;POLEWALI MANDAR;BALANIPA;PALLIS;4;OKTOBER
405;SULAWESI BARAT;POLEWALI MANDAR;BINUANG;AMASSANGAN;29;OKTOBER
406;SULAWESI BARAT;POLEWALI MANDAR;BINUANG;TONYAMAN;39;OKTOBER
407;SULAWESI BARAT;POLEWALI MANDAR;BINUANG;KUAJANG;42;OKTOBER
408;SULAWESI BARAT;POLEWALI MANDAR;BINUANG;PAKU;8;OKTOBER
409;SULAWESI BARAT;POLEWALI MANDAR;BINUANG;MIRRING;17;OKTOBER
410;SULAWESI BARAT;POLEWALI MANDAR;BINUANG;BATETANGNGA;25;OKTOBER
411;SULAWESI BARAT;POLEWALI MANDAR;BINUANG;MAMMI;35;OKTOBER
412;SULAWESI BARAT;POLEWALI MANDAR;BINUANG;KALEOK;8;OKTOBER
413;SULAWESI BARAT;POLEWALI MANDAR;BINUANG;AMOLA;9;OKTOBER
414;SULAWESI BARAT;POLEWALI MANDAR;BINUANG;REA;33;OKTOBER
415;SULAWESI BARAT;POLEWALI MANDAR;BULO;BULO;5;OKTOBER
416;SULAWESI BARAT;POLEWALI MANDAR;BULO;PULLIWA;19;OKTOBER
417;SULAWESI BARAT;POLEWALI MANDAR;BULO;PATAMBANUA;16;OKTOBER
418;SULAWESI BARAT;POLEWALI MANDAR;BULO;KAROMBANG;0;OKTOBER
419;SULAWESI BARAT;POLEWALI MANDAR;BULO;DAALA TIMUR;12;OKTOBER
420;SULAWESI BARAT;POLEWALI MANDAR;BULO;LENGGO;0;OKTOBER
421;SULAWESI BARAT;POLEWALI MANDAR;BULO;SABURA;0;OKTOBER
422;SULAWESI BARAT;POLEWALI MANDAR;BULO;SEPPORRAKI;6;OKTOBER
423;SULAWESI BARAT;POLEWALI MANDAR;BULO;IHING;7;OKTOBER
424;SULAWESI BARAT;POLEWALI MANDAR;CAMPALAGIAN;PAPPANG;18;OKTOBER
425;SULAWESI BARAT;POLEWALI MANDAR;CAMPALAGIAN;LALIKO;0;OKTOBER
426;SULAWESI BARAT;POLEWALI MANDAR;CAMPALAGIAN;BONDE;1;OKTOBER
427;SULAWESI BARAT;POLEWALI MANDAR;CAMPALAGIAN;KATUMBANGAN LEMO;13;OKTOBER
428;SULAWESI BARAT;POLEWALI MANDAR;CAMPALAGIAN;PANYAMPA;41;OKTOBER
429;SULAWESI BARAT;POLEWALI MANDAR;CAMPALAGIAN;SURUANG;21;OKTOBER
430;SULAWESI BARAT;POLEWALI MANDAR;CAMPALAGIAN;LAMPOKO;26;OKTOBER
431;SULAWESI BARAT;POLEWALI MANDAR;CAMPALAGIAN;KATUMBANGAN;0;OKTOBER
432;SULAWESI BARAT;POLEWALI MANDAR;CAMPALAGIAN;LAPEO;16;OKTOBER
433;SULAWESI BARAT;POLEWALI MANDAR;CAMPALAGIAN;PARAPPE;2;OKTOBER
434;SULAWESI BARAT;POLEWALI MANDAR;CAMPALAGIAN;ONGKO;11;OKTOBER
435;SULAWESI BARAT;POLEWALI MANDAR;CAMPALAGIAN;KENJE;15;OKTOBER
436;SULAWESI BARAT;POLEWALI MANDAR;CAMPALAGIAN;SUMARRANG;0;OKTOBER
437;SULAWESI BARAT;POLEWALI MANDAR;CAMPALAGIAN;BOTTO;11;OKTOBER
438;SULAWESI BARAT;POLEWALI MANDAR;CAMPALAGIAN;GATTUNGAN;12;OKTOBER
439;SULAWESI BARAT;POLEWALI MANDAR;CAMPALAGIAN;PADANG TIMUR;0;OKTOBER
440;SULAWESI BARAT;POLEWALI MANDAR;CAMPALAGIAN;PADANG;5;OKTOBER
441;SULAWESI BARAT;POLEWALI MANDAR;CAMPALAGIAN;LAGI-AGI;19;OKTOBER
442;SULAWESI BARAT;POLEWALI MANDAR;LIMBORO;LIMBORO;42;OKTOBER
443;SULAWESI BARAT;POLEWALI MANDAR;LIMBORO;LEMBANG LEMBANG;27;OKTOBER
444;SULAWESI BARAT;POLEWALI MANDAR;LIMBORO;TANDASURA;25;OKTOBER
445;SULAWESI BARAT;POLEWALI MANDAR;LIMBORO;SAMASUNDU;11;OKTOBER
446;SULAWESI BARAT;POLEWALI MANDAR;LIMBORO;NAPO;24;OKTOBER
447;SULAWESI BARAT;POLEWALI MANDAR;LIMBORO;TODANG TODANG;10;OKTOBER
448;SULAWESI BARAT;POLEWALI MANDAR;LIMBORO;PENDULANGAN;6;OKTOBER
449;SULAWESI BARAT;POLEWALI MANDAR;LIMBORO;RENGGEANG;22;OKTOBER
450;SULAWESI BARAT;POLEWALI MANDAR;LIMBORO;SALARRI;2;OKTOBER
451;SULAWESI BARAT;POLEWALI MANDAR;LIMBORO;TANGAN BARU;11;OKTOBER
452;SULAWESI BARAT;POLEWALI MANDAR;LIMBORO;PALECE;27;OKTOBER
453;SULAWESI BARAT;POLEWALI MANDAR;LUYO;BATUPANGA;26;OKTOBER
454;SULAWESI BARAT;POLEWALI MANDAR;LUYO;MAMBU;21;OKTOBER
455;SULAWESI BARAT;POLEWALI MANDAR;LUYO;TENGGELANG;33;OKTOBER
456;SULAWESI BARAT;POLEWALI MANDAR;LUYO;BARU;44;OKTOBER
457;SULAWESI BARAT;POLEWALI MANDAR;LUYO;PUSSUI;10;OKTOBER
458;SULAWESI BARAT;POLEWALI MANDAR;LUYO;MAPILI BARAT;31;OKTOBER
459;SULAWESI BARAT;POLEWALI MANDAR;LUYO;SAMBALI WALI;34;OKTOBER
460;SULAWESI BARAT;POLEWALI MANDAR;LUYO;BATUPANGA DAALA;0;OKTOBER
461;SULAWESI BARAT;POLEWALI MANDAR;LUYO;LUYO;18;OKTOBER
462;SULAWESI BARAT;POLEWALI MANDAR;LUYO;PUSSUI BARAT;0;OKTOBER
463;SULAWESI BARAT;POLEWALI MANDAR;LUYO;PUCCADI;10;OKTOBER
464;SULAWESI BARAT;POLEWALI MANDAR;MAPILLI;MAPILI;0;OKTOBER
465;SULAWESI BARAT;POLEWALI MANDAR;MAPILLI;UGIBARU;5;OKTOBER
466;SULAWESI BARAT;POLEWALI MANDAR;MAPILLI;RUMPA;0;OKTOBER
467;SULAWESI BARAT;POLEWALI MANDAR;MAPILLI;KURMA;21;OKTOBER
468;SULAWESI BARAT;POLEWALI MANDAR;MAPILLI;BUKU;6;OKTOBER
469;SULAWESI BARAT;POLEWALI MANDAR;MAPILLI;BONNE BONNE;8;OKTOBER
470;SULAWESI BARAT;POLEWALI MANDAR;MAPILLI;BEROANGIN;0;OKTOBER
471;SULAWESI BARAT;POLEWALI MANDAR;MAPILLI;SEGERANG;0;OKTOBER
472;SULAWESI BARAT;POLEWALI MANDAR;MAPILLI;BONRA;0;OKTOBER
473;SULAWESI BARAT;POLEWALI MANDAR;MAPILLI;SATTOKO;0;OKTOBER
474;SULAWESI BARAT;POLEWALI MANDAR;MAPILLI;RAPPANG BARAT;11;OKTOBER
475;SULAWESI BARAT;POLEWALI MANDAR;MAPILLI;LANDI KANUSUANG;0;OKTOBER
476;SULAWESI BARAT;POLEWALI MANDAR;MATAKALI;MATAKALI;11;OKTOBER
477;SULAWESI BARAT;POLEWALI MANDAR;MATAKALI;PETAMPANUA;1;OKTOBER
478;SULAWESI BARAT;POLEWALI MANDAR;MATAKALI;BARUMBUNG;17;OKTOBER
479;SULAWESI BARAT;POLEWALI MANDAR;MATAKALI;PASIANG;21;OKTOBER
480;SULAWESI BARAT;POLEWALI MANDAR;MATAKALI;TONROLIMA;21;OKTOBER
481;SULAWESI BARAT;POLEWALI MANDAR;MATAKALI;INDOMAKKOMBONG;25;OKTOBER
482;SULAWESI BARAT;POLEWALI MANDAR;MATAKALI;BUNGA-BUNGA;0;OKTOBER
483;SULAWESI BARAT;POLEWALI MANDAR;MATANGNGA;MATANGNGA;5;OKTOBER
484;SULAWESI BARAT;POLEWALI MANDAR;MATANGNGA;LILLI;7;OKTOBER
485;SULAWESI BARAT;POLEWALI MANDAR;MATANGNGA;RANGOAN;3;OKTOBER
486;SULAWESI BARAT;POLEWALI MANDAR;MATANGNGA;TAPUA;5;OKTOBER
487;SULAWESI BARAT;POLEWALI MANDAR;MATANGNGA;MAMBU TAPUA;8;OKTOBER
488;SULAWESI BARAT;POLEWALI MANDAR;MATANGNGA;BA'BA TAPUA;13;OKTOBER
489;SULAWESI BARAT;POLEWALI MANDAR;MATANGNGA;KATIMBANG;8;OKTOBER
490;SULAWESI BARAT;POLEWALI MANDAR;POLEWALI;POLEWALI;34;OKTOBER
491;SULAWESI BARAT;POLEWALI MANDAR;POLEWALI;WATTANG;16;OKTOBER
492;SULAWESI BARAT;POLEWALI MANDAR;POLEWALI;SULEWATANG;25;OKTOBER
493;SULAWESI BARAT;POLEWALI MANDAR;POLEWALI;LANTORA;28;OKTOBER
494;SULAWESI BARAT;POLEWALI MANDAR;POLEWALI;TAKATIDUNG;55;OKTOBER
495;SULAWESI BARAT;POLEWALI MANDAR;POLEWALI;PEKKABATA;9;OKTOBER
496;SULAWESI BARAT;POLEWALI MANDAR;POLEWALI;MADATE;65;OKTOBER
497;SULAWESI BARAT;POLEWALI MANDAR;POLEWALI;MANDING;43;OKTOBER
498;SULAWESI BARAT;POLEWALI MANDAR;POLEWALI;DARMA;17;OKTOBER
499;SULAWESI BARAT;POLEWALI MANDAR;TAPANGO;PELITAKAN;0;OKTOBER
500;SULAWESI BARAT;POLEWALI MANDAR;TAPANGO;TAPANGO;2;OKTOBER
501;SULAWESI BARAT;POLEWALI MANDAR;TAPANGO;RAPPANG;0;OKTOBER
502;SULAWESI BARAT;POLEWALI MANDAR;TAPANGO;DAKKA;0;OKTOBER
503;SULAWESI BARAT;POLEWALI MANDAR;TAPANGO;BATU;0;OKTOBER
504;SULAWESI BARAT;POLEWALI MANDAR;TAPANGO;RISO;0;OKTOBER
505;SULAWESI BARAT;POLEWALI MANDAR;TAPANGO;PALATTA;0;OKTOBER
506;SULAWESI BARAT;POLEWALI MANDAR;TAPANGO;TAPANGO BARAT;8;OKTOBER
507;SULAWESI BARAT;POLEWALI MANDAR;TAPANGO;KURRAK;0;OKTOBER
508;SULAWESI BARAT;POLEWALI MANDAR;TAPANGO;BUSSU;16;OKTOBER
509;SULAWESI BARAT;POLEWALI MANDAR;TAPANGO;TUTTULA;13;OKTOBER
510;SULAWESI BARAT;POLEWALI MANDAR;TAPANGO;JAMBU MALEA;8;OKTOBER
511;SULAWESI BARAT;POLEWALI MANDAR;TAPANGO;KALIMBUA;4;OKTOBER
512;SULAWESI BARAT;POLEWALI MANDAR;TAPANGO;BANATO REJO;10;OKTOBER
513;SULAWESI BARAT;POLEWALI MANDAR;TINAMBUNG;TINAMBUNG;15;OKTOBER
514;SULAWESI BARAT;POLEWALI MANDAR;TINAMBUNG;KARAMA;17;OKTOBER
515;SULAWESI BARAT;POLEWALI MANDAR;TINAMBUNG;TANGNGA TANGNGA;52;OKTOBER
516;SULAWESI BARAT;POLEWALI MANDAR;TINAMBUNG;LEKOPADIS;39;OKTOBER
517;SULAWESI BARAT;POLEWALI MANDAR;TINAMBUNG;GALUNG LOMBOK;20;OKTOBER
518;SULAWESI BARAT;POLEWALI MANDAR;TINAMBUNG;TANDUNG;23;OKTOBER
519;SULAWESI BARAT;POLEWALI MANDAR;TINAMBUNG;BATULAYA;15;OKTOBER
520;SULAWESI BARAT;POLEWALI MANDAR;TINAMBUNG;SEPABATU;36;OKTOBER
521;SULAWESI BARAT;POLEWALI MANDAR;TUTAR;TARAMANU;12;OKTOBER
522;SULAWESI BARAT;POLEWALI MANDAR;TUTAR;AMBOPADANG;6;OKTOBER
523;SULAWESI BARAT;POLEWALI MANDAR;TUTAR;TUBBI;0;OKTOBER
524;SULAWESI BARAT;POLEWALI MANDAR;TUTAR;RATTE;2;OKTOBER
525;SULAWESI BARAT;POLEWALI MANDAR;TUTAR;BESOANGIN;5;OKTOBER
526;SULAWESI BARAT;POLEWALI MANDAR;TUTAR;PIRIANG TAPIKO;3;OKTOBER
527;SULAWESI BARAT;POLEWALI MANDAR;TUTAR;PEBURRU;5;OKTOBER
528;SULAWESI BARAT;POLEWALI MANDAR;TUTAR;TALOBA;7;OKTOBER
529;SULAWESI BARAT;POLEWALI MANDAR;TUTAR;POLLEWANI;18;OKTOBER
530;SULAWESI BARAT;POLEWALI MANDAR;TUTAR;ARABUA;12;OKTOBER
531;SULAWESI BARAT;POLEWALI MANDAR;TUTAR;BESOANGIN UTARA;7;OKTOBER
532;SULAWESI BARAT;POLEWALI MANDAR;TUTAR;PODA;9;OKTOBER
533;SULAWESI BARAT;POLEWALI MANDAR;TUTAR;TARAMANU TUA;0;OKTOBER
534;SULAWESI BARAT;POLEWALI MANDAR;WONOMULYO;SIDODADI;9;OKTOBER
535;SULAWESI BARAT;POLEWALI MANDAR;WONOMULYO;SIDOREJO;2;OKTOBER
536;SULAWESI BARAT;POLEWALI MANDAR;WONOMULYO;SUMBEREJO;15;OKTOBER
537;SULAWESI BARAT;POLEWALI MANDAR;WONOMULYO;BUMIAYU;6;OKTOBER
538;SULAWESI BARAT;POLEWALI MANDAR;WONOMULYO;KEBUNSARI;5;OKTOBER
539;SULAWESI BARAT;POLEWALI MANDAR;WONOMULYO;BANUA BARU;5;OKTOBER
540;SULAWESI BARAT;POLEWALI MANDAR;WONOMULYO;NEPO;11;OKTOBER
541;SULAWESI BARAT;POLEWALI MANDAR;WONOMULYO;SUGIHWARAS;10;OKTOBER
542;SULAWESI BARAT;POLEWALI MANDAR;WONOMULYO;CAMPURJO;13;OKTOBER
543;SULAWESI BARAT;POLEWALI MANDAR;WONOMULYO;BUMIMULYO;3;OKTOBER
544;SULAWESI BARAT;POLEWALI MANDAR;WONOMULYO;TUMPILING;0;OKTOBER
545;SULAWESI BARAT;POLEWALI MANDAR;WONOMULYO;BAKKA-BAKKA;8;OKTOBER
546;SULAWESI BARAT;POLEWALI MANDAR;WONOMULYO;ARJO SARI;0;OKTOBER
547;SULAWESI BARAT;POLEWALI MANDAR;WONOMULYO;GALESON;9;OKTOBER
548;SULAWESI BARAT;MAMUJU;MAMUJU;BINANGA;0;OKTOBER
549;SULAWESI BARAT;MAMUJU;MAMUJU;MAMUNYU;17;OKTOBER
550;SULAWESI BARAT;MAMUJU;MAMUJU;KAREMA;0;OKTOBER
551;SULAWESI BARAT;MAMUJU;MAMUJU;RIMUKU;18;OKTOBER
552;SULAWESI BARAT;MAMUJU;MAMUJU;BAMBU;10;OKTOBER
553;SULAWESI BARAT;MAMUJU;MAMUJU;KARAMPUANG;27;OKTOBER
554;SULAWESI BARAT;MAMUJU;MAMUJU;TADUI;38;OKTOBER
555;SULAWESI BARAT;MAMUJU;MAMUJU;BATU PANNU;7;OKTOBER
556;SULAWESI BARAT;MAMUJU;TAPALANG;GALUNG;53;OKTOBER
557;SULAWESI BARAT;MAMUJU;TAPALANG;KASAMBANG;20;OKTOBER
558;SULAWESI BARAT;MAMUJU;TAPALANG;DAYANGINNA;7;OKTOBER
559;SULAWESI BARAT;MAMUJU;TAPALANG;OROBATU;6;OKTOBER
560;SULAWESI BARAT;MAMUJU;TAPALANG;TAKANDEANG;45;OKTOBER
561;SULAWESI BARAT;MAMUJU;TAPALANG;BELA;0;OKTOBER
562;SULAWESI BARAT;MAMUJU;TAPALANG;TAAN;0;OKTOBER
563;SULAWESI BARAT;MAMUJU;TAPALANG;TAMPALANG;24;OKTOBER
564;SULAWESI BARAT;MAMUJU;TAPALANG;RANTEDODA;16;OKTOBER
565;SULAWESI BARAT;MAMUJU;TAPALANG;KOPEANG;0;OKTOBER
566;SULAWESI BARAT;MAMUJU;KALUKKU;SINYONYOI;11;OKTOBER
567;SULAWESI BARAT;MAMUJU;KALUKKU;BEBANGA;4;OKTOBER
568;SULAWESI BARAT;MAMUJU;KALUKKU;KALUKKU;23;OKTOBER
569;SULAWESI BARAT;MAMUJU;KALUKKU;SINYONYOI SELATAN;2;OKTOBER
570;SULAWESI BARAT;MAMUJU;KALUKKU;SONDOANG;0;OKTOBER
571;SULAWESI BARAT;MAMUJU;KALUKKU;BERU-BERU;19;OKTOBER
572;SULAWESI BARAT;MAMUJU;KALUKKU;BELANG BELANG;62;OKTOBER
573;SULAWESI BARAT;MAMUJU;KALUKKU;KABULOANG;18;OKTOBER
574;SULAWESI BARAT;MAMUJU;KALUKKU;KEANG;0;OKTOBER
575;SULAWESI BARAT;MAMUJU;KALUKKU;POKKANG;10;OKTOBER
576;SULAWESI BARAT;MAMUJU;KALUKKU;GULILING;14;OKTOBER
577;SULAWESI BARAT;MAMUJU;KALUKKU;UHAIMATE;0;OKTOBER
578;SULAWESI BARAT;MAMUJU;KALUKKU;KALUKKU BARAT;0;OKTOBER
579;SULAWESI BARAT;MAMUJU;KALUKKU;PAMMULUKANG;6;OKTOBER
580;SULAWESI BARAT;MAMUJU;KALUMPANG;KALUMPANG;0;OKTOBER
581;SULAWESI BARAT;MAMUJU;KALUMPANG;KARATAUN;0;OKTOBER
582;SULAWESI BARAT;MAMUJU;KALUMPANG;KARAMA;0;OKTOBER
583;SULAWESI BARAT;MAMUJU;KALUMPANG;SIRAUN;0;OKTOBER
584;SULAWESI BARAT;MAMUJU;KALUMPANG;TUMOGA;9;OKTOBER
585;SULAWESI BARAT;MAMUJU;KALUMPANG;SALUMAKKI;0;OKTOBER
586;SULAWESI BARAT;MAMUJU;KALUMPANG;POLIO;0;OKTOBER
587;SULAWESI BARAT;MAMUJU;KALUMPANG;LIMBONG;0;OKTOBER
588;SULAWESI BARAT;MAMUJU;KALUMPANG;SANDAPANG;0;OKTOBER
589;SULAWESI BARAT;MAMUJU;KALUMPANG;KONDO BULO;0;OKTOBER
590;SULAWESI BARAT;MAMUJU;KALUMPANG;MAKKALIKI;0;OKTOBER
591;SULAWESI BARAT;MAMUJU;KALUMPANG;BATU MAKKADA;0;OKTOBER
592;SULAWESI BARAT;MAMUJU;KALUMPANG;LASA';0;OKTOBER
593;SULAWESI BARAT;MAMUJU;PAPALANG;TOABO;0;OKTOBER
594;SULAWESI BARAT;MAMUJU;PAPALANG;PAPALANG;37;OKTOBER
595;SULAWESI BARAT;MAMUJU;PAPALANG;BONDA;0;OKTOBER
596;SULAWESI BARAT;MAMUJU;PAPALANG;TOPORE;22;OKTOBER
597;SULAWESI BARAT;MAMUJU;PAPALANG;SALUKAYU;9;OKTOBER
598;SULAWESI BARAT;MAMUJU;PAPALANG;SUKADAMAI;3;OKTOBER
599;SULAWESI BARAT;MAMUJU;PAPALANG;BODA-BODA;11;OKTOBER
600;SULAWESI BARAT;MAMUJU;PAPALANG;SISANGO;8;OKTOBER
601;SULAWESI BARAT;MAMUJU;PAPALANG;BATU AMPA;12;OKTOBER
602;SULAWESI BARAT;MAMUJU;SAMPAGA;BUNDE;3;OKTOBER
603;SULAWESI BARAT;MAMUJU;SAMPAGA;KALONDING;2;OKTOBER
604;SULAWESI BARAT;MAMUJU;SAMPAGA;TARAILU;0;OKTOBER
605;SULAWESI BARAT;MAMUJU;SAMPAGA;SAMPAGA;17;OKTOBER
606;SULAWESI BARAT;MAMUJU;SAMPAGA;TANAMBUAH;3;OKTOBER
607;SULAWESI BARAT;MAMUJU;SAMPAGA;SALUBARANA;2;OKTOBER
608;SULAWESI BARAT;MAMUJU;SAMPAGA;LOSSO;0;OKTOBER
609;SULAWESI BARAT;MAMUJU;TOMMO;TOMMO;0;OKTOBER
610;SULAWESI BARAT;MAMUJU;TOMMO;CAMPALOGA;16;OKTOBER
611;SULAWESI BARAT;MAMUJU;TOMMO;BUANA SAKTI;11;OKTOBER
612;SULAWESI BARAT;MAMUJU;TOMMO;TAMEMONGGA;0;OKTOBER
613;SULAWESI BARAT;MAMUJU;TOMMO;TAMEJARRA;2;OKTOBER
614;SULAWESI BARAT;MAMUJU;TOMMO;RANTEMARIO;12;OKTOBER
615;SULAWESI BARAT;MAMUJU;TOMMO;MALINO;7;OKTOBER
616;SULAWESI BARAT;MAMUJU;TOMMO;KAKULLASANG;15;OKTOBER
617;SULAWESI BARAT;MAMUJU;TOMMO;LELING;8;OKTOBER
618;SULAWESI BARAT;MAMUJU;TOMMO;KALEPU;4;OKTOBER
619;SULAWESI BARAT;MAMUJU;TOMMO;SANDANA;0;OKTOBER
620;SULAWESI BARAT;MAMUJU;TOMMO;LELING BARAT;10;OKTOBER
621;SULAWESI BARAT;MAMUJU;TOMMO;LELING UTARA;0;OKTOBER
622;SULAWESI BARAT;MAMUJU;TOMMO;SALUDENGEN;12;OKTOBER
623;SULAWESI BARAT;MAMUJU;SIMBORO;SIMBORO;150;OKTOBER
624;SULAWESI BARAT;MAMUJU;SIMBORO;RANGAS;26;OKTOBER
625;SULAWESI BARAT;MAMUJU;SIMBORO;BOTTENG;34;OKTOBER
626;SULAWESI BARAT;MAMUJU;SIMBORO;SALETTO;20;OKTOBER
627;SULAWESI BARAT;MAMUJU;SIMBORO;SUMARE;0;OKTOBER
628;SULAWESI BARAT;MAMUJU;SIMBORO;BOTTENG UTARA;70;OKTOBER
629;SULAWESI BARAT;MAMUJU;SIMBORO;TAPANDULLU;0;OKTOBER
630;SULAWESI BARAT;MAMUJU;SIMBORO;PATI'DI;7;OKTOBER
631;SULAWESI BARAT;MAMUJU;TAPALANG BARAT;DUNGKAIT;0;OKTOBER
632;SULAWESI BARAT;MAMUJU;TAPALANG BARAT;LEBANI;0;OKTOBER
633;SULAWESI BARAT;MAMUJU;TAPALANG BARAT;LABUANG RANO;0;OKTOBER
634;SULAWESI BARAT;MAMUJU;TAPALANG BARAT;PASABU;0;OKTOBER
635;SULAWESI BARAT;MAMUJU;TAPALANG BARAT;TANETE PAO;0;OKTOBER
636;SULAWESI BARAT;MAMUJU;TAPALANG BARAT;PANGASAAN;11;OKTOBER
637;SULAWESI BARAT;MAMUJU;TAPALANG BARAT;AHU;0;OKTOBER
638;SULAWESI BARAT;MAMUJU;BONEHAU;BONEHAU;0;OKTOBER
639;SULAWESI BARAT;MAMUJU;BONEHAU;SALUTIWO;9;OKTOBER
640;SULAWESI BARAT;MAMUJU;BONEHAU;BUTTUADA;2;OKTOBER
641;SULAWESI BARAT;MAMUJU;BONEHAU;TAMALEA;0;OKTOBER
642;SULAWESI BARAT;MAMUJU;BONEHAU;LUMIKA;2;OKTOBER
643;SULAWESI BARAT;MAMUJU;BONEHAU;MAPPU;3;OKTOBER
644;SULAWESI BARAT;MAMUJU;BONEHAU;BANUADA;3;OKTOBER
645;SULAWESI BARAT;MAMUJU;BONEHAU;HINUA;3;OKTOBER
646;SULAWESI BARAT;MAMUJU;BONEHAU;KINATANG;1;OKTOBER
647;SULAWESI BARAT;MAMUJU;KEP. BALA BALAKANG;BALA BALAKANG;0;OKTOBER
648;SULAWESI BARAT;MAMUJU;KEP. BALA BALAKANG;BALA-BALAKANG TIMUR;0;OKTOBER
