PROVINSI;KABUPATEN;KECAMATAN;KELURAHAN;GATI DEKAT;BULAN
SULAWESI BARAT;MAMUJU TENGAH;TOBADAK;MAHAHE;0;SEPTEMBER
SULAWESI BARAT;MAMUJU TENGAH;TOBADAK;SALOBAJA;145;SEPTEMBER
SULAWESI BARAT;MAMUJU TENGAH;TOBADAK;TOBADAK;39;SEPTEMBER
SULAWESI BARAT;MAMUJU TENGAH;TOBADAK;PALONGAAN;45;SEPTEMBER
SULAWESI BARAT;MAMUJU TENGAH;TOBADAK;BATU PARIGI;25;SEPTEMBER
SULAWESI BARAT;MAMUJU TENGAH;TOBADAK;BAMBADARU;46;SEPTEMBER
SULAWESI BARAT;MAMUJU TENGAH;TOBADAK;SEJATI;17;SEPTEMBER
SULAWESI BARAT;MAMUJU TENGAH;TOBADAK;SALOADAK;8;SEPTEMBER
SULAWESI BARAT;MAMUJU TENGAH;PANGALE;POLO PANGALE;0;SEPTEMBER
SULAWESI BARAT;MAMUJU TENGAH;PANGALE;PANGALE;0;SEPTEMBER
SULAWESI BARAT;MAMUJU TENGAH;PANGALE;SARTANAMAJU;0;SEPTEMBER
SULAWESI BARAT;MAMUJU TENGAH;PANGALE;POLO LERENG;0;SEPTEMBER
SULAWESI BARAT;MAMUJU TENGAH;PANGALE;KUO;0;SEPTEMBER
SULAWESI BARAT;MAMUJU TENGAH;PANGALE;POLO CAMBA;0;SEPTEMBER
SULAWESI BARAT;MAMUJU TENGAH;PANGALE;LAMBA-LAMBA;0;SEPTEMBER
SULAWESI BARAT;MAMUJU TENGAH;PANGALE;KOMBILING;0;SEPTEMBER
SULAWESI BARAT;MAMUJU TENGAH;PANGALE;LEMO-LEMO;0;SEPTEMBER
SULAWESI BARAT;MAMUJU TENGAH;BUDONG-BUDONG;BABANA;135;SEPTEMBER
SULAWESI BARAT;MAMUJU TENGAH;BUDONG-BUDONG;LUMU;0;SEPTEMBER
SULAWESI BARAT;MAMUJU TENGAH;BUDONG-BUDONG;PONTANAKAYANG;0;SEPTEMBER
SULAWESI BARAT;MAMUJU TENGAH;BUDONG-BUDONG;SALOGATTA;91;SEPTEMBER
SULAWESI BARAT;MAMUJU TENGAH;BUDONG-BUDONG;KIRE;0;SEPTEMBER
SULAWESI BARAT;MAMUJU TENGAH;BUDONG-BUDONG;TINALI;97;SEPTEMBER
SULAWESI BARAT;MAMUJU TENGAH;BUDONG-BUDONG;SALUMANURUNG;0;SEPTEMBER
SULAWESI BARAT;MAMUJU TENGAH;BUDONG-BUDONG;PASAPA;0;SEPTEMBER
SULAWESI BARAT;MAMUJU TENGAH;BUDONG-BUDONG;BOJO;0;SEPTEMBER
SULAWESI BARAT;MAMUJU TENGAH;BUDONG-BUDONG;BARAKKANG;0;SEPTEMBER
SULAWESI BARAT;MAMUJU TENGAH;BUDONG-BUDONG;LEMBAH HADA;0;SEPTEMBER
SULAWESI BARAT;MAMUJU TENGAH;TOPOYO;BUDONG-BUDONG;42;SEPTEMBER
SULAWESI BARAT;MAMUJU TENGAH;TOPOYO;TOPOYO;8;SEPTEMBER
SULAWESI BARAT;MAMUJU TENGAH;TOPOYO;TUMBU;54;SEPTEMBER
SULAWESI BARAT;MAMUJU TENGAH;TOPOYO;KABUBU;92;SEPTEMBER
SULAWESI BARAT;MAMUJU TENGAH;TOPOYO;WAEPUTEH;0;SEPTEMBER
SULAWESI BARAT;MAMUJU TENGAH;TOPOYO;TANGKOU;0;SEPTEMBER
SULAWESI BARAT;MAMUJU TENGAH;TOPOYO;TABOLANG;0;SEPTEMBER
SULAWESI BARAT;MAMUJU TENGAH;TOPOYO;PARAILI;27;SEPTEMBER
SULAWESI BARAT;MAMUJU TENGAH;TOPOYO;SALUPANGKANG;43;SEPTEMBER
SULAWESI BARAT;MAMUJU TENGAH;TOPOYO;SALUPANGKANG IV;0;SEPTEMBER
SULAWESI BARAT;MAMUJU TENGAH;TOPOYO;TAPPILINA;0;SEPTEMBER
SULAWESI BARAT;MAMUJU TENGAH;TOPOYO;BAMBAMANURUNG;60;SEPTEMBER
SULAWESI BARAT;MAMUJU TENGAH;TOPOYO;SALULEKBO;53;SEPTEMBER
SULAWESI BARAT;MAMUJU TENGAH;TOPOYO;PANGALLOANG;79;SEPTEMBER
SULAWESI BARAT;MAMUJU TENGAH;TOPOYO;SINABATTA;30;SEPTEMBER
SULAWESI BARAT;MAMUJU TENGAH;KAROSSA;KAROSSA;59;SEPTEMBER
SULAWESI BARAT;MAMUJU TENGAH;KAROSSA;TASOKKO;19;SEPTEMBER
SULAWESI BARAT;MAMUJU TENGAH;KAROSSA;LARA;0;SEPTEMBER
SULAWESI BARAT;MAMUJU TENGAH;KAROSSA;KADAILA;25;SEPTEMBER
SULAWESI BARAT;MAMUJU TENGAH;KAROSSA;KAYU CALLA;0;SEPTEMBER
SULAWESI BARAT;MAMUJU TENGAH;KAROSSA;LEMBAH HOPO;63;SEPTEMBER
SULAWESI BARAT;MAMUJU TENGAH;KAROSSA;BENGGAULU;0;SEPTEMBER
SULAWESI BARAT;MAMUJU TENGAH;KAROSSA;SUKA MAJU;4;SEPTEMBER
SULAWESI BARAT;MAMUJU TENGAH;KAROSSA;KAMBUNONG;3;SEPTEMBER
SULAWESI BARAT;MAMUJU TENGAH;KAROSSA;SALUBIRO;5;SEPTEMBER
SULAWESI BARAT;MAMUJU TENGAH;KAROSSA;SANJANGO;0;SEPTEMBER
SULAWESI BARAT;PASANGKAYU;BAMBAIRA;TAMPAURE;0;SEPTEMBER
SULAWESI BARAT;PASANGKAYU;BAMBAIRA;BAMBAIRA;0;SEPTEMBER
SULAWESI BARAT;PASANGKAYU;BAMBAIRA;KASOLOANG;0;SEPTEMBER
SULAWESI BARAT;PASANGKAYU;BAMBAIRA;KALUKU NANGKA;0;SEPTEMBER
SULAWESI BARAT;PASANGKAYU;BAMBALAMOTU;RANDOMAYANG;49;SEPTEMBER
SULAWESI BARAT;PASANGKAYU;BAMBALAMOTU;BAMBALAMOTU;0;SEPTEMBER
SULAWESI BARAT;PASANGKAYU;BAMBALAMOTU;POLEWALI;53;SEPTEMBER
SULAWESI BARAT;PASANGKAYU;BAMBALAMOTU;PANGIANG;0;SEPTEMBER
SULAWESI BARAT;PASANGKAYU;BAMBALAMOTU;KALOLA;25;SEPTEMBER
SULAWESI BARAT;PASANGKAYU;BAMBALAMOTU;WULAI;30;SEPTEMBER
SULAWESI BARAT;PASANGKAYU;BARAS;BARAS;0;SEPTEMBER
SULAWESI BARAT;PASANGKAYU;BARAS;BULU PARIGI;60;SEPTEMBER
SULAWESI BARAT;PASANGKAYU;BARAS;BALANTI;30;SEPTEMBER
SULAWESI BARAT;PASANGKAYU;BARAS;MOTU;0;SEPTEMBER
SULAWESI BARAT;PASANGKAYU;BARAS;TOWONI;7;SEPTEMBER
SULAWESI BARAT;PASANGKAYU;BARAS;KASANO;0;SEPTEMBER
SULAWESI BARAT;PASANGKAYU;BULU TABA;SUMBER SARI;15;SEPTEMBER
SULAWESI BARAT;PASANGKAYU;BULU TABA;LELEJAE;0;SEPTEMBER
SULAWESI BARAT;PASANGKAYU;BULU TABA;BUKIT HARAPAN;0;SEPTEMBER
SULAWESI BARAT;PASANGKAYU;BULU TABA;LILIMORI;0;SEPTEMBER
SULAWESI BARAT;PASANGKAYU;BULU TABA;KARAVE;0;SEPTEMBER
SULAWESI BARAT;PASANGKAYU;BULU TABA;KASTABUANA;15;SEPTEMBER
SULAWESI BARAT;PASANGKAYU;BULU TABA;OMPI;25;SEPTEMBER
SULAWESI BARAT;PASANGKAYU;DAPURANG;DAPURANG;19;SEPTEMBER
SULAWESI BARAT;PASANGKAYU;DAPURANG;BENGGAULU;0;SEPTEMBER
SULAWESI BARAT;PASANGKAYU;DAPURANG;TIRTABUANA;0;SEPTEMBER
SULAWESI BARAT;PASANGKAYU;DAPURANG;BULU BONGGU;0;SEPTEMBER
SULAWESI BARAT;PASANGKAYU;DAPURANG;SARASA;0;SEPTEMBER
SULAWESI BARAT;PASANGKAYU;DURIPOKU;TAMMARUNANG;0;SEPTEMBER
SULAWESI BARAT;PASANGKAYU;DURIPOKU;SAPTANAJAYA;51;SEPTEMBER
SULAWESI BARAT;PASANGKAYU;DURIPOKU;TARANGGI;0;SEPTEMBER
SULAWESI BARAT;PASANGKAYU;DURIPOKU;SIPAKAINGA;0;SEPTEMBER
SULAWESI BARAT;PASANGKAYU;LARIANG;KULU;5;SEPTEMBER
SULAWESI BARAT;PASANGKAYU;LARIANG;PARABU;0;SEPTEMBER
SULAWESI BARAT;PASANGKAYU;LARIANG;KENANGAN;0;SEPTEMBER
SULAWESI BARAT;PASANGKAYU;LARIANG;BAJAWALI;0;SEPTEMBER
SULAWESI BARAT;PASANGKAYU;LARIANG;SINGGANI;4;SEPTEMBER
SULAWESI BARAT;PASANGKAYU;LARIANG;BATU MATORU;0;SEPTEMBER
SULAWESI BARAT;PASANGKAYU;LARIANG;BAMBAKORO;1;SEPTEMBER
SULAWESI BARAT;PASANGKAYU;PASANGKAYU;KARYA BERSAMA;16;SEPTEMBER
SULAWESI BARAT;PASANGKAYU;PASANGKAYU;AKO;0;SEPTEMBER
SULAWESI BARAT;PASANGKAYU;PASANGKAYU;PASANGKAYU;60;SEPTEMBER
SULAWESI BARAT;PASANGKAYU;PASANGKAYU;MARTAJAYA;0;SEPTEMBER
SULAWESI BARAT;PASANGKAYU;PASANGKAYU;PAKAVA;0;SEPTEMBER
SULAWESI BARAT;PASANGKAYU;PASANGKAYU;GUNUNG SARI;0;SEPTEMBER
SULAWESI BARAT;PASANGKAYU;PEDONGGA;MALEI;7;SEPTEMBER
SULAWESI BARAT;PASANGKAYU;PEDONGGA;PEDANDA;5;SEPTEMBER
SULAWESI BARAT;PASANGKAYU;PEDONGGA;BATU OGE;0;SEPTEMBER
SULAWESI BARAT;PASANGKAYU;PEDONGGA;MARTASARI;0;SEPTEMBER
SULAWESI BARAT;PASANGKAYU;SARJO;SARJO;0;SEPTEMBER
SULAWESI BARAT;PASANGKAYU;SARJO;MAPONU;0;SEPTEMBER
SULAWESI BARAT;PASANGKAYU;SARJO;LETAWA;0;SEPTEMBER
SULAWESI BARAT;PASANGKAYU;SARJO;SARUDE;0;SEPTEMBER
SULAWESI BARAT;PASANGKAYU;SARUDU;DODA;0;SEPTEMBER
SULAWESI BARAT;PASANGKAYU;SARUDU;SARUDU;0;SEPTEMBER
SULAWESI BARAT;PASANGKAYU;SARUDU;BULU MARIO;24;SEPTEMBER
SULAWESI BARAT;PASANGKAYU;SARUDU;KUMASARI;0;SEPTEMBER
SULAWESI BARAT;PASANGKAYU;SARUDU;PATIKA;31;SEPTEMBER
SULAWESI BARAT;PASANGKAYU;TIKKE RAYA;MAKMUR JAYA;0;SEPTEMBER
SULAWESI BARAT;PASANGKAYU;TIKKE RAYA;LARIANG;0;SEPTEMBER
SULAWESI BARAT;PASANGKAYU;TIKKE RAYA;TIKKE;0;SEPTEMBER
SULAWESI BARAT;PASANGKAYU;TIKKE RAYA;PAJALELE;0;SEPTEMBER
SULAWESI BARAT;PASANGKAYU;TIKKE RAYA;JENGENG RAYA;50;SEPTEMBER
SULAWESI BARAT;MAJENE;BANGGAE;BANGGAE;0;SEPTEMBER
SULAWESI BARAT;MAJENE;BANGGAE;BARU;95;SEPTEMBER
SULAWESI BARAT;MAJENE;BANGGAE;PANGALI ALI;265;SEPTEMBER
SULAWESI BARAT;MAJENE;BANGGAE;TOTOLI;50;SEPTEMBER
SULAWESI BARAT;MAJENE;BANGGAE;RANGAS;99;SEPTEMBER
SULAWESI BARAT;MAJENE;BANGGAE;GALUNG;7;SEPTEMBER
SULAWESI BARAT;MAJENE;BANGGAE;PALIPI SOREANG;64;SEPTEMBER
SULAWESI BARAT;MAJENE;BANGGAE;PAMBOBORANG;31;SEPTEMBER
SULAWESI BARAT;MAJENE;BANGGAE TIMUR;BAURUNG;0;SEPTEMBER
SULAWESI BARAT;MAJENE;BANGGAE TIMUR;BARUGA;0;SEPTEMBER
SULAWESI BARAT;MAJENE;BANGGAE TIMUR;BARUGA DHUA;0;SEPTEMBER
SULAWESI BARAT;MAJENE;BANGGAE TIMUR;LABUANG;26;SEPTEMBER
SULAWESI BARAT;MAJENE;BANGGAE TIMUR;TANDE;13;SEPTEMBER
SULAWESI BARAT;MAJENE;BANGGAE TIMUR;LEMBANG;0;SEPTEMBER
SULAWESI BARAT;MAJENE;BANGGAE TIMUR;LABUANG UTARA;0;SEPTEMBER
SULAWESI BARAT;MAJENE;BANGGAE TIMUR;TANDE TIMUR;0;SEPTEMBER
SULAWESI BARAT;MAJENE;BANGGAE TIMUR;BUTTU BARUGA;0;SEPTEMBER
SULAWESI BARAT;MAJENE;MALUNDA;MALUNDA;0;SEPTEMBER
SULAWESI BARAT;MAJENE;MALUNDA;LAMUNGANG BATU;45;SEPTEMBER
SULAWESI BARAT;MAJENE;MALUNDA;BAMBANGAN;10;SEPTEMBER
SULAWESI BARAT;MAJENE;MALUNDA;LOMBANG;0;SEPTEMBER
SULAWESI BARAT;MAJENE;MALUNDA;LOMBONG;0;SEPTEMBER
SULAWESI BARAT;MAJENE;MALUNDA;MEKKATTA;0;SEPTEMBER
SULAWESI BARAT;MAJENE;MALUNDA;MALIAYA;73;SEPTEMBER
SULAWESI BARAT;MAJENE;MALUNDA;LOMBANG TIMUR;0;SEPTEMBER
SULAWESI BARAT;MAJENE;MALUNDA;SALUTAHONGAN;44;SEPTEMBER
SULAWESI BARAT;MAJENE;MALUNDA;LOMBONG TIMUR;20;SEPTEMBER
SULAWESI BARAT;MAJENE;MALUNDA;MEKKATTA SELATAN;28;SEPTEMBER
SULAWESI BARAT;MAJENE;MALUNDA;KAYUANGIN;0;SEPTEMBER
SULAWESI BARAT;MAJENE;PAMBOANG;LALAMPANUA;1;SEPTEMBER
SULAWESI BARAT;MAJENE;PAMBOANG;SIRINDU;38;SEPTEMBER
SULAWESI BARAT;MAJENE;PAMBOANG;ADOLANG;58;SEPTEMBER
SULAWESI BARAT;MAJENE;PAMBOANG;BABABULO;0;SEPTEMBER
SULAWESI BARAT;MAJENE;PAMBOANG;BONDE;2;SEPTEMBER
SULAWESI BARAT;MAJENE;PAMBOANG;BETTENG;19;SEPTEMBER
SULAWESI BARAT;MAJENE;PAMBOANG;SIMBANG;0;SEPTEMBER
SULAWESI BARAT;MAJENE;PAMBOANG;BONDE UTARA;1;SEPTEMBER
SULAWESI BARAT;MAJENE;PAMBOANG;BABABULO UTARA;10;SEPTEMBER
SULAWESI BARAT;MAJENE;PAMBOANG;BUTTU PAMBOANG;0;SEPTEMBER
SULAWESI BARAT;MAJENE;PAMBOANG;BANUA ADOLANG;4;SEPTEMBER
SULAWESI BARAT;MAJENE;PAMBOANG;ADOLANG DHUA;2;SEPTEMBER
SULAWESI BARAT;MAJENE;PAMBOANG;TINAMBUNG;0;SEPTEMBER
SULAWESI BARAT;MAJENE;PAMBOANG;PESULOANG;10;SEPTEMBER
SULAWESI BARAT;MAJENE;PAMBOANG;BALOMBONG;0;SEPTEMBER
SULAWESI BARAT;MAJENE;SENDANA;MOSSO;31;SEPTEMBER
SULAWESI BARAT;MAJENE;SENDANA;MOSSO DHUA;9;SEPTEMBER
SULAWESI BARAT;MAJENE;SENDANA;TOTOLISI SENDANA;30;SEPTEMBER
SULAWESI BARAT;MAJENE;SENDANA;TALLUBANUA;2;SEPTEMBER
SULAWESI BARAT;MAJENE;SENDANA;LALATEDZONG;42;SEPTEMBER
SULAWESI BARAT;MAJENE;SENDANA;BINANGA;36;SEPTEMBER
SULAWESI BARAT;MAJENE;SENDANA;PUTTADA;14;SEPTEMBER
SULAWESI BARAT;MAJENE;SENDANA;PAMINGGALAN;2;SEPTEMBER
SULAWESI BARAT;MAJENE;SENDANA;LEPPANGANG;4;SEPTEMBER
SULAWESI BARAT;MAJENE;SENDANA;PUNDAU;63;SEPTEMBER
SULAWESI BARAT;MAJENE;SENDANA;SENDANA;32;SEPTEMBER
SULAWESI BARAT;MAJENE;SENDANA;BANUA SENDANA;6;SEPTEMBER
SULAWESI BARAT;MAJENE;SENDANA;TALLUBANUA UTARA;15;SEPTEMBER
SULAWESI BARAT;MAJENE;SENDANA;LIMBORO RAMBU-RAMBU;38;SEPTEMBER
SULAWESI BARAT;MAJENE;SENDANA;LIMBUA;3;SEPTEMBER
SULAWESI BARAT;MAJENE;SENDANA;BUKIT SAMANG;8;SEPTEMBER
SULAWESI BARAT;MAJENE;TAMMERODO SENDANA;SEPPONG;0;SEPTEMBER
SULAWESI BARAT;MAJENE;TAMMERODO SENDANA;TAMMERODO;40;SEPTEMBER
SULAWESI BARAT;MAJENE;TAMMERODO SENDANA;ULIDANG;26;SEPTEMBER
SULAWESI BARAT;MAJENE;TAMMERODO SENDANA;TALLAMBALAO;2;SEPTEMBER
SULAWESI BARAT;MAJENE;TAMMERODO SENDANA;TAMMERODO UTARA;59;SEPTEMBER
SULAWESI BARAT;MAJENE;TAMMERODO SENDANA;MANYAMBA;0;SEPTEMBER
SULAWESI BARAT;MAJENE;TAMMERODO SENDANA;AWO;75;SEPTEMBER
SULAWESI BARAT;MAJENE;TUBO SENDANA;ONANG;0;SEPTEMBER
SULAWESI BARAT;MAJENE;TUBO SENDANA;TUBO;0;SEPTEMBER
SULAWESI BARAT;MAJENE;TUBO SENDANA;ONANG UTARA;0;SEPTEMBER
SULAWESI BARAT;MAJENE;TUBO SENDANA;TUBO SELATAN;49;SEPTEMBER
SULAWESI BARAT;MAJENE;TUBO SENDANA;BONDE BONDE;0;SEPTEMBER
SULAWESI BARAT;MAJENE;TUBO SENDANA;TUBO TENGAH;0;SEPTEMBER
SULAWESI BARAT;MAJENE;TUBO SENDANA;TUBO POANG;0;SEPTEMBER
SULAWESI BARAT;MAJENE;ULUMANDA;KABIRAAN;0;SEPTEMBER
SULAWESI BARAT;MAJENE;ULUMANDA;SAMBABO;0;SEPTEMBER
SULAWESI BARAT;MAJENE;ULUMANDA;TANDEALLO;0;SEPTEMBER
SULAWESI BARAT;MAJENE;ULUMANDA;ULUMANDA;0;SEPTEMBER
SULAWESI BARAT;MAJENE;ULUMANDA;SALUTAMBUNG;0;SEPTEMBER
SULAWESI BARAT;MAJENE;ULUMANDA;POPENGA;0;SEPTEMBER
SULAWESI BARAT;MAJENE;ULUMANDA;SULAI;0;SEPTEMBER
SULAWESI BARAT;MAJENE;ULUMANDA;PANGGALO;0;SEPTEMBER
SULAWESI BARAT;MAMASA;ARALLE;ARALLE;0;SEPTEMBER
SULAWESI BARAT;MAMASA;ARALLE;RALLE ANAK;0;SEPTEMBER
SULAWESI BARAT;MAMASA;ARALLE;PANETEAN;0;SEPTEMBER
SULAWESI BARAT;MAMASA;ARALLE;UHAILANU;0;SEPTEMBER
SULAWESI BARAT;MAMASA;ARALLE;ARALLE UTARA;0;SEPTEMBER
SULAWESI BARAT;MAMASA;ARALLE;UHAIDAHO;0;SEPTEMBER
SULAWESI BARAT;MAMASA;ARALLE;BARURU;0;SEPTEMBER
SULAWESI BARAT;MAMASA;ARALLE;RALLEANAK UTARA;0;SEPTEMBER
SULAWESI BARAT;MAMASA;ARALLE;PAMOSEANG PANGGA;0;SEPTEMBER
SULAWESI BARAT;MAMASA;ARALLE;KALABE;0;SEPTEMBER
SULAWESI BARAT;MAMASA;ARALLE;ARALLE SELATAN;0;SEPTEMBER
SULAWESI BARAT;MAMASA;ARALLE;HAHANGAN;0;SEPTEMBER
SULAWESI BARAT;MAMASA;BALLA;BALLA;2;SEPTEMBER
SULAWESI BARAT;MAMASA;BALLA;BALLA BARAT;0;SEPTEMBER
SULAWESI BARAT;MAMASA;BALLA;BALLA SATANETEAN;0;SEPTEMBER
SULAWESI BARAT;MAMASA;BALLA;BALLA TUMUKA;0;SEPTEMBER
SULAWESI BARAT;MAMASA;BALLA;SEPAKUAN;2;SEPTEMBER
SULAWESI BARAT;MAMASA;BALLA;PIDARA;0;SEPTEMBER
SULAWESI BARAT;MAMASA;BALLA;BAMBAPUANG;0;SEPTEMBER
SULAWESI BARAT;MAMASA;BALLA;BALLA TIMUR;0;SEPTEMBER
SULAWESI BARAT;MAMASA;BAMBANG;MOKALLANG;23;SEPTEMBER
SULAWESI BARAT;MAMASA;BAMBANG;MASOSO;0;SEPTEMBER
SULAWESI BARAT;MAMASA;BAMBANG;SALUASSING;0;SEPTEMBER
SULAWESI BARAT;MAMASA;BAMBANG;SALUBULO;0;SEPTEMBER
SULAWESI BARAT;MAMASA;BAMBANG;SALUKADI;0;SEPTEMBER
SULAWESI BARAT;MAMASA;BAMBANG;SALUKEPOPOK;0;SEPTEMBER
SULAWESI BARAT;MAMASA;BAMBANG;ULUMAMBI BARAT;0;SEPTEMBER
SULAWESI BARAT;MAMASA;BAMBANG;LIMBADEBATA;1;SEPTEMBER
SULAWESI BARAT;MAMASA;BAMBANG;TANETE TOMBA;0;SEPTEMBER
SULAWESI BARAT;MAMASA;BAMBANG;BAMBANG;0;SEPTEMBER
SULAWESI BARAT;MAMASA;BAMBANG;RANTELEMO;39;SEPTEMBER
SULAWESI BARAT;MAMASA;BAMBANG;SALUDENGEN;0;SEPTEMBER
SULAWESI BARAT;MAMASA;BAMBANG;ULUMAMBI;0;SEPTEMBER
SULAWESI BARAT;MAMASA;BAMBANG;BAMBANG TIMUR;0;SEPTEMBER
SULAWESI BARAT;MAMASA;BAMBANG;MINANGA;2;SEPTEMBER
SULAWESI BARAT;MAMASA;BAMBANG;SIKAMASE;0;SEPTEMBER
SULAWESI BARAT;MAMASA;BAMBANG;RANTETARIMA;0;SEPTEMBER
SULAWESI BARAT;MAMASA;BAMBANG;SALURURU;9;SEPTEMBER
SULAWESI BARAT;MAMASA;BAMBANG;SALUTABANG;0;SEPTEMBER
SULAWESI BARAT;MAMASA;BAMBANG;BALATANA;8;SEPTEMBER
SULAWESI BARAT;MAMASA;BUNTUMALANGKA;BUNTUMALANGKA;100;SEPTEMBER
SULAWESI BARAT;MAMASA;BUNTUMALANGKA;RANTEBERAN;0;SEPTEMBER
SULAWESI BARAT;MAMASA;BUNTUMALANGKA;KEBANGA;39;SEPTEMBER
SULAWESI BARAT;MAMASA;BUNTUMALANGKA;SALURINDU;0;SEPTEMBER
SULAWESI BARAT;MAMASA;BUNTUMALANGKA;TAORA;0;SEPTEMBER
SULAWESI BARAT;MAMASA;BUNTUMALANGKA;KABAE;0;SEPTEMBER
SULAWESI BARAT;MAMASA;BUNTUMALANGKA;SALUTAMBUN BARAT;0;SEPTEMBER
SULAWESI BARAT;MAMASA;BUNTUMALANGKA;PENATANGAN;0;SEPTEMBER
SULAWESI BARAT;MAMASA;BUNTUMALANGKA;SALUTAMBUN TIMUR;0;SEPTEMBER
SULAWESI BARAT;MAMASA;BUNTUMALANGKA;SALUTAMBUN;0;SEPTEMBER
SULAWESI BARAT;MAMASA;BUNTUMALANGKA;ARALLE TIMUR;0;SEPTEMBER
SULAWESI BARAT;MAMASA;MAMASA;MAMASA;0;SEPTEMBER
SULAWESI BARAT;MAMASA;MAMASA;RAMBUSARATU;1;SEPTEMBER
SULAWESI BARAT;MAMASA;MAMASA;OSANGO;34;SEPTEMBER
SULAWESI BARAT;MAMASA;MAMASA;LAMBANAN;0;SEPTEMBER
SULAWESI BARAT;MAMASA;MAMASA;LEMBANA SALULO;0;SEPTEMBER
SULAWESI BARAT;MAMASA;MAMASA;TAUPE;0;SEPTEMBER
SULAWESI BARAT;MAMASA;MAMASA;BUNTU BUDA;0;SEPTEMBER
SULAWESI BARAT;MAMASA;MAMASA;TONDOK BAKARU;25;SEPTEMBER
SULAWESI BARAT;MAMASA;MAMASA;PEBASSIAN;1;SEPTEMBER
SULAWESI BARAT;MAMASA;MAMASA;MAMBULILING;0;SEPTEMBER
SULAWESI BARAT;MAMASA;MAMASA;BOMBONG LAMBE;11;SEPTEMBER
SULAWESI BARAT;MAMASA;MAMASA;BUBUN BATU;0;SEPTEMBER
SULAWESI BARAT;MAMASA;MAMBI;MAMBI;37;SEPTEMBER
SULAWESI BARAT;MAMASA;MAMBI;TALIPUKKI;10;SEPTEMBER
SULAWESI BARAT;MAMASA;MAMBI;RANTEBULAHAN;20;SEPTEMBER
SULAWESI BARAT;MAMASA;MAMBI;SONDONGLAYU;1;SEPTEMBER
SULAWESI BARAT;MAMASA;MAMBI;SALUBANUA;1;SEPTEMBER
SULAWESI BARAT;MAMASA;MAMBI;TAPALINA;14;SEPTEMBER
SULAWESI BARAT;MAMASA;MAMBI;SENDANA;18;SEPTEMBER
SULAWESI BARAT;MAMASA;MAMBI;PAMOSEAN;9;SEPTEMBER
SULAWESI BARAT;MAMASA;MAMBI;SELUMAKA;0;SEPTEMBER
SULAWESI BARAT;MAMASA;MAMBI;BUJUNG MANURUNG;4;SEPTEMBER
SULAWESI BARAT;MAMASA;MAMBI;SALU ALO;6;SEPTEMBER
SULAWESI BARAT;MAMASA;MAMBI;INDOBANUA;0;SEPTEMBER
SULAWESI BARAT;MAMASA;MAMBI;SALUDURIAN;9;SEPTEMBER
SULAWESI BARAT;MAMASA;MEHALAAN;MEHALAAN;0;SEPTEMBER
SULAWESI BARAT;MAMASA;MEHALAAN;BOTTENG;0;SEPTEMBER
SULAWESI BARAT;MAMASA;MEHALAAN;SALUKONTA;0;SEPTEMBER
SULAWESI BARAT;MAMASA;MEHALAAN;MESAKADA;3;SEPTEMBER
SULAWESI BARAT;MAMASA;MEHALAAN;MEHALAAN BARAT;20;SEPTEMBER
SULAWESI BARAT;MAMASA;MEHALAAN;SALUAHOK;15;SEPTEMBER
SULAWESI BARAT;MAMASA;MEHALAAN;SALUBALO;0;SEPTEMBER
SULAWESI BARAT;MAMASA;MEHALAAN;PASSEMBUK;0;SEPTEMBER
SULAWESI BARAT;MAMASA;MEHALAAN;KONDO;0;SEPTEMBER
SULAWESI BARAT;MAMASA;MEHALAAN;LEKO SUKAMAJU;0;SEPTEMBER
SULAWESI BARAT;MAMASA;MEHALAAN;ULUMEA;0;SEPTEMBER
SULAWESI BARAT;MAMASA;MESSAWA;MESSAWA;0;SEPTEMBER
SULAWESI BARAT;MAMASA;MESSAWA;RIPPUNG;0;SEPTEMBER
SULAWESI BARAT;MAMASA;MESSAWA;MAKUANG;4;SEPTEMBER
SULAWESI BARAT;MAMASA;MESSAWA;SEPANG;0;SEPTEMBER
SULAWESI BARAT;MAMASA;MESSAWA;MALIMBONG;3;SEPTEMBER
SULAWESI BARAT;MAMASA;MESSAWA;MATANDE;3;SEPTEMBER
SULAWESI BARAT;MAMASA;MESSAWA;SIPAI;0;SEPTEMBER
SULAWESI BARAT;MAMASA;MESSAWA;PASMA MAMBU;0;SEPTEMBER
SULAWESI BARAT;MAMASA;MESSAWA;TANETE BATU;0;SEPTEMBER
SULAWESI BARAT;MAMASA;NOSU;NOSU;7;SEPTEMBER
SULAWESI BARAT;MAMASA;NOSU;MINANGA;2;SEPTEMBER
SULAWESI BARAT;MAMASA;NOSU;BATUPAPAN;0;SEPTEMBER
SULAWESI BARAT;MAMASA;NOSU;MASEWWE;0;SEPTEMBER
SULAWESI BARAT;MAMASA;NOSU;SIWI;0;SEPTEMBER
SULAWESI BARAT;MAMASA;NOSU;MINANGA TIMUR;0;SEPTEMBER
SULAWESI BARAT;MAMASA;NOSU;PARINDING;0;SEPTEMBER
SULAWESI BARAT;MAMASA;PANA;PANA;0;SEPTEMBER
SULAWESI BARAT;MAMASA;PANA;MANIPI;0;SEPTEMBER
SULAWESI BARAT;MAMASA;PANA;MAMULLU;0;SEPTEMBER
SULAWESI BARAT;MAMASA;PANA;SAPAN;0;SEPTEMBER
SULAWESI BARAT;MAMASA;PANA;DATUBARINGAN;0;SEPTEMBER
SULAWESI BARAT;MAMASA;PANA;PANURA;0;SEPTEMBER
SULAWESI BARAT;MAMASA;PANA;TALLANG BULAWAN;0;SEPTEMBER
SULAWESI BARAT;MAMASA;PANA;KARAKA;0;SEPTEMBER
SULAWESI BARAT;MAMASA;PANA;ULUSALU;0;SEPTEMBER
SULAWESI BARAT;MAMASA;PANA;WERI;0;SEPTEMBER
SULAWESI BARAT;MAMASA;PANA;SALUTAMBUN;0;SEPTEMBER
SULAWESI BARAT;MAMASA;PANA;SALOAN;0;SEPTEMBER
SULAWESI BARAT;MAMASA;PANA;ULUSALU INDAH;0;SEPTEMBER
SULAWESI BARAT;MAMASA;RANTEBULAHAN TIMUR;SALUMOKANAN;0;SEPTEMBER
SULAWESI BARAT;MAMASA;RANTEBULAHAN TIMUR;SALUMOKANAN BARAT;0;SEPTEMBER
SULAWESI BARAT;MAMASA;RANTEBULAHAN TIMUR;BUANGIN;0;SEPTEMBER
SULAWESI BARAT;MAMASA;RANTEBULAHAN TIMUR;BAMBANG BUDA;0;SEPTEMBER
SULAWESI BARAT;MAMASA;RANTEBULAHAN TIMUR;LEKO;0;SEPTEMBER
SULAWESI BARAT;MAMASA;RANTEBULAHAN TIMUR;KIRAK;0;SEPTEMBER
SULAWESI BARAT;MAMASA;RANTEBULAHAN TIMUR;SALUMOKANAN UTARA;0;SEPTEMBER
SULAWESI BARAT;MAMASA;RANTEBULAHAN TIMUR;SAMPALE;0;SEPTEMBER
SULAWESI BARAT;MAMASA;SESENAPADANG;OROBUA;14;SEPTEMBER
SULAWESI BARAT;MAMASA;SESENAPADANG;PALADAN;0;SEPTEMBER
SULAWESI BARAT;MAMASA;SESENAPADANG;OROBUA TIMUR;0;SEPTEMBER
SULAWESI BARAT;MAMASA;SESENAPADANG;RANTE PUANG;0;SEPTEMBER
SULAWESI BARAT;MAMASA;SESENAPADANG;SATENETEAN;0;SEPTEMBER
SULAWESI BARAT;MAMASA;SESENAPADANG;LISUAN ADA;1;SEPTEMBER
SULAWESI BARAT;MAMASA;SESENAPADANG;OROBUA SELATAN;0;SEPTEMBER
SULAWESI BARAT;MAMASA;SESENAPADANG;MALANGKENA PADANG;0;SEPTEMBER
SULAWESI BARAT;MAMASA;SESENAPADANG;MALIMBONG;3;SEPTEMBER
SULAWESI BARAT;MAMASA;SESENAPADANG;MARAMPAN OROBUA;13;SEPTEMBER
SULAWESI BARAT;MAMASA;SUMARORONG;SUMARORONG;2;SEPTEMBER
SULAWESI BARAT;MAMASA;SUMARORONG;TABONE;1;SEPTEMBER
SULAWESI BARAT;MAMASA;SUMARORONG;BATANG URU;10;SEPTEMBER
SULAWESI BARAT;MAMASA;SUMARORONG;SASAKAN;0;SEPTEMBER
SULAWESI BARAT;MAMASA;SUMARORONG;TADISI;0;SEPTEMBER
SULAWESI BARAT;MAMASA;SUMARORONG;SIBANAWA;0;SEPTEMBER
SULAWESI BARAT;MAMASA;SUMARORONG;BATANGNGURU TIMUR;2;SEPTEMBER
SULAWESI BARAT;MAMASA;SUMARORONG;SALUBALO;0;SEPTEMBER
SULAWESI BARAT;MAMASA;SUMARORONG;BANEA;0;SEPTEMBER
SULAWESI BARAT;MAMASA;SUMARORONG;RANTE KAMASE;0;SEPTEMBER
SULAWESI BARAT;MAMASA;TABANG;TABANG;0;SEPTEMBER
SULAWESI BARAT;MAMASA;TABANG;TADOKALUA;0;SEPTEMBER
SULAWESI BARAT;MAMASA;TABANG;TABANG BARAT;0;SEPTEMBER
SULAWESI BARAT;MAMASA;TABANG;MASUPU;35;SEPTEMBER
SULAWESI BARAT;MAMASA;TABANG;KALAMA;0;SEPTEMBER
SULAWESI BARAT;MAMASA;TABANG;BAKADISURA;0;SEPTEMBER
SULAWESI BARAT;MAMASA;TABANG;SALUKONA;0;SEPTEMBER
SULAWESI BARAT;MAMASA;TABULAHAN;LAKAHANG;0;SEPTEMBER
SULAWESI BARAT;MAMASA;TABULAHAN;PERIANGAN;0;SEPTEMBER
SULAWESI BARAT;MAMASA;TABULAHAN;MALATIRO;0;SEPTEMBER
SULAWESI BARAT;MAMASA;TABULAHAN;TABULAHAN;0;SEPTEMBER
SULAWESI BARAT;MAMASA;TABULAHAN;SALULEANG;0;SEPTEMBER
SULAWESI BARAT;MAMASA;TABULAHAN;TAMPAK KURRA;0;SEPTEMBER
SULAWESI BARAT;MAMASA;TABULAHAN;GANDANG DEWATA;0;SEPTEMBER
SULAWESI BARAT;MAMASA;TABULAHAN;BURANA;0;SEPTEMBER
SULAWESI BARAT;MAMASA;TABULAHAN;SALUBAKKA;0;SEPTEMBER
SULAWESI BARAT;MAMASA;TABULAHAN;PANGANDARAN;0;SEPTEMBER
SULAWESI BARAT;MAMASA;TABULAHAN;TALOPAK;0;SEPTEMBER
SULAWESI BARAT;MAMASA;TABULAHAN;PEU';0;SEPTEMBER
SULAWESI BARAT;MAMASA;TABULAHAN;TIMORO;0;SEPTEMBER
SULAWESI BARAT;MAMASA;TABULAHAN;LAKAHANG UTAMA;0;SEPTEMBER
SULAWESI BARAT;MAMASA;TANDUK KALUA;MINAKE;0;SEPTEMBER
SULAWESI BARAT;MAMASA;TANDUK KALUA;MALABO;0;SEPTEMBER
SULAWESI BARAT;MAMASA;TANDUK KALUA;SINDAGAMANIK;0;SEPTEMBER
SULAWESI BARAT;MAMASA;TANDUK KALUA;PARONDOBULAWAN;0;SEPTEMBER
SULAWESI BARAT;MAMASA;TANDUK KALUA;TAMALANTIK;0;SEPTEMBER
SULAWESI BARAT;MAMASA;TANDUK KALUA;MANNABABA;0;SEPTEMBER
SULAWESI BARAT;MAMASA;TANDUK KALUA;MESAKADA;3;SEPTEMBER
SULAWESI BARAT;MAMASA;TANDUK KALUA;BALLABATU;0;SEPTEMBER
SULAWESI BARAT;MAMASA;TANDUK KALUA;PAMBE;0;SEPTEMBER
SULAWESI BARAT;MAMASA;TANDUK KALUA;SALURANO;0;SEPTEMBER
SULAWESI BARAT;MAMASA;TANDUK KALUA;TALIMBUNG;0;SEPTEMBER
SULAWESI BARAT;MAMASA;TANDUK KALUA;KANAN;84;SEPTEMBER
SULAWESI BARAT;MAMASA;TAWALIAN;TAWALIAN;0;SEPTEMBER
SULAWESI BARAT;MAMASA;TAWALIAN;TAWALIAN TIMUR;0;SEPTEMBER
SULAWESI BARAT;MAMASA;TAWALIAN;KARIANGO;0;SEPTEMBER
SULAWESI BARAT;MAMASA;TAWALIAN;RANTETANGNGA;15;SEPTEMBER
SULAWESI BARAT;POLEWALI MANDAR;ALLU;PETOOSANG;20;SEPTEMBER
SULAWESI BARAT;POLEWALI MANDAR;ALLU;MOMBI;60;SEPTEMBER
SULAWESI BARAT;POLEWALI MANDAR;ALLU;KALUMAMMANG;11;SEPTEMBER
SULAWESI BARAT;POLEWALI MANDAR;ALLU;PAO-PAO;52;SEPTEMBER
SULAWESI BARAT;POLEWALI MANDAR;ALLU;PUPPU URING;20;SEPTEMBER
SULAWESI BARAT;POLEWALI MANDAR;ALLU;SARAGIAN;10;SEPTEMBER
SULAWESI BARAT;POLEWALI MANDAR;ALLU;SAYOANG;10;SEPTEMBER
SULAWESI BARAT;POLEWALI MANDAR;ALLU;ALU;71;SEPTEMBER
SULAWESI BARAT;POLEWALI MANDAR;ANREAPI;ANREAPI;109;SEPTEMBER
SULAWESI BARAT;POLEWALI MANDAR;ANREAPI;DUAMPANUA;0;SEPTEMBER
SULAWESI BARAT;POLEWALI MANDAR;ANREAPI;KELAPA DUA;132;SEPTEMBER
SULAWESI BARAT;POLEWALI MANDAR;ANREAPI;PAPPANDANGAN;117;SEPTEMBER
SULAWESI BARAT;POLEWALI MANDAR;ANREAPI;KUNYI;44;SEPTEMBER
SULAWESI BARAT;POLEWALI MANDAR;BALANIPA;BALANIPA;0;SEPTEMBER
SULAWESI BARAT;POLEWALI MANDAR;BALANIPA;TAMMAJARRA;9;SEPTEMBER
SULAWESI BARAT;POLEWALI MANDAR;BALANIPA;TAMANGGALLE;0;SEPTEMBER
SULAWESI BARAT;POLEWALI MANDAR;BALANIPA;MOSSO;0;SEPTEMBER
SULAWESI BARAT;POLEWALI MANDAR;BALANIPA;GALUNG TULUK;0;SEPTEMBER
SULAWESI BARAT;POLEWALI MANDAR;BALANIPA;SABANG SUBIK;0;SEPTEMBER
SULAWESI BARAT;POLEWALI MANDAR;BALANIPA;PAMBUSUANG;129;SEPTEMBER
SULAWESI BARAT;POLEWALI MANDAR;BALANIPA;BALA;0;SEPTEMBER
SULAWESI BARAT;POLEWALI MANDAR;BALANIPA;LAMBANAN;0;SEPTEMBER
SULAWESI BARAT;POLEWALI MANDAR;BALANIPA;LEGO;0;SEPTEMBER
SULAWESI BARAT;POLEWALI MANDAR;BALANIPA;PALLIS;0;SEPTEMBER
SULAWESI BARAT;POLEWALI MANDAR;BINUANG;AMASSANGAN;0;SEPTEMBER
SULAWESI BARAT;POLEWALI MANDAR;BINUANG;TONYAMAN;1;SEPTEMBER
SULAWESI BARAT;POLEWALI MANDAR;BINUANG;KUAJANG;198;SEPTEMBER
SULAWESI BARAT;POLEWALI MANDAR;BINUANG;PAKU;82;SEPTEMBER
SULAWESI BARAT;POLEWALI MANDAR;BINUANG;MIRRING;138;SEPTEMBER
SULAWESI BARAT;POLEWALI MANDAR;BINUANG;BATETANGNGA;65;SEPTEMBER
SULAWESI BARAT;POLEWALI MANDAR;BINUANG;MAMMI;36;SEPTEMBER
SULAWESI BARAT;POLEWALI MANDAR;BINUANG;KALEOK;25;SEPTEMBER
SULAWESI BARAT;POLEWALI MANDAR;BINUANG;AMOLA;30;SEPTEMBER
SULAWESI BARAT;POLEWALI MANDAR;BINUANG;REA;36;SEPTEMBER
SULAWESI BARAT;POLEWALI MANDAR;BULO;BULO;35;SEPTEMBER
SULAWESI BARAT;POLEWALI MANDAR;BULO;PULLIWA;25;SEPTEMBER
SULAWESI BARAT;POLEWALI MANDAR;BULO;PATAMBANUA;0;SEPTEMBER
SULAWESI BARAT;POLEWALI MANDAR;BULO;KAROMBANG;0;SEPTEMBER
SULAWESI BARAT;POLEWALI MANDAR;BULO;DAALA TIMUR;0;SEPTEMBER
SULAWESI BARAT;POLEWALI MANDAR;BULO;LENGGO;0;SEPTEMBER
SULAWESI BARAT;POLEWALI MANDAR;BULO;SABURA;0;SEPTEMBER
SULAWESI BARAT;POLEWALI MANDAR;BULO;SEPPORRAKI;0;SEPTEMBER
SULAWESI BARAT;POLEWALI MANDAR;BULO;IHING;0;SEPTEMBER
SULAWESI BARAT;POLEWALI MANDAR;CAMPALAGIAN;PAPPANG;10;SEPTEMBER
SULAWESI BARAT;POLEWALI MANDAR;CAMPALAGIAN;LALIKO;29;SEPTEMBER
SULAWESI BARAT;POLEWALI MANDAR;CAMPALAGIAN;BONDE;0;SEPTEMBER
SULAWESI BARAT;POLEWALI MANDAR;CAMPALAGIAN;KATUMBANGAN LEMO;20;SEPTEMBER
SULAWESI BARAT;POLEWALI MANDAR;CAMPALAGIAN;PANYAMPA;36;SEPTEMBER
SULAWESI BARAT;POLEWALI MANDAR;CAMPALAGIAN;SURUANG;40;SEPTEMBER
SULAWESI BARAT;POLEWALI MANDAR;CAMPALAGIAN;LAMPOKO;0;SEPTEMBER
SULAWESI BARAT;POLEWALI MANDAR;CAMPALAGIAN;KATUMBANGAN;0;SEPTEMBER
SULAWESI BARAT;POLEWALI MANDAR;CAMPALAGIAN;LAPEO;27;SEPTEMBER
SULAWESI BARAT;POLEWALI MANDAR;CAMPALAGIAN;PARAPPE;93;SEPTEMBER
SULAWESI BARAT;POLEWALI MANDAR;CAMPALAGIAN;ONGKO;0;SEPTEMBER
SULAWESI BARAT;POLEWALI MANDAR;CAMPALAGIAN;KENJE;0;SEPTEMBER
SULAWESI BARAT;POLEWALI MANDAR;CAMPALAGIAN;SUMARRANG;20;SEPTEMBER
SULAWESI BARAT;POLEWALI MANDAR;CAMPALAGIAN;BOTTO;18;SEPTEMBER
SULAWESI BARAT;POLEWALI MANDAR;CAMPALAGIAN;GATTUNGAN;76;SEPTEMBER
SULAWESI BARAT;POLEWALI MANDAR;CAMPALAGIAN;PADANG TIMUR;91;SEPTEMBER
SULAWESI BARAT;POLEWALI MANDAR;CAMPALAGIAN;PADANG;14;SEPTEMBER
SULAWESI BARAT;POLEWALI MANDAR;CAMPALAGIAN;LAGI-AGI;154;SEPTEMBER
SULAWESI BARAT;POLEWALI MANDAR;LIMBORO;LIMBORO;1;SEPTEMBER
SULAWESI BARAT;POLEWALI MANDAR;LIMBORO;LEMBANG LEMBANG;5;SEPTEMBER
SULAWESI BARAT;POLEWALI MANDAR;LIMBORO;TANDASURA;47;SEPTEMBER
SULAWESI BARAT;POLEWALI MANDAR;LIMBORO;SAMASUNDU;6;SEPTEMBER
SULAWESI BARAT;POLEWALI MANDAR;LIMBORO;NAPO;0;SEPTEMBER
SULAWESI BARAT;POLEWALI MANDAR;LIMBORO;TODANG TODANG;1;SEPTEMBER
SULAWESI BARAT;POLEWALI MANDAR;LIMBORO;PENDULANGAN;1;SEPTEMBER
SULAWESI BARAT;POLEWALI MANDAR;LIMBORO;RENGGEANG;0;SEPTEMBER
SULAWESI BARAT;POLEWALI MANDAR;LIMBORO;SALARRI;0;SEPTEMBER
SULAWESI BARAT;POLEWALI MANDAR;LIMBORO;TANGAN BARU;13;SEPTEMBER
SULAWESI BARAT;POLEWALI MANDAR;LIMBORO;PALECE;0;SEPTEMBER
SULAWESI BARAT;POLEWALI MANDAR;LUYO;BATUPANGA;0;SEPTEMBER
SULAWESI BARAT;POLEWALI MANDAR;LUYO;MAMBU;0;SEPTEMBER
SULAWESI BARAT;POLEWALI MANDAR;LUYO;TENGGELANG;0;SEPTEMBER
SULAWESI BARAT;POLEWALI MANDAR;LUYO;BARU;30;SEPTEMBER
SULAWESI BARAT;POLEWALI MANDAR;LUYO;PUSSUI;0;SEPTEMBER
SULAWESI BARAT;POLEWALI MANDAR;LUYO;MAPILI BARAT;0;SEPTEMBER
SULAWESI BARAT;POLEWALI MANDAR;LUYO;SAMBALI WALI;30;SEPTEMBER
SULAWESI BARAT;POLEWALI MANDAR;LUYO;BATUPANGA DAALA;0;SEPTEMBER
SULAWESI BARAT;POLEWALI MANDAR;LUYO;LUYO;62;SEPTEMBER
SULAWESI BARAT;POLEWALI MANDAR;LUYO;PUSSUI BARAT;1;SEPTEMBER
SULAWESI BARAT;POLEWALI MANDAR;LUYO;PUCCADI;0;SEPTEMBER
SULAWESI BARAT;POLEWALI MANDAR;MAPILLI;MAPILI;0;SEPTEMBER
SULAWESI BARAT;POLEWALI MANDAR;MAPILLI;UGIBARU;145;SEPTEMBER
SULAWESI BARAT;POLEWALI MANDAR;MAPILLI;RUMPA;1;SEPTEMBER
SULAWESI BARAT;POLEWALI MANDAR;MAPILLI;KURMA;0;SEPTEMBER
SULAWESI BARAT;POLEWALI MANDAR;MAPILLI;BUKU;0;SEPTEMBER
SULAWESI BARAT;POLEWALI MANDAR;MAPILLI;BONNE BONNE;0;SEPTEMBER
SULAWESI BARAT;POLEWALI MANDAR;MAPILLI;BEROANGIN;0;SEPTEMBER
SULAWESI BARAT;POLEWALI MANDAR;MAPILLI;SEGERANG;0;SEPTEMBER
SULAWESI BARAT;POLEWALI MANDAR;MAPILLI;BONRA;0;SEPTEMBER
SULAWESI BARAT;POLEWALI MANDAR;MAPILLI;SATTOKO;1;SEPTEMBER
SULAWESI BARAT;POLEWALI MANDAR;MAPILLI;RAPPANG BARAT;1;SEPTEMBER
SULAWESI BARAT;POLEWALI MANDAR;MAPILLI;LANDI KANUSUANG;0;SEPTEMBER
SULAWESI BARAT;POLEWALI MANDAR;MATAKALI;MATAKALI;65;SEPTEMBER
SULAWESI BARAT;POLEWALI MANDAR;MATAKALI;PETAMPANUA;731;SEPTEMBER
SULAWESI BARAT;POLEWALI MANDAR;MATAKALI;BARUMBUNG;85;SEPTEMBER
SULAWESI BARAT;POLEWALI MANDAR;MATAKALI;PASIANG;62;SEPTEMBER
SULAWESI BARAT;POLEWALI MANDAR;MATAKALI;TONROLIMA;21;SEPTEMBER
SULAWESI BARAT;POLEWALI MANDAR;MATAKALI;INDOMAKKOMBONG;2;SEPTEMBER
SULAWESI BARAT;POLEWALI MANDAR;MATAKALI;BUNGA-BUNGA;0;SEPTEMBER
SULAWESI BARAT;POLEWALI MANDAR;MATANGNGA;MATANGNGA;0;SEPTEMBER
SULAWESI BARAT;POLEWALI MANDAR;MATANGNGA;LILLI;22;SEPTEMBER
SULAWESI BARAT;POLEWALI MANDAR;MATANGNGA;RANGOAN;8;SEPTEMBER
SULAWESI BARAT;POLEWALI MANDAR;MATANGNGA;TAPUA;0;SEPTEMBER
SULAWESI BARAT;POLEWALI MANDAR;MATANGNGA;MAMBU TAPUA;12;SEPTEMBER
SULAWESI BARAT;POLEWALI MANDAR;MATANGNGA;BA'BA TAPUA;38;SEPTEMBER
SULAWESI BARAT;POLEWALI MANDAR;MATANGNGA;KATIMBANG;25;SEPTEMBER
SULAWESI BARAT;POLEWALI MANDAR;POLEWALI;POLEWALI;120;SEPTEMBER
SULAWESI BARAT;POLEWALI MANDAR;POLEWALI;WATTANG;50;SEPTEMBER
SULAWESI BARAT;POLEWALI MANDAR;POLEWALI;SULEWATANG;1;SEPTEMBER
SULAWESI BARAT;POLEWALI MANDAR;POLEWALI;LANTORA;0;SEPTEMBER
SULAWESI BARAT;POLEWALI MANDAR;POLEWALI;TAKATIDUNG;50;SEPTEMBER
SULAWESI BARAT;POLEWALI MANDAR;POLEWALI;PEKKABATA;81;SEPTEMBER
SULAWESI BARAT;POLEWALI MANDAR;POLEWALI;MADATE;311;SEPTEMBER
SULAWESI BARAT;POLEWALI MANDAR;POLEWALI;MANDING;0;SEPTEMBER
SULAWESI BARAT;POLEWALI MANDAR;POLEWALI;DARMA;232;SEPTEMBER
SULAWESI BARAT;POLEWALI MANDAR;TAPANGO;PELITAKAN;0;SEPTEMBER
SULAWESI BARAT;POLEWALI MANDAR;TAPANGO;TAPANGO;0;SEPTEMBER
SULAWESI BARAT;POLEWALI MANDAR;TAPANGO;RAPPANG;0;SEPTEMBER
SULAWESI BARAT;POLEWALI MANDAR;TAPANGO;DAKKA;0;SEPTEMBER
SULAWESI BARAT;POLEWALI MANDAR;TAPANGO;BATU;5;SEPTEMBER
SULAWESI BARAT;POLEWALI MANDAR;TAPANGO;RISO;3;SEPTEMBER
SULAWESI BARAT;POLEWALI MANDAR;TAPANGO;PALATTA;0;SEPTEMBER
SULAWESI BARAT;POLEWALI MANDAR;TAPANGO;TAPANGO BARAT;0;SEPTEMBER
SULAWESI BARAT;POLEWALI MANDAR;TAPANGO;KURRAK;0;SEPTEMBER
SULAWESI BARAT;POLEWALI MANDAR;TAPANGO;BUSSU;48;SEPTEMBER
SULAWESI BARAT;POLEWALI MANDAR;TAPANGO;TUTTULA;14;SEPTEMBER
SULAWESI BARAT;POLEWALI MANDAR;TAPANGO;JAMBU MALEA;0;SEPTEMBER
SULAWESI BARAT;POLEWALI MANDAR;TAPANGO;KALIMBUA;25;SEPTEMBER
SULAWESI BARAT;POLEWALI MANDAR;TAPANGO;BANATO REJO;14;SEPTEMBER
SULAWESI BARAT;POLEWALI MANDAR;TINAMBUNG;TINAMBUNG;16;SEPTEMBER
SULAWESI BARAT;POLEWALI MANDAR;TINAMBUNG;KARAMA;61;SEPTEMBER
SULAWESI BARAT;POLEWALI MANDAR;TINAMBUNG;TANGNGA TANGNGA;10;SEPTEMBER
SULAWESI BARAT;POLEWALI MANDAR;TINAMBUNG;LEKOPADIS;0;SEPTEMBER
SULAWESI BARAT;POLEWALI MANDAR;TINAMBUNG;GALUNG LOMBOK;159;SEPTEMBER
SULAWESI BARAT;POLEWALI MANDAR;TINAMBUNG;TANDUNG;29;SEPTEMBER
SULAWESI BARAT;POLEWALI MANDAR;TINAMBUNG;BATULAYA;35;SEPTEMBER
SULAWESI BARAT;POLEWALI MANDAR;TINAMBUNG;SEPABATU;9;SEPTEMBER
SULAWESI BARAT;POLEWALI MANDAR;TUTAR;TARAMANU;5;SEPTEMBER
SULAWESI BARAT;POLEWALI MANDAR;TUTAR;AMBOPADANG;21;SEPTEMBER
SULAWESI BARAT;POLEWALI MANDAR;TUTAR;TUBBI;0;SEPTEMBER
SULAWESI BARAT;POLEWALI MANDAR;TUTAR;RATTE;7;SEPTEMBER
SULAWESI BARAT;POLEWALI MANDAR;TUTAR;BESOANGIN;0;SEPTEMBER
SULAWESI BARAT;POLEWALI MANDAR;TUTAR;PIRIANG TAPIKO;0;SEPTEMBER
SULAWESI BARAT;POLEWALI MANDAR;TUTAR;PEBURRU;58;SEPTEMBER
SULAWESI BARAT;POLEWALI MANDAR;TUTAR;TALOBA;13;SEPTEMBER
SULAWESI BARAT;POLEWALI MANDAR;TUTAR;POLLEWANI;38;SEPTEMBER
SULAWESI BARAT;POLEWALI MANDAR;TUTAR;ARABUA;18;SEPTEMBER
SULAWESI BARAT;POLEWALI MANDAR;TUTAR;BESOANGIN UTARA;23;SEPTEMBER
SULAWESI BARAT;POLEWALI MANDAR;TUTAR;PODA;2;SEPTEMBER
SULAWESI BARAT;POLEWALI MANDAR;TUTAR;TARAMANU TUA;9;SEPTEMBER
SULAWESI BARAT;POLEWALI MANDAR;WONOMULYO;SIDODADI;57;SEPTEMBER
SULAWESI BARAT;POLEWALI MANDAR;WONOMULYO;SIDOREJO;55;SEPTEMBER
SULAWESI BARAT;POLEWALI MANDAR;WONOMULYO;SUMBEREJO;54;SEPTEMBER
SULAWESI BARAT;POLEWALI MANDAR;WONOMULYO;BUMIAYU;63;SEPTEMBER
SULAWESI BARAT;POLEWALI MANDAR;WONOMULYO;KEBUNSARI;31;SEPTEMBER
SULAWESI BARAT;POLEWALI MANDAR;WONOMULYO;BANUA BARU;25;SEPTEMBER
SULAWESI BARAT;POLEWALI MANDAR;WONOMULYO;NEPO;0;SEPTEMBER
SULAWESI BARAT;POLEWALI MANDAR;WONOMULYO;SUGIHWARAS;78;SEPTEMBER
SULAWESI BARAT;POLEWALI MANDAR;WONOMULYO;CAMPURJO;3;SEPTEMBER
SULAWESI BARAT;POLEWALI MANDAR;WONOMULYO;BUMIMULYO;58;SEPTEMBER
SULAWESI BARAT;POLEWALI MANDAR;WONOMULYO;TUMPILING;41;SEPTEMBER
SULAWESI BARAT;POLEWALI MANDAR;WONOMULYO;BAKKA-BAKKA;42;SEPTEMBER
SULAWESI BARAT;POLEWALI MANDAR;WONOMULYO;ARJO SARI;10;SEPTEMBER
SULAWESI BARAT;POLEWALI MANDAR;WONOMULYO;GALESON;70;SEPTEMBER
SULAWESI BARAT;MAMUJU;MAMUJU;BINANGA;48;SEPTEMBER
SULAWESI BARAT;MAMUJU;MAMUJU;MAMUNYU;56;SEPTEMBER
SULAWESI BARAT;MAMUJU;MAMUJU;KAREMA;0;SEPTEMBER
SULAWESI BARAT;MAMUJU;MAMUJU;RIMUKU;32;SEPTEMBER
SULAWESI BARAT;MAMUJU;MAMUJU;BAMBU;57;SEPTEMBER
SULAWESI BARAT;MAMUJU;MAMUJU;KARAMPUANG;66;SEPTEMBER
SULAWESI BARAT;MAMUJU;MAMUJU;TADUI;58;SEPTEMBER
SULAWESI BARAT;MAMUJU;MAMUJU;BATU PANNU;55;SEPTEMBER
SULAWESI BARAT;MAMUJU;TAPALANG;GALUNG;0;SEPTEMBER
SULAWESI BARAT;MAMUJU;TAPALANG;KASAMBANG;0;SEPTEMBER
SULAWESI BARAT;MAMUJU;TAPALANG;DAYANGINNA;2;SEPTEMBER
SULAWESI BARAT;MAMUJU;TAPALANG;OROBATU;0;SEPTEMBER
SULAWESI BARAT;MAMUJU;TAPALANG;TAKANDEANG;5;SEPTEMBER
SULAWESI BARAT;MAMUJU;TAPALANG;BELA;0;SEPTEMBER
SULAWESI BARAT;MAMUJU;TAPALANG;TAAN;0;SEPTEMBER
SULAWESI BARAT;MAMUJU;TAPALANG;TAMPALANG;30;SEPTEMBER
SULAWESI BARAT;MAMUJU;TAPALANG;RANTEDODA;52;SEPTEMBER
SULAWESI BARAT;MAMUJU;TAPALANG;KOPEANG;0;SEPTEMBER
SULAWESI BARAT;MAMUJU;KALUKKU;SINYONYOI;40;SEPTEMBER
SULAWESI BARAT;MAMUJU;KALUKKU;BEBANGA;52;SEPTEMBER
SULAWESI BARAT;MAMUJU;KALUKKU;KALUKKU;61;SEPTEMBER
SULAWESI BARAT;MAMUJU;KALUKKU;SINYONYOI SELATAN;0;SEPTEMBER
SULAWESI BARAT;MAMUJU;KALUKKU;SONDOANG;0;SEPTEMBER
SULAWESI BARAT;MAMUJU;KALUKKU;BERU-BERU;20;SEPTEMBER
SULAWESI BARAT;MAMUJU;KALUKKU;BELANG BELANG;120;SEPTEMBER
SULAWESI BARAT;MAMUJU;KALUKKU;KABULOANG;17;SEPTEMBER
SULAWESI BARAT;MAMUJU;KALUKKU;KEANG;0;SEPTEMBER
SULAWESI BARAT;MAMUJU;KALUKKU;POKKANG;19;SEPTEMBER
SULAWESI BARAT;MAMUJU;KALUKKU;GULILING;60;SEPTEMBER
SULAWESI BARAT;MAMUJU;KALUKKU;UHAIMATE;0;SEPTEMBER
SULAWESI BARAT;MAMUJU;KALUKKU;KALUKKU BARAT;0;SEPTEMBER
SULAWESI BARAT;MAMUJU;KALUKKU;PAMMULUKANG;39;SEPTEMBER
SULAWESI BARAT;MAMUJU;KALUMPANG;KALUMPANG;0;SEPTEMBER
SULAWESI BARAT;MAMUJU;KALUMPANG;KARATAUN;10;SEPTEMBER
SULAWESI BARAT;MAMUJU;KALUMPANG;KARAMA;30;SEPTEMBER
SULAWESI BARAT;MAMUJU;KALUMPANG;SIRAUN;0;SEPTEMBER
SULAWESI BARAT;MAMUJU;KALUMPANG;TUMOGA;18;SEPTEMBER
SULAWESI BARAT;MAMUJU;KALUMPANG;SALUMAKKI;0;SEPTEMBER
SULAWESI BARAT;MAMUJU;KALUMPANG;POLIO;0;SEPTEMBER
SULAWESI BARAT;MAMUJU;KALUMPANG;LIMBONG;0;SEPTEMBER
SULAWESI BARAT;MAMUJU;KALUMPANG;SANDAPANG;0;SEPTEMBER
SULAWESI BARAT;MAMUJU;KALUMPANG;KONDO BULO;0;SEPTEMBER
SULAWESI BARAT;MAMUJU;KALUMPANG;MAKKALIKI;0;SEPTEMBER
SULAWESI BARAT;MAMUJU;KALUMPANG;BATU MAKKADA;0;SEPTEMBER
SULAWESI BARAT;MAMUJU;KALUMPANG;LASA';0;SEPTEMBER
SULAWESI BARAT;MAMUJU;PAPALANG;TOABO;0;SEPTEMBER
SULAWESI BARAT;MAMUJU;PAPALANG;PAPALANG;80;SEPTEMBER
SULAWESI BARAT;MAMUJU;PAPALANG;BONDA;0;SEPTEMBER
SULAWESI BARAT;MAMUJU;PAPALANG;TOPORE;63;SEPTEMBER
SULAWESI BARAT;MAMUJU;PAPALANG;SALUKAYU;20;SEPTEMBER
SULAWESI BARAT;MAMUJU;PAPALANG;SUKADAMAI;0;SEPTEMBER
SULAWESI BARAT;MAMUJU;PAPALANG;BODA-BODA;20;SEPTEMBER
SULAWESI BARAT;MAMUJU;PAPALANG;SISANGO;9;SEPTEMBER
SULAWESI BARAT;MAMUJU;PAPALANG;BATU AMPA;0;SEPTEMBER
SULAWESI BARAT;MAMUJU;SAMPAGA;BUNDE;0;SEPTEMBER
SULAWESI BARAT;MAMUJU;SAMPAGA;KALONDING;21;SEPTEMBER
SULAWESI BARAT;MAMUJU;SAMPAGA;TARAILU;0;SEPTEMBER
SULAWESI BARAT;MAMUJU;SAMPAGA;SAMPAGA;0;SEPTEMBER
SULAWESI BARAT;MAMUJU;SAMPAGA;TANAMBUAH;20;SEPTEMBER
SULAWESI BARAT;MAMUJU;SAMPAGA;SALUBARANA;19;SEPTEMBER
SULAWESI BARAT;MAMUJU;SAMPAGA;LOSSO;0;SEPTEMBER
SULAWESI BARAT;MAMUJU;TOMMO;TOMMO;0;SEPTEMBER
SULAWESI BARAT;MAMUJU;TOMMO;CAMPALOGA;0;SEPTEMBER
SULAWESI BARAT;MAMUJU;TOMMO;BUANA SAKTI;0;SEPTEMBER
SULAWESI BARAT;MAMUJU;TOMMO;TAMEMONGGA;0;SEPTEMBER
SULAWESI BARAT;MAMUJU;TOMMO;TAMEJARRA;0;SEPTEMBER
SULAWESI BARAT;MAMUJU;TOMMO;RANTEMARIO;0;SEPTEMBER
SULAWESI BARAT;MAMUJU;TOMMO;MALINO;35;SEPTEMBER
SULAWESI BARAT;MAMUJU;TOMMO;KAKULLASANG;0;SEPTEMBER
SULAWESI BARAT;MAMUJU;TOMMO;LELING;18;SEPTEMBER
SULAWESI BARAT;MAMUJU;TOMMO;KALEPU;31;SEPTEMBER
SULAWESI BARAT;MAMUJU;TOMMO;SANDANA;0;SEPTEMBER
SULAWESI BARAT;MAMUJU;TOMMO;LELING BARAT;90;SEPTEMBER
SULAWESI BARAT;MAMUJU;TOMMO;LELING UTARA;28;SEPTEMBER
SULAWESI BARAT;MAMUJU;TOMMO;SALUDENGEN;0;SEPTEMBER
SULAWESI BARAT;MAMUJU;SIMBORO;SIMBORO;5;SEPTEMBER
SULAWESI BARAT;MAMUJU;SIMBORO;RANGAS;77;SEPTEMBER
SULAWESI BARAT;MAMUJU;SIMBORO;BOTTENG;72;SEPTEMBER
SULAWESI BARAT;MAMUJU;SIMBORO;SALETTO;0;SEPTEMBER
SULAWESI BARAT;MAMUJU;SIMBORO;SUMARE;0;SEPTEMBER
SULAWESI BARAT;MAMUJU;SIMBORO;BOTTENG UTARA;93;SEPTEMBER
SULAWESI BARAT;MAMUJU;SIMBORO;TAPANDULLU;30;SEPTEMBER
SULAWESI BARAT;MAMUJU;SIMBORO;PATI'DI;68;SEPTEMBER
SULAWESI BARAT;MAMUJU;TAPALANG BARAT;DUNGKAIT;0;SEPTEMBER
SULAWESI BARAT;MAMUJU;TAPALANG BARAT;LEBANI;10;SEPTEMBER
SULAWESI BARAT;MAMUJU;TAPALANG BARAT;LABUANG RANO;0;SEPTEMBER
SULAWESI BARAT;MAMUJU;TAPALANG BARAT;PASABU;11;SEPTEMBER
SULAWESI BARAT;MAMUJU;TAPALANG BARAT;TANETE PAO;0;SEPTEMBER
SULAWESI BARAT;MAMUJU;TAPALANG BARAT;PANGASAAN;8;SEPTEMBER
SULAWESI BARAT;MAMUJU;TAPALANG BARAT;AHU;12;SEPTEMBER
SULAWESI BARAT;MAMUJU;BONEHAU;BONEHAU;0;SEPTEMBER
SULAWESI BARAT;MAMUJU;BONEHAU;SALUTIWO;0;SEPTEMBER
SULAWESI BARAT;MAMUJU;BONEHAU;BUTTUADA;0;SEPTEMBER
SULAWESI BARAT;MAMUJU;BONEHAU;TAMALEA;0;SEPTEMBER
SULAWESI BARAT;MAMUJU;BONEHAU;LUMIKA;0;SEPTEMBER
SULAWESI BARAT;MAMUJU;BONEHAU;MAPPU;0;SEPTEMBER
SULAWESI BARAT;MAMUJU;BONEHAU;BANUADA;11;SEPTEMBER
SULAWESI BARAT;MAMUJU;BONEHAU;HINUA;25;SEPTEMBER
SULAWESI BARAT;MAMUJU;BONEHAU;KINATANG;5;SEPTEMBER
SULAWESI BARAT;MAMUJU;KEP. BALA BALAKANG;BALA BALAKANG;0;SEPTEMBER
SULAWESI BARAT;MAMUJU;KEP. BALA BALAKANG;BALA-BALAKANG TIMUR;0;SEPTEMBER
SULAWESI BARAT;MAMUJU TENGAH;TOBADAK;MAHAHE;0;OKTOBER
SULAWESI BARAT;MAMUJU TENGAH;TOBADAK;SALOBAJA;305;OKTOBER
SULAWESI BARAT;MAMUJU TENGAH;TOBADAK;TOBADAK;50;OKTOBER
SULAWESI BARAT;MAMUJU TENGAH;TOBADAK;PALONGAAN;175;OKTOBER
SULAWESI BARAT;MAMUJU TENGAH;TOBADAK;BATU PARIGI;25;OKTOBER
SULAWESI BARAT;MAMUJU TENGAH;TOBADAK;BAMBADARU;195;OKTOBER
SULAWESI BARAT;MAMUJU TENGAH;TOBADAK;SEJATI;36;OKTOBER
SULAWESI BARAT;MAMUJU TENGAH;TOBADAK;SALOADAK;29;OKTOBER
SULAWESI BARAT;MAMUJU TENGAH;PANGALE;POLO PANGALE;0;OKTOBER
SULAWESI BARAT;MAMUJU TENGAH;PANGALE;PANGALE;0;OKTOBER
SULAWESI BARAT;MAMUJU TENGAH;PANGALE;SARTANAMAJU;0;OKTOBER
SULAWESI BARAT;MAMUJU TENGAH;PANGALE;POLO LERENG;0;OKTOBER
SULAWESI BARAT;MAMUJU TENGAH;PANGALE;KUO;0;OKTOBER
SULAWESI BARAT;MAMUJU TENGAH;PANGALE;POLO CAMBA;0;OKTOBER
SULAWESI BARAT;MAMUJU TENGAH;PANGALE;LAMBA-LAMBA;0;OKTOBER
SULAWESI BARAT;MAMUJU TENGAH;PANGALE;KOMBILING;0;OKTOBER
SULAWESI BARAT;MAMUJU TENGAH;PANGALE;LEMO-LEMO;0;OKTOBER
SULAWESI BARAT;MAMUJU TENGAH;BUDONG-BUDONG;BABANA;366;OKTOBER
SULAWESI BARAT;MAMUJU TENGAH;BUDONG-BUDONG;LUMU;39;OKTOBER
SULAWESI BARAT;MAMUJU TENGAH;BUDONG-BUDONG;PONTANAKAYANG;0;OKTOBER
SULAWESI BARAT;MAMUJU TENGAH;BUDONG-BUDONG;SALOGATTA;91;OKTOBER
SULAWESI BARAT;MAMUJU TENGAH;BUDONG-BUDONG;KIRE;0;OKTOBER
SULAWESI BARAT;MAMUJU TENGAH;BUDONG-BUDONG;TINALI;97;OKTOBER
SULAWESI BARAT;MAMUJU TENGAH;BUDONG-BUDONG;SALUMANURUNG;0;OKTOBER
SULAWESI BARAT;MAMUJU TENGAH;BUDONG-BUDONG;PASAPA;0;OKTOBER
SULAWESI BARAT;MAMUJU TENGAH;BUDONG-BUDONG;BOJO;0;OKTOBER
SULAWESI BARAT;MAMUJU TENGAH;BUDONG-BUDONG;BARAKKANG;0;OKTOBER
SULAWESI BARAT;MAMUJU TENGAH;BUDONG-BUDONG;LEMBAH HADA;0;OKTOBER
SULAWESI BARAT;MAMUJU TENGAH;TOPOYO;BUDONG-BUDONG;68;OKTOBER
SULAWESI BARAT;MAMUJU TENGAH;TOPOYO;TOPOYO;8;OKTOBER
SULAWESI BARAT;MAMUJU TENGAH;TOPOYO;TUMBU;62;OKTOBER
SULAWESI BARAT;MAMUJU TENGAH;TOPOYO;KABUBU;92;OKTOBER
SULAWESI BARAT;MAMUJU TENGAH;TOPOYO;WAEPUTEH;0;OKTOBER
SULAWESI BARAT;MAMUJU TENGAH;TOPOYO;TANGKOU;39;OKTOBER
SULAWESI BARAT;MAMUJU TENGAH;TOPOYO;TABOLANG;49;OKTOBER
SULAWESI BARAT;MAMUJU TENGAH;TOPOYO;PARAILI;27;OKTOBER
SULAWESI BARAT;MAMUJU TENGAH;TOPOYO;SALUPANGKANG;43;OKTOBER
SULAWESI BARAT;MAMUJU TENGAH;TOPOYO;SALUPANGKANG IV;0;OKTOBER
SULAWESI BARAT;MAMUJU TENGAH;TOPOYO;TAPPILINA;45;OKTOBER
SULAWESI BARAT;MAMUJU TENGAH;TOPOYO;BAMBAMANURUNG;60;OKTOBER
SULAWESI BARAT;MAMUJU TENGAH;TOPOYO;SALULEKBO;53;OKTOBER
SULAWESI BARAT;MAMUJU TENGAH;TOPOYO;PANGALLOANG;79;OKTOBER
SULAWESI BARAT;MAMUJU TENGAH;TOPOYO;SINABATTA;70;OKTOBER
SULAWESI BARAT;MAMUJU TENGAH;KAROSSA;KAROSSA;59;OKTOBER
SULAWESI BARAT;MAMUJU TENGAH;KAROSSA;TASOKKO;33;OKTOBER
SULAWESI BARAT;MAMUJU TENGAH;KAROSSA;LARA;0;OKTOBER
SULAWESI BARAT;MAMUJU TENGAH;KAROSSA;KADAILA;25;OKTOBER
SULAWESI BARAT;MAMUJU TENGAH;KAROSSA;KAYU CALLA;0;OKTOBER
SULAWESI BARAT;MAMUJU TENGAH;KAROSSA;LEMBAH HOPO;125;OKTOBER
SULAWESI BARAT;MAMUJU TENGAH;KAROSSA;BENGGAULU;0;OKTOBER
SULAWESI BARAT;MAMUJU TENGAH;KAROSSA;SUKA MAJU;6;OKTOBER
SULAWESI BARAT;MAMUJU TENGAH;KAROSSA;KAMBUNONG;39;OKTOBER
SULAWESI BARAT;MAMUJU TENGAH;KAROSSA;SALUBIRO;6;OKTOBER
SULAWESI BARAT;MAMUJU TENGAH;KAROSSA;SANJANGO;0;OKTOBER
SULAWESI BARAT;PASANGKAYU;BAMBAIRA;TAMPAURE;0;OKTOBER
SULAWESI BARAT;PASANGKAYU;BAMBAIRA;BAMBAIRA;25;OKTOBER
SULAWESI BARAT;PASANGKAYU;BAMBAIRA;KASOLOANG;0;OKTOBER
SULAWESI BARAT;PASANGKAYU;BAMBAIRA;KALUKU NANGKA;2;OKTOBER
SULAWESI BARAT;PASANGKAYU;BAMBALAMOTU;RANDOMAYANG;49;OKTOBER
SULAWESI BARAT;PASANGKAYU;BAMBALAMOTU;BAMBALAMOTU;0;OKTOBER
SULAWESI BARAT;PASANGKAYU;BAMBALAMOTU;POLEWALI;53;OKTOBER
SULAWESI BARAT;PASANGKAYU;BAMBALAMOTU;PANGIANG;0;OKTOBER
SULAWESI BARAT;PASANGKAYU;BAMBALAMOTU;KALOLA;25;OKTOBER
SULAWESI BARAT;PASANGKAYU;BAMBALAMOTU;WULAI;30;OKTOBER
SULAWESI BARAT;PASANGKAYU;BARAS;BARAS;0;OKTOBER
SULAWESI BARAT;PASANGKAYU;BARAS;BULU PARIGI;60;OKTOBER
SULAWESI BARAT;PASANGKAYU;BARAS;BALANTI;30;OKTOBER
SULAWESI BARAT;PASANGKAYU;BARAS;MOTU;0;OKTOBER
SULAWESI BARAT;PASANGKAYU;BARAS;TOWONI;7;OKTOBER
SULAWESI BARAT;PASANGKAYU;BARAS;KASANO;0;OKTOBER
SULAWESI BARAT;PASANGKAYU;BULU TABA;SUMBER SARI;15;OKTOBER
SULAWESI BARAT;PASANGKAYU;BULU TABA;LELEJAE;0;OKTOBER
SULAWESI BARAT;PASANGKAYU;BULU TABA;BUKIT HARAPAN;0;OKTOBER
SULAWESI BARAT;PASANGKAYU;BULU TABA;LILIMORI;0;OKTOBER
SULAWESI BARAT;PASANGKAYU;BULU TABA;KARAVE;0;OKTOBER
SULAWESI BARAT;PASANGKAYU;BULU TABA;KASTABUANA;15;OKTOBER
SULAWESI BARAT;PASANGKAYU;BULU TABA;OMPI;25;OKTOBER
SULAWESI BARAT;PASANGKAYU;DAPURANG;DAPURANG;19;OKTOBER
SULAWESI BARAT;PASANGKAYU;DAPURANG;BENGGAULU;0;OKTOBER
SULAWESI BARAT;PASANGKAYU;DAPURANG;TIRTABUANA;0;OKTOBER
SULAWESI BARAT;PASANGKAYU;DAPURANG;BULU BONGGU;0;OKTOBER
SULAWESI BARAT;PASANGKAYU;DAPURANG;SARASA;0;OKTOBER
SULAWESI BARAT;PASANGKAYU;DURIPOKU;TAMMARUNANG;0;OKTOBER
SULAWESI BARAT;PASANGKAYU;DURIPOKU;SAPTANAJAYA;51;OKTOBER
SULAWESI BARAT;PASANGKAYU;DURIPOKU;TARANGGI;0;OKTOBER
SULAWESI BARAT;PASANGKAYU;DURIPOKU;SIPAKAINGA;0;OKTOBER
SULAWESI BARAT;PASANGKAYU;LARIANG;KULU;37;OKTOBER
SULAWESI BARAT;PASANGKAYU;LARIANG;PARABU;32;OKTOBER
SULAWESI BARAT;PASANGKAYU;LARIANG;KENANGAN;78;OKTOBER
SULAWESI BARAT;PASANGKAYU;LARIANG;BAJAWALI;0;OKTOBER
SULAWESI BARAT;PASANGKAYU;LARIANG;SINGGANI;40;OKTOBER
SULAWESI BARAT;PASANGKAYU;LARIANG;BATU MATORU;20;OKTOBER
SULAWESI BARAT;PASANGKAYU;LARIANG;BAMBAKORO;1;OKTOBER
SULAWESI BARAT;PASANGKAYU;PASANGKAYU;KARYA BERSAMA;70;OKTOBER
SULAWESI BARAT;PASANGKAYU;PASANGKAYU;AKO;192;OKTOBER
SULAWESI BARAT;PASANGKAYU;PASANGKAYU;PASANGKAYU;60;OKTOBER
SULAWESI BARAT;PASANGKAYU;PASANGKAYU;MARTAJAYA;0;OKTOBER
SULAWESI BARAT;PASANGKAYU;PASANGKAYU;PAKAVA;0;OKTOBER
SULAWESI BARAT;PASANGKAYU;PASANGKAYU;GUNUNG SARI;59;OKTOBER
SULAWESI BARAT;PASANGKAYU;PEDONGGA;MALEI;7;OKTOBER
SULAWESI BARAT;PASANGKAYU;PEDONGGA;PEDANDA;5;OKTOBER
SULAWESI BARAT;PASANGKAYU;PEDONGGA;BATU OGE;0;OKTOBER
SULAWESI BARAT;PASANGKAYU;PEDONGGA;MARTASARI;0;OKTOBER
SULAWESI BARAT;PASANGKAYU;SARJO;SARJO;50;OKTOBER
SULAWESI BARAT;PASANGKAYU;SARJO;MAPONU;0;OKTOBER
SULAWESI BARAT;PASANGKAYU;SARJO;LETAWA;0;OKTOBER
SULAWESI BARAT;PASANGKAYU;SARJO;SARUDE;0;OKTOBER
SULAWESI BARAT;PASANGKAYU;SARUDU;DODA;0;OKTOBER
SULAWESI BARAT;PASANGKAYU;SARUDU;SARUDU;0;OKTOBER
SULAWESI BARAT;PASANGKAYU;SARUDU;BULU MARIO;24;OKTOBER
SULAWESI BARAT;PASANGKAYU;SARUDU;KUMASARI;0;OKTOBER
SULAWESI BARAT;PASANGKAYU;SARUDU;PATIKA;31;OKTOBER
SULAWESI BARAT;PASANGKAYU;TIKKE RAYA;MAKMUR JAYA;12;OKTOBER
SULAWESI BARAT;PASANGKAYU;TIKKE RAYA;LARIANG;148;OKTOBER
SULAWESI BARAT;PASANGKAYU;TIKKE RAYA;TIKKE;14;OKTOBER
SULAWESI BARAT;PASANGKAYU;TIKKE RAYA;PAJALELE;108;OKTOBER
SULAWESI BARAT;PASANGKAYU;TIKKE RAYA;JENGENG RAYA;104;OKTOBER
SULAWESI BARAT;MAJENE;BANGGAE;BANGGAE;0;OKTOBER
SULAWESI BARAT;MAJENE;BANGGAE;BARU;118;OKTOBER
SULAWESI BARAT;MAJENE;BANGGAE;PANGALI ALI;265;OKTOBER
SULAWESI BARAT;MAJENE;BANGGAE;TOTOLI;50;OKTOBER
SULAWESI BARAT;MAJENE;BANGGAE;RANGAS;148;OKTOBER
SULAWESI BARAT;MAJENE;BANGGAE;GALUNG;99;OKTOBER
SULAWESI BARAT;MAJENE;BANGGAE;PALIPI SOREANG;77;OKTOBER
SULAWESI BARAT;MAJENE;BANGGAE;PAMBOBORANG;87;OKTOBER
SULAWESI BARAT;MAJENE;BANGGAE TIMUR;BAURUNG;38;OKTOBER
SULAWESI BARAT;MAJENE;BANGGAE TIMUR;BARUGA;5;OKTOBER
SULAWESI BARAT;MAJENE;BANGGAE TIMUR;BARUGA DHUA;4;OKTOBER
SULAWESI BARAT;MAJENE;BANGGAE TIMUR;LABUANG;49;OKTOBER
SULAWESI BARAT;MAJENE;BANGGAE TIMUR;TANDE;13;OKTOBER
SULAWESI BARAT;MAJENE;BANGGAE TIMUR;LEMBANG;83;OKTOBER
SULAWESI BARAT;MAJENE;BANGGAE TIMUR;LABUANG UTARA;32;OKTOBER
SULAWESI BARAT;MAJENE;BANGGAE TIMUR;TANDE TIMUR;37;OKTOBER
SULAWESI BARAT;MAJENE;BANGGAE TIMUR;BUTTU BARUGA;0;OKTOBER
SULAWESI BARAT;MAJENE;MALUNDA;MALUNDA;8;OKTOBER
SULAWESI BARAT;MAJENE;MALUNDA;LAMUNGANG BATU;45;OKTOBER
SULAWESI BARAT;MAJENE;MALUNDA;BAMBANGAN;22;OKTOBER
SULAWESI BARAT;MAJENE;MALUNDA;LOMBANG;21;OKTOBER
SULAWESI BARAT;MAJENE;MALUNDA;LOMBONG;5;OKTOBER
SULAWESI BARAT;MAJENE;MALUNDA;MEKKATTA;0;OKTOBER
SULAWESI BARAT;MAJENE;MALUNDA;MALIAYA;98;OKTOBER
SULAWESI BARAT;MAJENE;MALUNDA;LOMBANG TIMUR;22;OKTOBER
SULAWESI BARAT;MAJENE;MALUNDA;SALUTAHONGAN;44;OKTOBER
SULAWESI BARAT;MAJENE;MALUNDA;LOMBONG TIMUR;42;OKTOBER
SULAWESI BARAT;MAJENE;MALUNDA;MEKKATTA SELATAN;46;OKTOBER
SULAWESI BARAT;MAJENE;MALUNDA;KAYUANGIN;0;OKTOBER
SULAWESI BARAT;MAJENE;PAMBOANG;LALAMPANUA;9;OKTOBER
SULAWESI BARAT;MAJENE;PAMBOANG;SIRINDU;49;OKTOBER
SULAWESI BARAT;MAJENE;PAMBOANG;ADOLANG;79;OKTOBER
SULAWESI BARAT;MAJENE;PAMBOANG;BABABULO;26;OKTOBER
SULAWESI BARAT;MAJENE;PAMBOANG;BONDE;13;OKTOBER
SULAWESI BARAT;MAJENE;PAMBOANG;BETTENG;33;OKTOBER
SULAWESI BARAT;MAJENE;PAMBOANG;SIMBANG;8;OKTOBER
SULAWESI BARAT;MAJENE;PAMBOANG;BONDE UTARA;7;OKTOBER
SULAWESI BARAT;MAJENE;PAMBOANG;BABABULO UTARA;10;OKTOBER
SULAWESI BARAT;MAJENE;PAMBOANG;BUTTU PAMBOANG;26;OKTOBER
SULAWESI BARAT;MAJENE;PAMBOANG;BANUA ADOLANG;4;OKTOBER
SULAWESI BARAT;MAJENE;PAMBOANG;ADOLANG DHUA;19;OKTOBER
SULAWESI BARAT;MAJENE;PAMBOANG;TINAMBUNG;37;OKTOBER
SULAWESI BARAT;MAJENE;PAMBOANG;PESULOANG;29;OKTOBER
SULAWESI BARAT;MAJENE;PAMBOANG;BALOMBONG;13;OKTOBER
SULAWESI BARAT;MAJENE;SENDANA;MOSSO;31;OKTOBER
SULAWESI BARAT;MAJENE;SENDANA;MOSSO DHUA;9;OKTOBER
SULAWESI BARAT;MAJENE;SENDANA;TOTOLISI SENDANA;30;OKTOBER
SULAWESI BARAT;MAJENE;SENDANA;TALLUBANUA;6;OKTOBER
SULAWESI BARAT;MAJENE;SENDANA;LALATEDZONG;43;OKTOBER
SULAWESI BARAT;MAJENE;SENDANA;BINANGA;46;OKTOBER
SULAWESI BARAT;MAJENE;SENDANA;PUTTADA;18;OKTOBER
SULAWESI BARAT;MAJENE;SENDANA;PAMINGGALAN;2;OKTOBER
SULAWESI BARAT;MAJENE;SENDANA;LEPPANGANG;4;OKTOBER
SULAWESI BARAT;MAJENE;SENDANA;PUNDAU;77;OKTOBER
SULAWESI BARAT;MAJENE;SENDANA;SENDANA;32;OKTOBER
SULAWESI BARAT;MAJENE;SENDANA;BANUA SENDANA;12;OKTOBER
SULAWESI BARAT;MAJENE;SENDANA;TALLUBANUA UTARA;15;OKTOBER
SULAWESI BARAT;MAJENE;SENDANA;LIMBORO RAMBU-RAMBU;38;OKTOBER
SULAWESI BARAT;MAJENE;SENDANA;LIMBUA;3;OKTOBER
SULAWESI BARAT;MAJENE;SENDANA;BUKIT SAMANG;8;OKTOBER
SULAWESI BARAT;MAJENE;TAMMERODO SENDANA;SEPPONG;21;OKTOBER
SULAWESI BARAT;MAJENE;TAMMERODO SENDANA;TAMMERODO;77;OKTOBER
SULAWESI BARAT;MAJENE;TAMMERODO SENDANA;ULIDANG;44;OKTOBER
SULAWESI BARAT;MAJENE;TAMMERODO SENDANA;TALLAMBALAO;9;OKTOBER
SULAWESI BARAT;MAJENE;TAMMERODO SENDANA;TAMMERODO UTARA;84;OKTOBER
SULAWESI BARAT;MAJENE;TAMMERODO SENDANA;MANYAMBA;7;OKTOBER
SULAWESI BARAT;MAJENE;TAMMERODO SENDANA;AWO;89;OKTOBER
SULAWESI BARAT;MAJENE;TUBO SENDANA;ONANG;50;OKTOBER
SULAWESI BARAT;MAJENE;TUBO SENDANA;TUBO;0;OKTOBER
SULAWESI BARAT;MAJENE;TUBO SENDANA;ONANG UTARA;34;OKTOBER
SULAWESI BARAT;MAJENE;TUBO SENDANA;TUBO SELATAN;55;OKTOBER
SULAWESI BARAT;MAJENE;TUBO SENDANA;BONDE BONDE;30;OKTOBER
SULAWESI BARAT;MAJENE;TUBO SENDANA;TUBO TENGAH;45;OKTOBER
SULAWESI BARAT;MAJENE;TUBO SENDANA;TUBO POANG;0;OKTOBER
SULAWESI BARAT;MAJENE;ULUMANDA;KABIRAAN;0;OKTOBER
SULAWESI BARAT;MAJENE;ULUMANDA;SAMBABO;0;OKTOBER
SULAWESI BARAT;MAJENE;ULUMANDA;TANDEALLO;0;OKTOBER
SULAWESI BARAT;MAJENE;ULUMANDA;ULUMANDA;0;OKTOBER
SULAWESI BARAT;MAJENE;ULUMANDA;SALUTAMBUNG;0;OKTOBER
SULAWESI BARAT;MAJENE;ULUMANDA;POPENGA;0;OKTOBER
SULAWESI BARAT;MAJENE;ULUMANDA;SULAI;0;OKTOBER
SULAWESI BARAT;MAJENE;ULUMANDA;PANGGALO;0;OKTOBER
SULAWESI BARAT;MAMASA;ARALLE;ARALLE;0;OKTOBER
SULAWESI BARAT;MAMASA;ARALLE;RALLE ANAK;0;OKTOBER
SULAWESI BARAT;MAMASA;ARALLE;PANETEAN;0;OKTOBER
SULAWESI BARAT;MAMASA;ARALLE;UHAILANU;0;OKTOBER
SULAWESI BARAT;MAMASA;ARALLE;ARALLE UTARA;0;OKTOBER
SULAWESI BARAT;MAMASA;ARALLE;UHAIDAHO;0;OKTOBER
SULAWESI BARAT;MAMASA;ARALLE;BARURU;0;OKTOBER
SULAWESI BARAT;MAMASA;ARALLE;RALLEANAK UTARA;0;OKTOBER
SULAWESI BARAT;MAMASA;ARALLE;PAMOSEANG PANGGA;0;OKTOBER
SULAWESI BARAT;MAMASA;ARALLE;KALABE;0;OKTOBER
SULAWESI BARAT;MAMASA;ARALLE;ARALLE SELATAN;0;OKTOBER
SULAWESI BARAT;MAMASA;ARALLE;HAHANGAN;0;OKTOBER
SULAWESI BARAT;MAMASA;BALLA;BALLA;2;OKTOBER
SULAWESI BARAT;MAMASA;BALLA;BALLA BARAT;0;OKTOBER
SULAWESI BARAT;MAMASA;BALLA;BALLA SATANETEAN;0;OKTOBER
SULAWESI BARAT;MAMASA;BALLA;BALLA TUMUKA;0;OKTOBER
SULAWESI BARAT;MAMASA;BALLA;SEPAKUAN;2;OKTOBER
SULAWESI BARAT;MAMASA;BALLA;PIDARA;0;OKTOBER
SULAWESI BARAT;MAMASA;BALLA;BAMBAPUANG;0;OKTOBER
SULAWESI BARAT;MAMASA;BALLA;BALLA TIMUR;0;OKTOBER
SULAWESI BARAT;MAMASA;BAMBANG;MOKALLANG;23;OKTOBER
SULAWESI BARAT;MAMASA;BAMBANG;MASOSO;0;OKTOBER
SULAWESI BARAT;MAMASA;BAMBANG;SALUASSING;0;OKTOBER
SULAWESI BARAT;MAMASA;BAMBANG;SALUBULO;0;OKTOBER
SULAWESI BARAT;MAMASA;BAMBANG;SALUKADI;0;OKTOBER
SULAWESI BARAT;MAMASA;BAMBANG;SALUKEPOPOK;10;OKTOBER
SULAWESI BARAT;MAMASA;BAMBANG;ULUMAMBI BARAT;0;OKTOBER
SULAWESI BARAT;MAMASA;BAMBANG;LIMBADEBATA;1;OKTOBER
SULAWESI BARAT;MAMASA;BAMBANG;TANETE TOMBA;20;OKTOBER
SULAWESI BARAT;MAMASA;BAMBANG;BAMBANG;0;OKTOBER
SULAWESI BARAT;MAMASA;BAMBANG;RANTELEMO;39;OKTOBER
SULAWESI BARAT;MAMASA;BAMBANG;SALUDENGEN;0;OKTOBER
SULAWESI BARAT;MAMASA;BAMBANG;ULUMAMBI;0;OKTOBER
SULAWESI BARAT;MAMASA;BAMBANG;BAMBANG TIMUR;0;OKTOBER
SULAWESI BARAT;MAMASA;BAMBANG;MINANGA;5;OKTOBER
SULAWESI BARAT;MAMASA;BAMBANG;SIKAMASE;0;OKTOBER
SULAWESI BARAT;MAMASA;BAMBANG;RANTETARIMA;0;OKTOBER
SULAWESI BARAT;MAMASA;BAMBANG;SALURURU;9;OKTOBER
SULAWESI BARAT;MAMASA;BAMBANG;SALUTABANG;0;OKTOBER
SULAWESI BARAT;MAMASA;BAMBANG;BALATANA;8;OKTOBER
SULAWESI BARAT;MAMASA;BUNTUMALANGKA;BUNTUMALANGKA;100;OKTOBER
SULAWESI BARAT;MAMASA;BUNTUMALANGKA;RANTEBERAN;0;OKTOBER
SULAWESI BARAT;MAMASA;BUNTUMALANGKA;KEBANGA;39;OKTOBER
SULAWESI BARAT;MAMASA;BUNTUMALANGKA;SALURINDU;0;OKTOBER
SULAWESI BARAT;MAMASA;BUNTUMALANGKA;TAORA;0;OKTOBER
SULAWESI BARAT;MAMASA;BUNTUMALANGKA;KABAE;19;OKTOBER
SULAWESI BARAT;MAMASA;BUNTUMALANGKA;SALUTAMBUN BARAT;0;OKTOBER
SULAWESI BARAT;MAMASA;BUNTUMALANGKA;PENATANGAN;0;OKTOBER
SULAWESI BARAT;MAMASA;BUNTUMALANGKA;SALUTAMBUN TIMUR;0;OKTOBER
SULAWESI BARAT;MAMASA;BUNTUMALANGKA;SALUTAMBUN;3;OKTOBER
SULAWESI BARAT;MAMASA;BUNTUMALANGKA;ARALLE TIMUR;0;OKTOBER
SULAWESI BARAT;MAMASA;MAMASA;MAMASA;120;OKTOBER
SULAWESI BARAT;MAMASA;MAMASA;RAMBUSARATU;1;OKTOBER
SULAWESI BARAT;MAMASA;MAMASA;OSANGO;129;OKTOBER
SULAWESI BARAT;MAMASA;MAMASA;LAMBANAN;0;OKTOBER
SULAWESI BARAT;MAMASA;MAMASA;LEMBANA SALULO;2;OKTOBER
SULAWESI BARAT;MAMASA;MAMASA;TAUPE;0;OKTOBER
SULAWESI BARAT;MAMASA;MAMASA;BUNTU BUDA;4;OKTOBER
SULAWESI BARAT;MAMASA;MAMASA;TONDOK BAKARU;25;OKTOBER
SULAWESI BARAT;MAMASA;MAMASA;PEBASSIAN;26;OKTOBER
SULAWESI BARAT;MAMASA;MAMASA;MAMBULILING;0;OKTOBER
SULAWESI BARAT;MAMASA;MAMASA;BOMBONG LAMBE;19;OKTOBER
SULAWESI BARAT;MAMASA;MAMASA;BUBUN BATU;0;OKTOBER
SULAWESI BARAT;MAMASA;MAMBI;MAMBI;37;OKTOBER
SULAWESI BARAT;MAMASA;MAMBI;TALIPUKKI;10;OKTOBER
SULAWESI BARAT;MAMASA;MAMBI;RANTEBULAHAN;25;OKTOBER
SULAWESI BARAT;MAMASA;MAMBI;SONDONGLAYU;1;OKTOBER
SULAWESI BARAT;MAMASA;MAMBI;SALUBANUA;1;OKTOBER
SULAWESI BARAT;MAMASA;MAMBI;TAPALINA;14;OKTOBER
SULAWESI BARAT;MAMASA;MAMBI;SENDANA;18;OKTOBER
SULAWESI BARAT;MAMASA;MAMBI;PAMOSEAN;9;OKTOBER
SULAWESI BARAT;MAMASA;MAMBI;SELUMAKA;0;OKTOBER
SULAWESI BARAT;MAMASA;MAMBI;BUJUNG MANURUNG;4;OKTOBER
SULAWESI BARAT;MAMASA;MAMBI;SALU ALO;6;OKTOBER
SULAWESI BARAT;MAMASA;MAMBI;INDOBANUA;0;OKTOBER
SULAWESI BARAT;MAMASA;MAMBI;SALUDURIAN;16;OKTOBER
SULAWESI BARAT;MAMASA;MEHALAAN;MEHALAAN;0;OKTOBER
SULAWESI BARAT;MAMASA;MEHALAAN;BOTTENG;0;OKTOBER
SULAWESI BARAT;MAMASA;MEHALAAN;SALUKONTA;0;OKTOBER
SULAWESI BARAT;MAMASA;MEHALAAN;MESAKADA;3;OKTOBER
SULAWESI BARAT;MAMASA;MEHALAAN;MEHALAAN BARAT;20;OKTOBER
SULAWESI BARAT;MAMASA;MEHALAAN;SALUAHOK;15;OKTOBER
SULAWESI BARAT;MAMASA;MEHALAAN;SALUBALO;0;OKTOBER
SULAWESI BARAT;MAMASA;MEHALAAN;PASSEMBUK;0;OKTOBER
SULAWESI BARAT;MAMASA;MEHALAAN;KONDO;0;OKTOBER
SULAWESI BARAT;MAMASA;MEHALAAN;LEKO SUKAMAJU;0;OKTOBER
SULAWESI BARAT;MAMASA;MEHALAAN;ULUMEA;0;OKTOBER
SULAWESI BARAT;MAMASA;MESSAWA;MESSAWA;0;OKTOBER
SULAWESI BARAT;MAMASA;MESSAWA;RIPPUNG;0;OKTOBER
SULAWESI BARAT;MAMASA;MESSAWA;MAKUANG;4;OKTOBER
SULAWESI BARAT;MAMASA;MESSAWA;SEPANG;0;OKTOBER
SULAWESI BARAT;MAMASA;MESSAWA;MALIMBONG;3;OKTOBER
SULAWESI BARAT;MAMASA;MESSAWA;MATANDE;3;OKTOBER
SULAWESI BARAT;MAMASA;MESSAWA;SIPAI;0;OKTOBER
SULAWESI BARAT;MAMASA;MESSAWA;PASMA MAMBU;0;OKTOBER
SULAWESI BARAT;MAMASA;MESSAWA;TANETE BATU;0;OKTOBER
SULAWESI BARAT;MAMASA;NOSU;NOSU;7;OKTOBER
SULAWESI BARAT;MAMASA;NOSU;MINANGA;5;OKTOBER
SULAWESI BARAT;MAMASA;NOSU;BATUPAPAN;0;OKTOBER
SULAWESI BARAT;MAMASA;NOSU;MASEWWE;0;OKTOBER
SULAWESI BARAT;MAMASA;NOSU;SIWI;7;OKTOBER
SULAWESI BARAT;MAMASA;NOSU;MINANGA TIMUR;0;OKTOBER
SULAWESI BARAT;MAMASA;NOSU;PARINDING;0;OKTOBER
SULAWESI BARAT;MAMASA;PANA;PANA;0;OKTOBER
SULAWESI BARAT;MAMASA;PANA;MANIPI;0;OKTOBER
SULAWESI BARAT;MAMASA;PANA;MAMULLU;0;OKTOBER
SULAWESI BARAT;MAMASA;PANA;SAPAN;0;OKTOBER
SULAWESI BARAT;MAMASA;PANA;DATUBARINGAN;117;OKTOBER
SULAWESI BARAT;MAMASA;PANA;PANURA;0;OKTOBER
SULAWESI BARAT;MAMASA;PANA;TALLANG BULAWAN;0;OKTOBER
SULAWESI BARAT;MAMASA;PANA;KARAKA;0;OKTOBER
SULAWESI BARAT;MAMASA;PANA;ULUSALU;0;OKTOBER
SULAWESI BARAT;MAMASA;PANA;WERI;0;OKTOBER
SULAWESI BARAT;MAMASA;PANA;SALUTAMBUN;3;OKTOBER
SULAWESI BARAT;MAMASA;PANA;SALOAN;0;OKTOBER
SULAWESI BARAT;MAMASA;PANA;ULUSALU INDAH;0;OKTOBER
SULAWESI BARAT;MAMASA;RANTEBULAHAN TIMUR;SALUMOKANAN;0;OKTOBER
SULAWESI BARAT;MAMASA;RANTEBULAHAN TIMUR;SALUMOKANAN BARAT;0;OKTOBER
SULAWESI BARAT;MAMASA;RANTEBULAHAN TIMUR;BUANGIN;0;OKTOBER
SULAWESI BARAT;MAMASA;RANTEBULAHAN TIMUR;BAMBANG BUDA;0;OKTOBER
SULAWESI BARAT;MAMASA;RANTEBULAHAN TIMUR;LEKO;0;OKTOBER
SULAWESI BARAT;MAMASA;RANTEBULAHAN TIMUR;KIRAK;0;OKTOBER
SULAWESI BARAT;MAMASA;RANTEBULAHAN TIMUR;SALUMOKANAN UTARA;0;OKTOBER
SULAWESI BARAT;MAMASA;RANTEBULAHAN TIMUR;SAMPALE;0;OKTOBER
SULAWESI BARAT;MAMASA;SESENAPADANG;OROBUA;22;OKTOBER
SULAWESI BARAT;MAMASA;SESENAPADANG;PALADAN;0;OKTOBER
SULAWESI BARAT;MAMASA;SESENAPADANG;OROBUA TIMUR;0;OKTOBER
SULAWESI BARAT;MAMASA;SESENAPADANG;RANTE PUANG;5;OKTOBER
SULAWESI BARAT;MAMASA;SESENAPADANG;SATENETEAN;0;OKTOBER
SULAWESI BARAT;MAMASA;SESENAPADANG;LISUAN ADA;1;OKTOBER
SULAWESI BARAT;MAMASA;SESENAPADANG;OROBUA SELATAN;0;OKTOBER
SULAWESI BARAT;MAMASA;SESENAPADANG;MALANGKENA PADANG;0;OKTOBER
SULAWESI BARAT;MAMASA;SESENAPADANG;MALIMBONG;3;OKTOBER
SULAWESI BARAT;MAMASA;SESENAPADANG;MARAMPAN OROBUA;14;OKTOBER
SULAWESI BARAT;MAMASA;SUMARORONG;SUMARORONG;2;OKTOBER
SULAWESI BARAT;MAMASA;SUMARORONG;TABONE;1;OKTOBER
SULAWESI BARAT;MAMASA;SUMARORONG;BATANG URU;10;OKTOBER
SULAWESI BARAT;MAMASA;SUMARORONG;SASAKAN;0;OKTOBER
SULAWESI BARAT;MAMASA;SUMARORONG;TADISI;0;OKTOBER
SULAWESI BARAT;MAMASA;SUMARORONG;SIBANAWA;0;OKTOBER
SULAWESI BARAT;MAMASA;SUMARORONG;BATANGNGURU TIMUR;2;OKTOBER
SULAWESI BARAT;MAMASA;SUMARORONG;SALUBALO;0;OKTOBER
SULAWESI BARAT;MAMASA;SUMARORONG;BANEA;0;OKTOBER
SULAWESI BARAT;MAMASA;SUMARORONG;RANTE KAMASE;0;OKTOBER
SULAWESI BARAT;MAMASA;TABANG;TABANG;0;OKTOBER
SULAWESI BARAT;MAMASA;TABANG;TADOKALUA;0;OKTOBER
SULAWESI BARAT;MAMASA;TABANG;TABANG BARAT;0;OKTOBER
SULAWESI BARAT;MAMASA;TABANG;MASUPU;35;OKTOBER
SULAWESI BARAT;MAMASA;TABANG;KALAMA;0;OKTOBER
SULAWESI BARAT;MAMASA;TABANG;BAKADISURA;0;OKTOBER
SULAWESI BARAT;MAMASA;TABANG;SALUKONA;0;OKTOBER
SULAWESI BARAT;MAMASA;TABULAHAN;LAKAHANG;22;OKTOBER
SULAWESI BARAT;MAMASA;TABULAHAN;PERIANGAN;0;OKTOBER
SULAWESI BARAT;MAMASA;TABULAHAN;MALATIRO;0;OKTOBER
SULAWESI BARAT;MAMASA;TABULAHAN;TABULAHAN;0;OKTOBER
SULAWESI BARAT;MAMASA;TABULAHAN;SALULEANG;0;OKTOBER
SULAWESI BARAT;MAMASA;TABULAHAN;TAMPAK KURRA;3;OKTOBER
SULAWESI BARAT;MAMASA;TABULAHAN;GANDANG DEWATA;0;OKTOBER
SULAWESI BARAT;MAMASA;TABULAHAN;BURANA;0;OKTOBER
SULAWESI BARAT;MAMASA;TABULAHAN;SALUBAKKA;0;OKTOBER
SULAWESI BARAT;MAMASA;TABULAHAN;PANGANDARAN;0;OKTOBER
SULAWESI BARAT;MAMASA;TABULAHAN;TALOPAK;0;OKTOBER
SULAWESI BARAT;MAMASA;TABULAHAN;PEU';0;OKTOBER
SULAWESI BARAT;MAMASA;TABULAHAN;TIMORO;0;OKTOBER
SULAWESI BARAT;MAMASA;TABULAHAN;LAKAHANG UTAMA;0;OKTOBER
SULAWESI BARAT;MAMASA;TANDUK KALUA;MINAKE;0;OKTOBER
SULAWESI BARAT;MAMASA;TANDUK KALUA;MALABO;0;OKTOBER
SULAWESI BARAT;MAMASA;TANDUK KALUA;SINDAGAMANIK;0;OKTOBER
SULAWESI BARAT;MAMASA;TANDUK KALUA;PARONDOBULAWAN;0;OKTOBER
SULAWESI BARAT;MAMASA;TANDUK KALUA;TAMALANTIK;0;OKTOBER
SULAWESI BARAT;MAMASA;TANDUK KALUA;MANNABABA;0;OKTOBER
SULAWESI BARAT;MAMASA;TANDUK KALUA;MESAKADA;3;OKTOBER
SULAWESI BARAT;MAMASA;TANDUK KALUA;BALLABATU;0;OKTOBER
SULAWESI BARAT;MAMASA;TANDUK KALUA;PAMBE;0;OKTOBER
SULAWESI BARAT;MAMASA;TANDUK KALUA;SALURANO;0;OKTOBER
SULAWESI BARAT;MAMASA;TANDUK KALUA;TALIMBUNG;0;OKTOBER
SULAWESI BARAT;MAMASA;TANDUK KALUA;KANAN;84;OKTOBER
SULAWESI BARAT;MAMASA;TAWALIAN;TAWALIAN;0;OKTOBER
SULAWESI BARAT;MAMASA;TAWALIAN;TAWALIAN TIMUR;31;OKTOBER
SULAWESI BARAT;MAMASA;TAWALIAN;KARIANGO;9;OKTOBER
SULAWESI BARAT;MAMASA;TAWALIAN;RANTETANGNGA;65;OKTOBER
SULAWESI BARAT;POLEWALI MANDAR;ALLU;PETOOSANG;20;OKTOBER
SULAWESI BARAT;POLEWALI MANDAR;ALLU;MOMBI;60;OKTOBER
SULAWESI BARAT;POLEWALI MANDAR;ALLU;KALUMAMMANG;11;OKTOBER
SULAWESI BARAT;POLEWALI MANDAR;ALLU;PAO-PAO;52;OKTOBER
SULAWESI BARAT;POLEWALI MANDAR;ALLU;PUPPU URING;20;OKTOBER
SULAWESI BARAT;POLEWALI MANDAR;ALLU;SARAGIAN;10;OKTOBER
SULAWESI BARAT;POLEWALI MANDAR;ALLU;SAYOANG;10;OKTOBER
SULAWESI BARAT;POLEWALI MANDAR;ALLU;ALU;71;OKTOBER
SULAWESI BARAT;POLEWALI MANDAR;ANREAPI;ANREAPI;149;OKTOBER
SULAWESI BARAT;POLEWALI MANDAR;ANREAPI;DUAMPANUA;191;OKTOBER
SULAWESI BARAT;POLEWALI MANDAR;ANREAPI;KELAPA DUA;227;OKTOBER
SULAWESI BARAT;POLEWALI MANDAR;ANREAPI;PAPPANDANGAN;167;OKTOBER
SULAWESI BARAT;POLEWALI MANDAR;ANREAPI;KUNYI;256;OKTOBER
SULAWESI BARAT;POLEWALI MANDAR;BALANIPA;BALANIPA;0;OKTOBER
SULAWESI BARAT;POLEWALI MANDAR;BALANIPA;TAMMAJARRA;9;OKTOBER
SULAWESI BARAT;POLEWALI MANDAR;BALANIPA;TAMANGGALLE;0;OKTOBER
SULAWESI BARAT;POLEWALI MANDAR;BALANIPA;MOSSO;0;OKTOBER
SULAWESI BARAT;POLEWALI MANDAR;BALANIPA;GALUNG TULUK;0;OKTOBER
SULAWESI BARAT;POLEWALI MANDAR;BALANIPA;SABANG SUBIK;0;OKTOBER
SULAWESI BARAT;POLEWALI MANDAR;BALANIPA;PAMBUSUANG;164;OKTOBER
SULAWESI BARAT;POLEWALI MANDAR;BALANIPA;BALA;0;OKTOBER
SULAWESI BARAT;POLEWALI MANDAR;BALANIPA;LAMBANAN;0;OKTOBER
SULAWESI BARAT;POLEWALI MANDAR;BALANIPA;LEGO;0;OKTOBER
SULAWESI BARAT;POLEWALI MANDAR;BALANIPA;PALLIS;0;OKTOBER
SULAWESI BARAT;POLEWALI MANDAR;BINUANG;AMASSANGAN;50;OKTOBER
SULAWESI BARAT;POLEWALI MANDAR;BINUANG;TONYAMAN;71;OKTOBER
SULAWESI BARAT;POLEWALI MANDAR;BINUANG;KUAJANG;301;OKTOBER
SULAWESI BARAT;POLEWALI MANDAR;BINUANG;PAKU;195;OKTOBER
SULAWESI BARAT;POLEWALI MANDAR;BINUANG;MIRRING;150;OKTOBER
SULAWESI BARAT;POLEWALI MANDAR;BINUANG;BATETANGNGA;65;OKTOBER
SULAWESI BARAT;POLEWALI MANDAR;BINUANG;MAMMI;310;OKTOBER
SULAWESI BARAT;POLEWALI MANDAR;BINUANG;KALEOK;25;OKTOBER
SULAWESI BARAT;POLEWALI MANDAR;BINUANG;AMOLA;31;OKTOBER
SULAWESI BARAT;POLEWALI MANDAR;BINUANG;REA;147;OKTOBER
SULAWESI BARAT;POLEWALI MANDAR;BULO;BULO;35;OKTOBER
SULAWESI BARAT;POLEWALI MANDAR;BULO;PULLIWA;62;OKTOBER
SULAWESI BARAT;POLEWALI MANDAR;BULO;PATAMBANUA;15;OKTOBER
SULAWESI BARAT;POLEWALI MANDAR;BULO;KAROMBANG;0;OKTOBER
SULAWESI BARAT;POLEWALI MANDAR;BULO;DAALA TIMUR;19;OKTOBER
SULAWESI BARAT;POLEWALI MANDAR;BULO;LENGGO;15;OKTOBER
SULAWESI BARAT;POLEWALI MANDAR;BULO;SABURA;0;OKTOBER
SULAWESI BARAT;POLEWALI MANDAR;BULO;SEPPORRAKI;40;OKTOBER
SULAWESI BARAT;POLEWALI MANDAR;BULO;IHING;0;OKTOBER
SULAWESI BARAT;POLEWALI MANDAR;CAMPALAGIAN;PAPPANG;10;OKTOBER
SULAWESI BARAT;POLEWALI MANDAR;CAMPALAGIAN;LALIKO;29;OKTOBER
SULAWESI BARAT;POLEWALI MANDAR;CAMPALAGIAN;BONDE;14;OKTOBER
SULAWESI BARAT;POLEWALI MANDAR;CAMPALAGIAN;KATUMBANGAN LEMO;23;OKTOBER
SULAWESI BARAT;POLEWALI MANDAR;CAMPALAGIAN;PANYAMPA;36;OKTOBER
SULAWESI BARAT;POLEWALI MANDAR;CAMPALAGIAN;SURUANG;52;OKTOBER
SULAWESI BARAT;POLEWALI MANDAR;CAMPALAGIAN;LAMPOKO;2;OKTOBER
SULAWESI BARAT;POLEWALI MANDAR;CAMPALAGIAN;KATUMBANGAN;29;OKTOBER
SULAWESI BARAT;POLEWALI MANDAR;CAMPALAGIAN;LAPEO;27;OKTOBER
SULAWESI BARAT;POLEWALI MANDAR;CAMPALAGIAN;PARAPPE;108;OKTOBER
SULAWESI BARAT;POLEWALI MANDAR;CAMPALAGIAN;ONGKO;0;OKTOBER
SULAWESI BARAT;POLEWALI MANDAR;CAMPALAGIAN;KENJE;0;OKTOBER
SULAWESI BARAT;POLEWALI MANDAR;CAMPALAGIAN;SUMARRANG;20;OKTOBER
SULAWESI BARAT;POLEWALI MANDAR;CAMPALAGIAN;BOTTO;20;OKTOBER
SULAWESI BARAT;POLEWALI MANDAR;CAMPALAGIAN;GATTUNGAN;133;OKTOBER
SULAWESI BARAT;POLEWALI MANDAR;CAMPALAGIAN;PADANG TIMUR;91;OKTOBER
SULAWESI BARAT;POLEWALI MANDAR;CAMPALAGIAN;PADANG;18;OKTOBER
SULAWESI BARAT;POLEWALI MANDAR;CAMPALAGIAN;LAGI-AGI;154;OKTOBER
SULAWESI BARAT;POLEWALI MANDAR;LIMBORO;LIMBORO;5;OKTOBER
SULAWESI BARAT;POLEWALI MANDAR;LIMBORO;LEMBANG LEMBANG;7;OKTOBER
SULAWESI BARAT;POLEWALI MANDAR;LIMBORO;TANDASURA;88;OKTOBER
SULAWESI BARAT;POLEWALI MANDAR;LIMBORO;SAMASUNDU;11;OKTOBER
SULAWESI BARAT;POLEWALI MANDAR;LIMBORO;NAPO;28;OKTOBER
SULAWESI BARAT;POLEWALI MANDAR;LIMBORO;TODANG TODANG;19;OKTOBER
SULAWESI BARAT;POLEWALI MANDAR;LIMBORO;PENDULANGAN;14;OKTOBER
SULAWESI BARAT;POLEWALI MANDAR;LIMBORO;RENGGEANG;10;OKTOBER
SULAWESI BARAT;POLEWALI MANDAR;LIMBORO;SALARRI;0;OKTOBER
SULAWESI BARAT;POLEWALI MANDAR;LIMBORO;TANGAN BARU;30;OKTOBER
SULAWESI BARAT;POLEWALI MANDAR;LIMBORO;PALECE;16;OKTOBER
SULAWESI BARAT;POLEWALI MANDAR;LUYO;BATUPANGA;5;OKTOBER
SULAWESI BARAT;POLEWALI MANDAR;LUYO;MAMBU;104;OKTOBER
SULAWESI BARAT;POLEWALI MANDAR;LUYO;TENGGELANG;26;OKTOBER
SULAWESI BARAT;POLEWALI MANDAR;LUYO;BARU;30;OKTOBER
SULAWESI BARAT;POLEWALI MANDAR;LUYO;PUSSUI;0;OKTOBER
SULAWESI BARAT;POLEWALI MANDAR;LUYO;MAPILI BARAT;15;OKTOBER
SULAWESI BARAT;POLEWALI MANDAR;LUYO;SAMBALI WALI;127;OKTOBER
SULAWESI BARAT;POLEWALI MANDAR;LUYO;BATUPANGA DAALA;0;OKTOBER
SULAWESI BARAT;POLEWALI MANDAR;LUYO;LUYO;91;OKTOBER
SULAWESI BARAT;POLEWALI MANDAR;LUYO;PUSSUI BARAT;1;OKTOBER
SULAWESI BARAT;POLEWALI MANDAR;LUYO;PUCCADI;65;OKTOBER
SULAWESI BARAT;POLEWALI MANDAR;MAPILLI;MAPILI;0;OKTOBER
SULAWESI BARAT;POLEWALI MANDAR;MAPILLI;UGIBARU;149;OKTOBER
SULAWESI BARAT;POLEWALI MANDAR;MAPILLI;RUMPA;3;OKTOBER
SULAWESI BARAT;POLEWALI MANDAR;MAPILLI;KURMA;13;OKTOBER
SULAWESI BARAT;POLEWALI MANDAR;MAPILLI;BUKU;0;OKTOBER
SULAWESI BARAT;POLEWALI MANDAR;MAPILLI;BONNE BONNE;0;OKTOBER
SULAWESI BARAT;POLEWALI MANDAR;MAPILLI;BEROANGIN;0;OKTOBER
SULAWESI BARAT;POLEWALI MANDAR;MAPILLI;SEGERANG;0;OKTOBER
SULAWESI BARAT;POLEWALI MANDAR;MAPILLI;BONRA;0;OKTOBER
SULAWESI BARAT;POLEWALI MANDAR;MAPILLI;SATTOKO;3;OKTOBER
SULAWESI BARAT;POLEWALI MANDAR;MAPILLI;RAPPANG BARAT;1;OKTOBER
SULAWESI BARAT;POLEWALI MANDAR;MAPILLI;LANDI KANUSUANG;0;OKTOBER
SULAWESI BARAT;POLEWALI MANDAR;MATAKALI;MATAKALI;425;OKTOBER
SULAWESI BARAT;POLEWALI MANDAR;MATAKALI;PETAMPANUA;881;OKTOBER
SULAWESI BARAT;POLEWALI MANDAR;MATAKALI;BARUMBUNG;150;OKTOBER
SULAWESI BARAT;POLEWALI MANDAR;MATAKALI;PASIANG;107;OKTOBER
SULAWESI BARAT;POLEWALI MANDAR;MATAKALI;TONROLIMA;71;OKTOBER
SULAWESI BARAT;POLEWALI MANDAR;MATAKALI;INDOMAKKOMBONG;270;OKTOBER
SULAWESI BARAT;POLEWALI MANDAR;MATAKALI;BUNGA-BUNGA;0;OKTOBER
SULAWESI BARAT;POLEWALI MANDAR;MATANGNGA;MATANGNGA;20;OKTOBER
SULAWESI BARAT;POLEWALI MANDAR;MATANGNGA;LILLI;27;OKTOBER
SULAWESI BARAT;POLEWALI MANDAR;MATANGNGA;RANGOAN;19;OKTOBER
SULAWESI BARAT;POLEWALI MANDAR;MATANGNGA;TAPUA;0;OKTOBER
SULAWESI BARAT;POLEWALI MANDAR;MATANGNGA;MAMBU TAPUA;22;OKTOBER
SULAWESI BARAT;POLEWALI MANDAR;MATANGNGA;BA'BA TAPUA;46;OKTOBER
SULAWESI BARAT;POLEWALI MANDAR;MATANGNGA;KATIMBANG;32;OKTOBER
SULAWESI BARAT;POLEWALI MANDAR;POLEWALI;POLEWALI;130;OKTOBER
SULAWESI BARAT;POLEWALI MANDAR;POLEWALI;WATTANG;50;OKTOBER
SULAWESI BARAT;POLEWALI MANDAR;POLEWALI;SULEWATANG;133;OKTOBER
SULAWESI BARAT;POLEWALI MANDAR;POLEWALI;LANTORA;100;OKTOBER
SULAWESI BARAT;POLEWALI MANDAR;POLEWALI;TAKATIDUNG;200;OKTOBER
SULAWESI BARAT;POLEWALI MANDAR;POLEWALI;PEKKABATA;81;OKTOBER
SULAWESI BARAT;POLEWALI MANDAR;POLEWALI;MADATE;343;OKTOBER
SULAWESI BARAT;POLEWALI MANDAR;POLEWALI;MANDING;259;OKTOBER
SULAWESI BARAT;POLEWALI MANDAR;POLEWALI;DARMA;294;OKTOBER
SULAWESI BARAT;POLEWALI MANDAR;TAPANGO;PELITAKAN;0;OKTOBER
SULAWESI BARAT;POLEWALI MANDAR;TAPANGO;TAPANGO;0;OKTOBER
SULAWESI BARAT;POLEWALI MANDAR;TAPANGO;RAPPANG;0;OKTOBER
SULAWESI BARAT;POLEWALI MANDAR;TAPANGO;DAKKA;0;OKTOBER
SULAWESI BARAT;POLEWALI MANDAR;TAPANGO;BATU;16;OKTOBER
SULAWESI BARAT;POLEWALI MANDAR;TAPANGO;RISO;20;OKTOBER
SULAWESI BARAT;POLEWALI MANDAR;TAPANGO;PALATTA;0;OKTOBER
SULAWESI BARAT;POLEWALI MANDAR;TAPANGO;TAPANGO BARAT;0;OKTOBER
SULAWESI BARAT;POLEWALI MANDAR;TAPANGO;KURRAK;0;OKTOBER
SULAWESI BARAT;POLEWALI MANDAR;TAPANGO;BUSSU;48;OKTOBER
SULAWESI BARAT;POLEWALI MANDAR;TAPANGO;TUTTULA;14;OKTOBER
SULAWESI BARAT;POLEWALI MANDAR;TAPANGO;JAMBU MALEA;0;OKTOBER
SULAWESI BARAT;POLEWALI MANDAR;TAPANGO;KALIMBUA;25;OKTOBER
SULAWESI BARAT;POLEWALI MANDAR;TAPANGO;BANATO REJO;18;OKTOBER
SULAWESI BARAT;POLEWALI MANDAR;TINAMBUNG;TINAMBUNG;16;OKTOBER
SULAWESI BARAT;POLEWALI MANDAR;TINAMBUNG;KARAMA;82;OKTOBER
SULAWESI BARAT;POLEWALI MANDAR;TINAMBUNG;TANGNGA TANGNGA;18;OKTOBER
SULAWESI BARAT;POLEWALI MANDAR;TINAMBUNG;LEKOPADIS;3;OKTOBER
SULAWESI BARAT;POLEWALI MANDAR;TINAMBUNG;GALUNG LOMBOK;201;OKTOBER
SULAWESI BARAT;POLEWALI MANDAR;TINAMBUNG;TANDUNG;29;OKTOBER
SULAWESI BARAT;POLEWALI MANDAR;TINAMBUNG;BATULAYA;35;OKTOBER
SULAWESI BARAT;POLEWALI MANDAR;TINAMBUNG;SEPABATU;41;OKTOBER
SULAWESI BARAT;POLEWALI MANDAR;TUTAR;TARAMANU;136;OKTOBER
SULAWESI BARAT;POLEWALI MANDAR;TUTAR;AMBOPADANG;22;OKTOBER
SULAWESI BARAT;POLEWALI MANDAR;TUTAR;TUBBI;0;OKTOBER
SULAWESI BARAT;POLEWALI MANDAR;TUTAR;RATTE;7;OKTOBER
SULAWESI BARAT;POLEWALI MANDAR;TUTAR;BESOANGIN;10;OKTOBER
SULAWESI BARAT;POLEWALI MANDAR;TUTAR;PIRIANG TAPIKO;0;OKTOBER
SULAWESI BARAT;POLEWALI MANDAR;TUTAR;PEBURRU;71;OKTOBER
SULAWESI BARAT;POLEWALI MANDAR;TUTAR;TALOBA;13;OKTOBER
SULAWESI BARAT;POLEWALI MANDAR;TUTAR;POLLEWANI;38;OKTOBER
SULAWESI BARAT;POLEWALI MANDAR;TUTAR;ARABUA;18;OKTOBER
SULAWESI BARAT;POLEWALI MANDAR;TUTAR;BESOANGIN UTARA;23;OKTOBER
SULAWESI BARAT;POLEWALI MANDAR;TUTAR;PODA;2;OKTOBER
SULAWESI BARAT;POLEWALI MANDAR;TUTAR;TARAMANU TUA;22;OKTOBER
SULAWESI BARAT;POLEWALI MANDAR;WONOMULYO;SIDODADI;93;OKTOBER
SULAWESI BARAT;POLEWALI MANDAR;WONOMULYO;SIDOREJO;150;OKTOBER
SULAWESI BARAT;POLEWALI MANDAR;WONOMULYO;SUMBEREJO;69;OKTOBER
SULAWESI BARAT;POLEWALI MANDAR;WONOMULYO;BUMIAYU;152;OKTOBER
SULAWESI BARAT;POLEWALI MANDAR;WONOMULYO;KEBUNSARI;45;OKTOBER
SULAWESI BARAT;POLEWALI MANDAR;WONOMULYO;BANUA BARU;38;OKTOBER
SULAWESI BARAT;POLEWALI MANDAR;WONOMULYO;NEPO;0;OKTOBER
SULAWESI BARAT;POLEWALI MANDAR;WONOMULYO;SUGIHWARAS;152;OKTOBER
SULAWESI BARAT;POLEWALI MANDAR;WONOMULYO;CAMPURJO;5;OKTOBER
SULAWESI BARAT;POLEWALI MANDAR;WONOMULYO;BUMIMULYO;100;OKTOBER
SULAWESI BARAT;POLEWALI MANDAR;WONOMULYO;TUMPILING;65;OKTOBER
SULAWESI BARAT;POLEWALI MANDAR;WONOMULYO;BAKKA-BAKKA;53;OKTOBER
SULAWESI BARAT;POLEWALI MANDAR;WONOMULYO;ARJO SARI;10;OKTOBER
SULAWESI BARAT;POLEWALI MANDAR;WONOMULYO;GALESON;120;OKTOBER
SULAWESI BARAT;MAMUJU;MAMUJU;BINANGA;48;OKTOBER
SULAWESI BARAT;MAMUJU;MAMUJU;MAMUNYU;56;OKTOBER
SULAWESI BARAT;MAMUJU;MAMUJU;KAREMA;0;OKTOBER
SULAWESI BARAT;MAMUJU;MAMUJU;RIMUKU;76;OKTOBER
SULAWESI BARAT;MAMUJU;MAMUJU;BAMBU;57;OKTOBER
SULAWESI BARAT;MAMUJU;MAMUJU;KARAMPUANG;134;OKTOBER
SULAWESI BARAT;MAMUJU;MAMUJU;TADUI;106;OKTOBER
SULAWESI BARAT;MAMUJU;MAMUJU;BATU PANNU;55;OKTOBER
SULAWESI BARAT;MAMUJU;TAPALANG;GALUNG;2;OKTOBER
SULAWESI BARAT;MAMUJU;TAPALANG;KASAMBANG;11;OKTOBER
SULAWESI BARAT;MAMUJU;TAPALANG;DAYANGINNA;2;OKTOBER
SULAWESI BARAT;MAMUJU;TAPALANG;OROBATU;0;OKTOBER
SULAWESI BARAT;MAMUJU;TAPALANG;TAKANDEANG;5;OKTOBER
SULAWESI BARAT;MAMUJU;TAPALANG;BELA;0;OKTOBER
SULAWESI BARAT;MAMUJU;TAPALANG;TAAN;0;OKTOBER
SULAWESI BARAT;MAMUJU;TAPALANG;TAMPALANG;38;OKTOBER
SULAWESI BARAT;MAMUJU;TAPALANG;RANTEDODA;52;OKTOBER
SULAWESI BARAT;MAMUJU;TAPALANG;KOPEANG;25;OKTOBER
SULAWESI BARAT;MAMUJU;KALUKKU;SINYONYOI;56;OKTOBER
SULAWESI BARAT;MAMUJU;KALUKKU;BEBANGA;61;OKTOBER
SULAWESI BARAT;MAMUJU;KALUKKU;KALUKKU;61;OKTOBER
SULAWESI BARAT;MAMUJU;KALUKKU;SINYONYOI SELATAN;0;OKTOBER
SULAWESI BARAT;MAMUJU;KALUKKU;SONDOANG;0;OKTOBER
SULAWESI BARAT;MAMUJU;KALUKKU;BERU-BERU;20;OKTOBER
SULAWESI BARAT;MAMUJU;KALUKKU;BELANG BELANG;500;OKTOBER
SULAWESI BARAT;MAMUJU;KALUKKU;KABULOANG;17;OKTOBER
SULAWESI BARAT;MAMUJU;KALUKKU;KEANG;0;OKTOBER
SULAWESI BARAT;MAMUJU;KALUKKU;POKKANG;74;OKTOBER
SULAWESI BARAT;MAMUJU;KALUKKU;GULILING;79;OKTOBER
SULAWESI BARAT;MAMUJU;KALUKKU;UHAIMATE;0;OKTOBER
SULAWESI BARAT;MAMUJU;KALUKKU;KALUKKU BARAT;32;OKTOBER
SULAWESI BARAT;MAMUJU;KALUKKU;PAMMULUKANG;43;OKTOBER
SULAWESI BARAT;MAMUJU;KALUMPANG;KALUMPANG;0;OKTOBER
SULAWESI BARAT;MAMUJU;KALUMPANG;KARATAUN;10;OKTOBER
SULAWESI BARAT;MAMUJU;KALUMPANG;KARAMA;30;OKTOBER
SULAWESI BARAT;MAMUJU;KALUMPANG;SIRAUN;0;OKTOBER
SULAWESI BARAT;MAMUJU;KALUMPANG;TUMOGA;20;OKTOBER
SULAWESI BARAT;MAMUJU;KALUMPANG;SALUMAKKI;0;OKTOBER
SULAWESI BARAT;MAMUJU;KALUMPANG;POLIO;0;OKTOBER
SULAWESI BARAT;MAMUJU;KALUMPANG;LIMBONG;0;OKTOBER
SULAWESI BARAT;MAMUJU;KALUMPANG;SANDAPANG;0;OKTOBER
SULAWESI BARAT;MAMUJU;KALUMPANG;KONDO BULO;0;OKTOBER
SULAWESI BARAT;MAMUJU;KALUMPANG;MAKKALIKI;0;OKTOBER
SULAWESI BARAT;MAMUJU;KALUMPANG;BATU MAKKADA;0;OKTOBER
SULAWESI BARAT;MAMUJU;KALUMPANG;LASA';0;OKTOBER
SULAWESI BARAT;MAMUJU;PAPALANG;TOABO;0;OKTOBER
SULAWESI BARAT;MAMUJU;PAPALANG;PAPALANG;120;OKTOBER
SULAWESI BARAT;MAMUJU;PAPALANG;BONDA;0;OKTOBER
SULAWESI BARAT;MAMUJU;PAPALANG;TOPORE;121;OKTOBER
SULAWESI BARAT;MAMUJU;PAPALANG;SALUKAYU;60;OKTOBER
SULAWESI BARAT;MAMUJU;PAPALANG;SUKADAMAI;60;OKTOBER
SULAWESI BARAT;MAMUJU;PAPALANG;BODA-BODA;88;OKTOBER
SULAWESI BARAT;MAMUJU;PAPALANG;SISANGO;55;OKTOBER
SULAWESI BARAT;MAMUJU;PAPALANG;BATU AMPA;22;OKTOBER
SULAWESI BARAT;MAMUJU;SAMPAGA;BUNDE;16;OKTOBER
SULAWESI BARAT;MAMUJU;SAMPAGA;KALONDING;35;OKTOBER
SULAWESI BARAT;MAMUJU;SAMPAGA;TARAILU;0;OKTOBER
SULAWESI BARAT;MAMUJU;SAMPAGA;SAMPAGA;10;OKTOBER
SULAWESI BARAT;MAMUJU;SAMPAGA;TANAMBUAH;33;OKTOBER
SULAWESI BARAT;MAMUJU;SAMPAGA;SALUBARANA;29;OKTOBER
SULAWESI BARAT;MAMUJU;SAMPAGA;LOSSO;15;OKTOBER
SULAWESI BARAT;MAMUJU;TOMMO;TOMMO;0;OKTOBER
SULAWESI BARAT;MAMUJU;TOMMO;CAMPALOGA;0;OKTOBER
SULAWESI BARAT;MAMUJU;TOMMO;BUANA SAKTI;0;OKTOBER
SULAWESI BARAT;MAMUJU;TOMMO;TAMEMONGGA;0;OKTOBER
SULAWESI BARAT;MAMUJU;TOMMO;TAMEJARRA;0;OKTOBER
SULAWESI BARAT;MAMUJU;TOMMO;RANTEMARIO;30;OKTOBER
SULAWESI BARAT;MAMUJU;TOMMO;MALINO;35;OKTOBER
SULAWESI BARAT;MAMUJU;TOMMO;KAKULLASANG;0;OKTOBER
SULAWESI BARAT;MAMUJU;TOMMO;LELING;18;OKTOBER
SULAWESI BARAT;MAMUJU;TOMMO;KALEPU;74;OKTOBER
SULAWESI BARAT;MAMUJU;TOMMO;SANDANA;0;OKTOBER
SULAWESI BARAT;MAMUJU;TOMMO;LELING BARAT;130;OKTOBER
SULAWESI BARAT;MAMUJU;TOMMO;LELING UTARA;32;OKTOBER
SULAWESI BARAT;MAMUJU;TOMMO;SALUDENGEN;5;OKTOBER
SULAWESI BARAT;MAMUJU;SIMBORO;SIMBORO;49;OKTOBER
SULAWESI BARAT;MAMUJU;SIMBORO;RANGAS;172;OKTOBER
SULAWESI BARAT;MAMUJU;SIMBORO;BOTTENG;72;OKTOBER
SULAWESI BARAT;MAMUJU;SIMBORO;SALETTO;40;OKTOBER
SULAWESI BARAT;MAMUJU;SIMBORO;SUMARE;44;OKTOBER
SULAWESI BARAT;MAMUJU;SIMBORO;BOTTENG UTARA;100;OKTOBER
SULAWESI BARAT;MAMUJU;SIMBORO;TAPANDULLU;30;OKTOBER
SULAWESI BARAT;MAMUJU;SIMBORO;PATI'DI;68;OKTOBER
SULAWESI BARAT;MAMUJU;TAPALANG BARAT;DUNGKAIT;0;OKTOBER
SULAWESI BARAT;MAMUJU;TAPALANG BARAT;LEBANI;50;OKTOBER
SULAWESI BARAT;MAMUJU;TAPALANG BARAT;LABUANG RANO;0;OKTOBER
SULAWESI BARAT;MAMUJU;TAPALANG BARAT;PASABU;31;OKTOBER
SULAWESI BARAT;MAMUJU;TAPALANG BARAT;TANETE PAO;0;OKTOBER
SULAWESI BARAT;MAMUJU;TAPALANG BARAT;PANGASAAN;34;OKTOBER
SULAWESI BARAT;MAMUJU;TAPALANG BARAT;AHU;20;OKTOBER
SULAWESI BARAT;MAMUJU;BONEHAU;BONEHAU;0;OKTOBER
SULAWESI BARAT;MAMUJU;BONEHAU;SALUTIWO;0;OKTOBER
SULAWESI BARAT;MAMUJU;BONEHAU;BUTTUADA;0;OKTOBER
SULAWESI BARAT;MAMUJU;BONEHAU;TAMALEA;0;OKTOBER
SULAWESI BARAT;MAMUJU;BONEHAU;LUMIKA;20;OKTOBER
SULAWESI BARAT;MAMUJU;BONEHAU;MAPPU;0;OKTOBER
SULAWESI BARAT;MAMUJU;BONEHAU;BANUADA;17;OKTOBER
SULAWESI BARAT;MAMUJU;BONEHAU;HINUA;40;OKTOBER
SULAWESI BARAT;MAMUJU;BONEHAU;KINATANG;5;OKTOBER
SULAWESI BARAT;MAMUJU;KEP. BALA BALAKANG;BALA BALAKANG;0;OKTOBER
SULAWESI BARAT;MAMUJU;KEP. BALA BALAKANG;BALA-BALAKANG TIMUR;0;OKTOBER
