PROVINSI,KABUPATEN,KECAMATAN,KELURAHAN
SULAWESI BARAT,MAMUJU TENGAH,TOBADAK,MAHAHE
SULAWESI BARAT,MAMUJU TENGAH,TOBADAK,SALOBAJA
SULAWESI BARAT,MAMUJU TENGAH,TOBADAK,TOBADAK
SULAWESI BARAT,MAMUJU TENGAH,TOBADAK,PALONGAAN
SULAWESI BARAT,MAMUJU TENGAH,TOBADAK,BATU PARIGI
SULAWESI BARAT,MAMUJU TENGAH,TOBADAK,BAMBADARU
SULAWESI BARAT,MAMUJU TENGAH,TOBADAK,SEJATI
SULAWESI BARAT,MAMUJU TENGAH,TOBADAK,SALOADAK
SULAWESI BARAT,MAMUJU TENGAH,PANGALE,POLO PANGALE
SULAWESI BARAT,MAMUJU TENGAH,PANGALE,PANGALE
SULAWESI BARAT,MAMUJU TENGAH,PANGALE,SARTANAMAJU
SULAWESI BARAT,MAMUJU TENGAH,PANGALE,POLO LERENG
SULAWESI BARAT,MAMUJU TENGAH,PANGALE,KUO
SULAWESI BARAT,MAMUJU TENGAH,PANGALE,POLO CAMBA
SULAWESI BARAT,MAMUJU TENGAH,PANGALE,LAMBA-LAMBA
SULAWESI BARAT,MAMUJU TENGAH,PANGALE,KOMBILING
SULAWESI BARAT,MAMUJU TENGAH,PANGALE,LEMO-LEMO
SULAWESI BARAT,MAMUJU TENGAH,BUDONG-BUDONG,BABANA
SULAWESI BARAT,MAMUJU TENGAH,BUDONG-BUDONG,LUMU
SULAWESI BARAT,MAMUJU TENGAH,BUDONG-BUDONG,PONTANAKAYANG
SULAWESI BARAT,MAMUJU TENGAH,BUDONG-BUDONG,SALOGATTA
SULAWESI BARAT,MAMUJU TENGAH,BUDONG-BUDONG,KIRE
SULAWESI BARAT,MAMUJU TENGAH,BUDONG-BUDONG,TINALI
SULAWESI BARAT,MAMUJU TENGAH,BUDONG-BUDONG,SALUMANURUNG
SULAWESI BARAT,MAMUJU TENGAH,BUDONG-BUDONG,PASAPA
SULAWESI BARAT,MAMUJU TENGAH,BUDONG-BUDONG,BOJO
SULAWESI BARAT,MAMUJU TENGAH,BUDONG-BUDONG,BARAKKANG
SULAWESI BARAT,MAMUJU TENGAH,BUDONG-BUDONG,LEMBAH HADA
SULAWESI BARAT,MAMUJU TENGAH,TOPOYO,BUDONG-BUDONG
SULAWESI BARAT,MAMUJU TENGAH,TOPOYO,TOPOYO
SULAWESI BARAT,MAMUJU TENGAH,TOPOYO,TUMBU
SULAWESI BARAT,MAMUJU TENGAH,TOPOYO,KABUBU
SULAWESI BARAT,MAMUJU TENGAH,TOPOYO,WAEPUTEH
SULAWESI BARAT,MAMUJU TENGAH,TOPOYO,TANGKOU
SULAWESI BARAT,MAMUJU TENGAH,TOPOYO,TABOLANG
SULAWESI BARAT,MAMUJU TENGAH,TOPOYO,PARAILI
SULAWESI BARAT,MAMUJU TENGAH,TOPOYO,SALUPANGKANG
SULAWESI BARAT,MAMUJU TENGAH,TOPOYO,SALUPANGKANG IV
SULAWESI BARAT,MAMUJU TENGAH,TOPOYO,TAPPILINA
SULAWESI BARAT,MAMUJU TENGAH,TOPOYO,BAMBAMANURUNG
SULAWESI BARAT,MAMUJU TENGAH,TOPOYO,SALULEKBO
SULAWESI BARAT,MAMUJU TENGAH,TOPOYO,PANGALLOANG
SULAWESI BARAT,MAMUJU TENGAH,TOPOYO,SINABATTA
SULAWESI BARAT,MAMUJU TENGAH,KAROSSA,KAROSSA
SULAWESI BARAT,MAMUJU TENGAH,KAROSSA,TASOKKO
SULAWESI BARAT,MAMUJU TENGAH,KAROSSA,LARA
SULAWESI BARAT,MAMUJU TENGAH,KAROSSA,KADAILA
SULAWESI BARAT,MAMUJU TENGAH,KAROSSA,KAYU CALLA
SULAWESI BARAT,MAMUJU TENGAH,KAROSSA,LEMBAH HOPO
SULAWESI BARAT,MAMUJU TENGAH,KAROSSA,BENGGAULU
SULAWESI BARAT,MAMUJU TENGAH,KAROSSA,SUKA MAJU
SULAWESI BARAT,MAMUJU TENGAH,KAROSSA,KAMBUNONG
SULAWESI BARAT,MAMUJU TENGAH,KAROSSA,SALUBIRO
SULAWESI BARAT,MAMUJU TENGAH,KAROSSA,SANJANGO
SULAWESI BARAT,PASANGKAYU,BAMBAIRA,TAMPAURE
SULAWESI BARAT,PASANGKAYU,BAMBAIRA,BAMBAIRA
SULAWESI BARAT,PASANGKAYU,BAMBAIRA,KASOLOANG
SULAWESI BARAT,PASANGKAYU,BAMBAIRA,KALUKU NANGKA
SULAWESI BARAT,PASANGKAYU,BAMBALAMOTU,RANDOMAYANG
SULAWESI BARAT,PASANGKAYU,BAMBALAMOTU,BAMBALAMOTU
SULAWESI BARAT,PASANGKAYU,BAMBALAMOTU,POLEWALI
SULAWESI BARAT,PASANGKAYU,BAMBALAMOTU,PANGIANG
SULAWESI BARAT,PASANGKAYU,BAMBALAMOTU,KALOLA
SULAWESI BARAT,PASANGKAYU,BAMBALAMOTU,WULAI
SULAWESI BARAT,PASANGKAYU,BARAS,BARAS
SULAWESI BARAT,PASANGKAYU,BARAS,BULU PARIGI
SULAWESI BARAT,PASANGKAYU,BARAS,BALANTI
SULAWESI BARAT,PASANGKAYU,BARAS,MOTU
SULAWESI BARAT,PASANGKAYU,BARAS,TOWONI
SULAWESI BARAT,PASANGKAYU,BARAS,KASANO
SULAWESI BARAT,PASANGKAYU,BULU TABA,SUMBER SARI
SULAWESI BARAT,PASANGKAYU,BULU TABA,LELEJAE
SULAWESI BARAT,PASANGKAYU,BULU TABA,BUKIT HARAPAN
SULAWESI BARAT,PASANGKAYU,BULU TABA,LILIMORI
SULAWESI BARAT,PASANGKAYU,BULU TABA,KARAVE
SULAWESI BARAT,PASANGKAYU,BULU TABA,KASTABUANA
SULAWESI BARAT,PASANGKAYU,BULU TABA,OMPI
SULAWESI BARAT,PASANGKAYU,DAPURANG,DAPURANG
SULAWESI BARAT,PASANGKAYU,DAPURANG,BENGGAULU
SULAWESI BARAT,PASANGKAYU,DAPURANG,TIRTABUANA
SULAWESI BARAT,PASANGKAYU,DAPURANG,BULU BONGGU
SULAWESI BARAT,PASANGKAYU,DAPURANG,SARASA
SULAWESI BARAT,PASANGKAYU,DURIPOKU,TAMMARUNANG
SULAWESI BARAT,PASANGKAYU,DURIPOKU,SAPTANAJAYA
SULAWESI BARAT,PASANGKAYU,DURIPOKU,TARANGGI
SULAWESI BARAT,PASANGKAYU,DURIPOKU,SIPAKAINGA
SULAWESI BARAT,PASANGKAYU,LARIANG,KULU
SULAWESI BARAT,PASANGKAYU,LARIANG,PARABU
SULAWESI BARAT,PASANGKAYU,LARIANG,KENANGAN
SULAWESI BARAT,PASANGKAYU,LARIANG,BAJAWALI
SULAWESI BARAT,PASANGKAYU,LARIANG,SINGGANI
SULAWESI BARAT,PASANGKAYU,LARIANG,BATU MATORU
SULAWESI BARAT,PASANGKAYU,LARIANG,BAMBAKORO
SULAWESI BARAT,PASANGKAYU,PASANGKAYU,KARYA BERSAMA
SULAWESI BARAT,PASANGKAYU,PASANGKAYU,AKO
SULAWESI BARAT,PASANGKAYU,PASANGKAYU,PASANGKAYU
SULAWESI BARAT,PASANGKAYU,PASANGKAYU,MARTAJAYA
SULAWESI BARAT,PASANGKAYU,PASANGKAYU,PAKAVA
SULAWESI BARAT,PASANGKAYU,PASANGKAYU,GUNUNG SARI
SULAWESI BARAT,PASANGKAYU,PEDONGGA,MALEI
SULAWESI BARAT,PASANGKAYU,PEDONGGA,PEDANDA
SULAWESI BARAT,PASANGKAYU,PEDONGGA,BATU OGE
SULAWESI BARAT,PASANGKAYU,PEDONGGA,MARTASARI
SULAWESI BARAT,PASANGKAYU,SARJO,SARJO
SULAWESI BARAT,PASANGKAYU,SARJO,MAPONU
SULAWESI BARAT,PASANGKAYU,SARJO,LETAWA
SULAWESI BARAT,PASANGKAYU,SARJO,SARUDE
SULAWESI BARAT,PASANGKAYU,SARUDU,DODA
SULAWESI BARAT,PASANGKAYU,SARUDU,SARUDU
SULAWESI BARAT,PASANGKAYU,SARUDU,BULU MARIO
SULAWESI BARAT,PASANGKAYU,SARUDU,KUMASARI
SULAWESI BARAT,PASANGKAYU,SARUDU,PATIKA
SULAWESI BARAT,PASANGKAYU,TIKKE RAYA,MAKMUR JAYA
SULAWESI BARAT,PASANGKAYU,TIKKE RAYA,LARIANG
SULAWESI BARAT,PASANGKAYU,TIKKE RAYA,TIKKE
SULAWESI BARAT,PASANGKAYU,TIKKE RAYA,PAJALELE
SULAWESI BARAT,PASANGKAYU,TIKKE RAYA,JENGENG RAYA
SULAWESI BARAT,MAJENE,BANGGAE,BANGGAE
SULAWESI BARAT,MAJENE,BANGGAE,BARU
SULAWESI BARAT,MAJENE,BANGGAE,PANGALI ALI
SULAWESI BARAT,MAJENE,BANGGAE,TOTOLI
SULAWESI BARAT,MAJENE,BANGGAE,RANGAS
SULAWESI BARAT,MAJENE,BANGGAE,GALUNG
SULAWESI BARAT,MAJENE,BANGGAE,PALIPI SOREANG
SULAWESI BARAT,MAJENE,BANGGAE,PAMBOBORANG
SULAWESI BARAT,MAJENE,BANGGAE TIMUR,BAURUNG
SULAWESI BARAT,MAJENE,BANGGAE TIMUR,BARUGA
SULAWESI BARAT,MAJENE,BANGGAE TIMUR,BARUGA DHUA
SULAWESI BARAT,MAJENE,BANGGAE TIMUR,LABUANG
SULAWESI BARAT,MAJENE,BANGGAE TIMUR,TANDE
SULAWESI BARAT,MAJENE,BANGGAE TIMUR,LEMBANG
SULAWESI BARAT,MAJENE,BANGGAE TIMUR,LABUANG UTARA
SULAWESI BARAT,MAJENE,BANGGAE TIMUR,TANDE TIMUR
SULAWESI BARAT,MAJENE,BANGGAE TIMUR,BUTTU BARUGA
SULAWESI BARAT,MAJENE,MALUNDA,MALUNDA
SULAWESI BARAT,MAJENE,MALUNDA,LAMUNGANG BATU
SULAWESI BARAT,MAJENE,MALUNDA,BAMBANGAN
SULAWESI BARAT,MAJENE,MALUNDA,LOMBANG
SULAWESI BARAT,MAJENE,MALUNDA,LOMBONG
SULAWESI BARAT,MAJENE,MALUNDA,MEKKATTA
SULAWESI BARAT,MAJENE,MALUNDA,MALIAYA
SULAWESI BARAT,MAJENE,MALUNDA,LOMBANG TIMUR
SULAWESI BARAT,MAJENE,MALUNDA,SALUTAHONGAN
SULAWESI BARAT,MAJENE,MALUNDA,LOMBONG TIMUR
SULAWESI BARAT,MAJENE,MALUNDA,MEKKATTA SELATAN
SULAWESI BARAT,MAJENE,MALUNDA,KAYUANGIN
SULAWESI BARAT,MAJENE,PAMBOANG,LALAMPANUA
SULAWESI BARAT,MAJENE,PAMBOANG,SIRINDU
SULAWESI BARAT,MAJENE,PAMBOANG,ADOLANG
SULAWESI BARAT,MAJENE,PAMBOANG,BABABULO
SULAWESI BARAT,MAJENE,PAMBOANG,BONDE
SULAWESI BARAT,MAJENE,PAMBOANG,BETTENG
SULAWESI BARAT,MAJENE,PAMBOANG,SIMBANG
SULAWESI BARAT,MAJENE,PAMBOANG,BONDE UTARA
SULAWESI BARAT,MAJENE,PAMBOANG,BABABULO UTARA
SULAWESI BARAT,MAJENE,PAMBOANG,BUTTU PAMBOANG
SULAWESI BARAT,MAJENE,PAMBOANG,BANUA ADOLANG
SULAWESI BARAT,MAJENE,PAMBOANG,ADOLANG DHUA
SULAWESI BARAT,MAJENE,PAMBOANG,TINAMBUNG
SULAWESI BARAT,MAJENE,PAMBOANG,PESULOANG
SULAWESI BARAT,MAJENE,PAMBOANG,BALOMBONG
SULAWESI BARAT,MAJENE,SENDANA,MOSSO
SULAWESI BARAT,MAJENE,SENDANA,MOSSO DHUA
SULAWESI BARAT,MAJENE,SENDANA,TOTOLISI SENDANA
SULAWESI BARAT,MAJENE,SENDANA,TALLUBANUA
SULAWESI BARAT,MAJENE,SENDANA,LALATEDZONG
SULAWESI BARAT,MAJENE,SENDANA,BINANGA
SULAWESI BARAT,MAJENE,SENDANA,PUTTADA
SULAWESI BARAT,MAJENE,SENDANA,PAMINGGALAN
SULAWESI BARAT,MAJENE,SENDANA,LEPPANGANG
SULAWESI BARAT,MAJENE,SENDANA,PUNDAU
SULAWESI BARAT,MAJENE,SENDANA,SENDANA
SULAWESI BARAT,MAJENE,SENDANA,BANUA SENDANA
SULAWESI BARAT,MAJENE,SENDANA,TALLUBANUA UTARA
SULAWESI BARAT,MAJENE,SENDANA,LIMBORO RAMBU-RAMBU
SULAWESI BARAT,MAJENE,SENDANA,LIMBUA
SULAWESI BARAT,MAJENE,SENDANA,BUKIT SAMANG
SULAWESI BARAT,MAJENE,TAMMERODO SENDANA,SEPPONG
SULAWESI BARAT,MAJENE,TAMMERODO SENDANA,TAMMERODO
SULAWESI BARAT,MAJENE,TAMMERODO SENDANA,ULIDANG
SULAWESI BARAT,MAJENE,TAMMERODO SENDANA,TALLAMBALAO
SULAWESI BARAT,MAJENE,TAMMERODO SENDANA,TAMMERODO UTARA
SULAWESI BARAT,MAJENE,TAMMERODO SENDANA,MANYAMBA
SULAWESI BARAT,MAJENE,TAMMERODO SENDANA,AWO
SULAWESI BARAT,MAJENE,TUBO SENDANA,ONANG
SULAWESI BARAT,MAJENE,TUBO SENDANA,TUBO
SULAWESI BARAT,MAJENE,TUBO SENDANA,ONANG UTARA
SULAWESI BARAT,MAJENE,TUBO SENDANA,TUBO SELATAN
SULAWESI BARAT,MAJENE,TUBO SENDANA,BONDE BONDE
SULAWESI BARAT,MAJENE,TUBO SENDANA,TUBO TENGAH
SULAWESI BARAT,MAJENE,TUBO SENDANA,TUBO POANG
SULAWESI BARAT,MAJENE,ULUMANDA,KABIRAAN
SULAWESI BARAT,MAJENE,ULUMANDA,SAMBABO
SULAWESI BARAT,MAJENE,ULUMANDA,TANDEALLO
SULAWESI BARAT,MAJENE,ULUMANDA,ULUMANDA
SULAWESI BARAT,MAJENE,ULUMANDA,SALUTAMBUNG
SULAWESI BARAT,MAJENE,ULUMANDA,POPENGA
SULAWESI BARAT,MAJENE,ULUMANDA,SULAI
SULAWESI BARAT,MAJENE,ULUMANDA,PANGGALO
SULAWESI BARAT,MAMASA,ARALLE,ARALLE
SULAWESI BARAT,MAMASA,ARALLE,RALLE ANAK
SULAWESI BARAT,MAMASA,ARALLE,PANETEAN
SULAWESI BARAT,MAMASA,ARALLE,UHAILANU
SULAWESI BARAT,MAMASA,ARALLE,ARALLE UTARA
SULAWESI BARAT,MAMASA,ARALLE,UHAIDAHO
SULAWESI BARAT,MAMASA,ARALLE,BARURU
SULAWESI BARAT,MAMASA,ARALLE,RALLEANAK UTARA
SULAWESI BARAT,MAMASA,ARALLE,PAMOSEANG PANGGA
SULAWESI BARAT,MAMASA,ARALLE,KALABE
SULAWESI BARAT,MAMASA,ARALLE,ARALLE SELATAN
SULAWESI BARAT,MAMASA,ARALLE,HAHANGAN
SULAWESI BARAT,MAMASA,BALLA,BALLA
SULAWESI BARAT,MAMASA,BALLA,BALLA BARAT
SULAWESI BARAT,MAMASA,BALLA,BALLA SATANETEAN
SULAWESI BARAT,MAMASA,BALLA,BALLA TUMUKA
SULAWESI BARAT,MAMASA,BALLA,SEPAKUAN
SULAWESI BARAT,MAMASA,BALLA,PIDARA
SULAWESI BARAT,MAMASA,BALLA,BAMBAPUANG
SULAWESI BARAT,MAMASA,BALLA,BALLA TIMUR
SULAWESI BARAT,MAMASA,BAMBANG,MOKALLANG
SULAWESI BARAT,MAMASA,BAMBANG,MASOSO
SULAWESI BARAT,MAMASA,BAMBANG,SALUASSING
SULAWESI BARAT,MAMASA,BAMBANG,SALUBULO
SULAWESI BARAT,MAMASA,BAMBANG,SALUKADI
SULAWESI BARAT,MAMASA,BAMBANG,SALUKEPOPOK
SULAWESI BARAT,MAMASA,BAMBANG,ULUMAMBI BARAT
SULAWESI BARAT,MAMASA,BAMBANG,LIMBADEBATA
SULAWESI BARAT,MAMASA,BAMBANG,TANETE TOMBA
SULAWESI BARAT,MAMASA,BAMBANG,BAMBANG
SULAWESI BARAT,MAMASA,BAMBANG,RANTELEMO
SULAWESI BARAT,MAMASA,BAMBANG,SALUDENGEN
SULAWESI BARAT,MAMASA,BAMBANG,ULUMAMBI
SULAWESI BARAT,MAMASA,BAMBANG,BAMBANG TIMUR
SULAWESI BARAT,MAMASA,BAMBANG,MINANGA
SULAWESI BARAT,MAMASA,BAMBANG,SIKAMASE
SULAWESI BARAT,MAMASA,BAMBANG,RANTETARIMA
SULAWESI BARAT,MAMASA,BAMBANG,SALURURU
SULAWESI BARAT,MAMASA,BAMBANG,SALUTABANG
SULAWESI BARAT,MAMASA,BAMBANG,BALATANA
SULAWESI BARAT,MAMASA,BUNTUMALANGKA,BUNTUMALANGKA
SULAWESI BARAT,MAMASA,BUNTUMALANGKA,RANTEBERAN
SULAWESI BARAT,MAMASA,BUNTUMALANGKA,KEBANGA
SULAWESI BARAT,MAMASA,BUNTUMALANGKA,SALURINDU
SULAWESI BARAT,MAMASA,BUNTUMALANGKA,TAORA
SULAWESI BARAT,MAMASA,BUNTUMALANGKA,KABAE
SULAWESI BARAT,MAMASA,BUNTUMALANGKA,SALUTAMBUN BARAT
SULAWESI BARAT,MAMASA,BUNTUMALANGKA,PENATANGAN
SULAWESI BARAT,MAMASA,BUNTUMALANGKA,SALUTAMBUN TIMUR
SULAWESI BARAT,MAMASA,BUNTUMALANGKA,SALUTAMBUN
SULAWESI BARAT,MAMASA,BUNTUMALANGKA,ARALLE TIMUR
SULAWESI BARAT,MAMASA,MAMASA,MAMASA
SULAWESI BARAT,MAMASA,MAMASA,RAMBUSARATU
SULAWESI BARAT,MAMASA,MAMASA,OSANGO
SULAWESI BARAT,MAMASA,MAMASA,LAMBANAN
SULAWESI BARAT,MAMASA,MAMASA,LEMBANA SALULO
SULAWESI BARAT,MAMASA,MAMASA,TAUPE
SULAWESI BARAT,MAMASA,MAMASA,BUNTU BUDA
SULAWESI BARAT,MAMASA,MAMASA,TONDOK BAKARU
SULAWESI BARAT,MAMASA,MAMASA,PEBASSIAN
SULAWESI BARAT,MAMASA,MAMASA,MAMBULILING
SULAWESI BARAT,MAMASA,MAMASA,BOMBONG LAMBE
SULAWESI BARAT,MAMASA,MAMASA,BUBUN BATU
SULAWESI BARAT,MAMASA,MAMBI,MAMBI
SULAWESI BARAT,MAMASA,MAMBI,TALIPUKKI
SULAWESI BARAT,MAMASA,MAMBI,RANTEBULAHAN
SULAWESI BARAT,MAMASA,MAMBI,SONDONGLAYU
SULAWESI BARAT,MAMASA,MAMBI,SALUBANUA
SULAWESI BARAT,MAMASA,MAMBI,TAPALINA
SULAWESI BARAT,MAMASA,MAMBI,SENDANA
SULAWESI BARAT,MAMASA,MAMBI,PAMOSEAN
SULAWESI BARAT,MAMASA,MAMBI,SELUMAKA
SULAWESI BARAT,MAMASA,MAMBI,BUJUNG MANURUNG
SULAWESI BARAT,MAMASA,MAMBI,SALU ALO
SULAWESI BARAT,MAMASA,MAMBI,INDOBANUA
SULAWESI BARAT,MAMASA,MAMBI,SALUDURIAN
SULAWESI BARAT,MAMASA,MEHALAAN,MEHALAAN
SULAWESI BARAT,MAMASA,MEHALAAN,BOTTENG
SULAWESI BARAT,MAMASA,MEHALAAN,SALUKONTA
SULAWESI BARAT,MAMASA,MEHALAAN,MESAKADA
SULAWESI BARAT,MAMASA,MEHALAAN,MEHALAAN BARAT
SULAWESI BARAT,MAMASA,MEHALAAN,SALUAHOK
SULAWESI BARAT,MAMASA,MEHALAAN,SALUBALO
SULAWESI BARAT,MAMASA,MEHALAAN,PASSEMBUK
SULAWESI BARAT,MAMASA,MEHALAAN,KONDO
SULAWESI BARAT,MAMASA,MEHALAAN,LEKO SUKAMAJU
SULAWESI BARAT,MAMASA,MEHALAAN,ULUMEA
SULAWESI BARAT,MAMASA,MESSAWA,MESSAWA
SULAWESI BARAT,MAMASA,MESSAWA,RIPPUNG
SULAWESI BARAT,MAMASA,MESSAWA,MAKUANG
SULAWESI BARAT,MAMASA,MESSAWA,SEPANG
SULAWESI BARAT,MAMASA,MESSAWA,MALIMBONG
SULAWESI BARAT,MAMASA,MESSAWA,MATANDE
SULAWESI BARAT,MAMASA,MESSAWA,SIPAI
SULAWESI BARAT,MAMASA,MESSAWA,PASMA MAMBU
SULAWESI BARAT,MAMASA,MESSAWA,TANETE BATU
SULAWESI BARAT,MAMASA,NOSU,NOSU
SULAWESI BARAT,MAMASA,NOSU,MINANGA
SULAWESI BARAT,MAMASA,NOSU,BATUPAPAN
SULAWESI BARAT,MAMASA,NOSU,MASEWWE
SULAWESI BARAT,MAMASA,NOSU,SIWI
SULAWESI BARAT,MAMASA,NOSU,MINANGA TIMUR
SULAWESI BARAT,MAMASA,NOSU,PARINDING
SULAWESI BARAT,MAMASA,PANA,PANA
SULAWESI BARAT,MAMASA,PANA,MANIPI
SULAWESI BARAT,MAMASA,PANA,MAMULLU
SULAWESI BARAT,MAMASA,PANA,SAPAN
SULAWESI BARAT,MAMASA,PANA,DATUBARINGAN
SULAWESI BARAT,MAMASA,PANA,PANURA
SULAWESI BARAT,MAMASA,PANA,TALLANG BULAWAN
SULAWESI BARAT,MAMASA,PANA,KARAKA
SULAWESI BARAT,MAMASA,PANA,ULUSALU
SULAWESI BARAT,MAMASA,PANA,WERI
SULAWESI BARAT,MAMASA,PANA,SALUTAMBUN
SULAWESI BARAT,MAMASA,PANA,SALOAN
SULAWESI BARAT,MAMASA,PANA,ULUSALU INDAH
SULAWESI BARAT,MAMASA,RANTEBULAHAN TIMUR,SALUMOKANAN
SULAWESI BARAT,MAMASA,RANTEBULAHAN TIMUR,SALUMOKANAN BARAT
SULAWESI BARAT,MAMASA,RANTEBULAHAN TIMUR,BUANGIN
SULAWESI BARAT,MAMASA,RANTEBULAHAN TIMUR,BAMBANG BUDA
SULAWESI BARAT,MAMASA,RANTEBULAHAN TIMUR,LEKO
SULAWESI BARAT,MAMASA,RANTEBULAHAN TIMUR,KIRAK
SULAWESI BARAT,MAMASA,RANTEBULAHAN TIMUR,SALUMOKANAN UTARA
SULAWESI BARAT,MAMASA,RANTEBULAHAN TIMUR,SAMPALE
SULAWESI BARAT,MAMASA,SESENAPADANG,OROBUA
SULAWESI BARAT,MAMASA,SESENAPADANG,PALADAN
SULAWESI BARAT,MAMASA,SESENAPADANG,OROBUA TIMUR
SULAWESI BARAT,MAMASA,SESENAPADANG,RANTE PUANG
SULAWESI BARAT,MAMASA,SESENAPADANG,SATENETEAN
SULAWESI BARAT,MAMASA,SESENAPADANG,LISUAN ADA
SULAWESI BARAT,MAMASA,SESENAPADANG,OROBUA SELATAN
SULAWESI BARAT,MAMASA,SESENAPADANG,MALANGKENA PADANG
SULAWESI BARAT,MAMASA,SESENAPADANG,MALIMBONG
SULAWESI BARAT,MAMASA,SESENAPADANG,MARAMPAN OROBUA
SULAWESI BARAT,MAMASA,SUMARORONG,SUMARORONG
SULAWESI BARAT,MAMASA,SUMARORONG,TABONE
SULAWESI BARAT,MAMASA,SUMARORONG,BATANG URU
SULAWESI BARAT,MAMASA,SUMARORONG,SASAKAN
SULAWESI BARAT,MAMASA,SUMARORONG,TADISI
SULAWESI BARAT,MAMASA,SUMARORONG,SIBANAWA
SULAWESI BARAT,MAMASA,SUMARORONG,BATANGNGURU TIMUR
SULAWESI BARAT,MAMASA,SUMARORONG,SALUBALO
SULAWESI BARAT,MAMASA,SUMARORONG,BANEA
SULAWESI BARAT,MAMASA,SUMARORONG,RANTE KAMASE
SULAWESI BARAT,MAMASA,TABANG,TABANG
SULAWESI BARAT,MAMASA,TABANG,TADOKALUA
SULAWESI BARAT,MAMASA,TABANG,TABANG BARAT
SULAWESI BARAT,MAMASA,TABANG,MASUPU
SULAWESI BARAT,MAMASA,TABANG,KALAMA
SULAWESI BARAT,MAMASA,TABANG,BAKADISURA
SULAWESI BARAT,MAMASA,TABANG,SALUKONA
SULAWESI BARAT,MAMASA,TABULAHAN,LAKAHANG
SULAWESI BARAT,MAMASA,TABULAHAN,PERIANGAN
SULAWESI BARAT,MAMASA,TABULAHAN,MALATIRO
SULAWESI BARAT,MAMASA,TABULAHAN,TABULAHAN
SULAWESI BARAT,MAMASA,TABULAHAN,SALULEANG
SULAWESI BARAT,MAMASA,TABULAHAN,TAMPAK KURRA
SULAWESI BARAT,MAMASA,TABULAHAN,GANDANG DEWATA
SULAWESI BARAT,MAMASA,TABULAHAN,BURANA
SULAWESI BARAT,MAMASA,TABULAHAN,SALUBAKKA
SULAWESI BARAT,MAMASA,TABULAHAN,PANGANDARAN
SULAWESI BARAT,MAMASA,TABULAHAN,TALOPAK
SULAWESI BARAT,MAMASA,TABULAHAN,PEU'
SULAWESI BARAT,MAMASA,TABULAHAN,TIMORO
SULAWESI BARAT,MAMASA,TABULAHAN,LAKAHANG UTAMA
SULAWESI BARAT,MAMASA,TANDUK KALUA,MINAKE
SULAWESI BARAT,MAMASA,TANDUK KALUA,MALABO
SULAWESI BARAT,MAMASA,TANDUK KALUA,SINDAGAMANIK
SULAWESI BARAT,MAMASA,TANDUK KALUA,PARONDOBULAWAN
SULAWESI BARAT,MAMASA,TANDUK KALUA,TAMALANTIK
SULAWESI BARAT,MAMASA,TANDUK KALUA,MANNABABA
SULAWESI BARAT,MAMASA,TANDUK KALUA,MESAKADA
SULAWESI BARAT,MAMASA,TANDUK KALUA,BALLABATU
SULAWESI BARAT,MAMASA,TANDUK KALUA,PAMBE
SULAWESI BARAT,MAMASA,TANDUK KALUA,SALURANO
SULAWESI BARAT,MAMASA,TANDUK KALUA,TALIMBUNG
SULAWESI BARAT,MAMASA,TANDUK KALUA,KANAN
SULAWESI BARAT,MAMASA,TAWALIAN,TAWALIAN
SULAWESI BARAT,MAMASA,TAWALIAN,TAWALIAN TIMUR
SULAWESI BARAT,MAMASA,TAWALIAN,KARIANGO
SULAWESI BARAT,MAMASA,TAWALIAN,RANTETANGNGA
SULAWESI BARAT,POLEWALI MANDAR,ALLU,PETOOSANG
SULAWESI BARAT,POLEWALI MANDAR,ALLU,MOMBI
SULAWESI BARAT,POLEWALI MANDAR,ALLU,KALUMAMMANG
SULAWESI BARAT,POLEWALI MANDAR,ALLU,PAO-PAO
SULAWESI BARAT,POLEWALI MANDAR,ALLU,PUPPU URING
SULAWESI BARAT,POLEWALI MANDAR,ALLU,SARAGIAN
SULAWESI BARAT,POLEWALI MANDAR,ALLU,SAYOANG
SULAWESI BARAT,POLEWALI MANDAR,ALLU,ALU
SULAWESI BARAT,POLEWALI MANDAR,ANREAPI,ANREAPI
SULAWESI BARAT,POLEWALI MANDAR,ANREAPI,DUAMPANUA
SULAWESI BARAT,POLEWALI MANDAR,ANREAPI,KELAPA DUA
SULAWESI BARAT,POLEWALI MANDAR,ANREAPI,PAPPANDANGAN
SULAWESI BARAT,POLEWALI MANDAR,ANREAPI,KUNYI
SULAWESI BARAT,POLEWALI MANDAR,BALANIPA,BALANIPA
SULAWESI BARAT,POLEWALI MANDAR,BALANIPA,TAMMAJARRA
SULAWESI BARAT,POLEWALI MANDAR,BALANIPA,TAMANGGALLE
SULAWESI BARAT,POLEWALI MANDAR,BALANIPA,MOSSO
SULAWESI BARAT,POLEWALI MANDAR,BALANIPA,GALUNG TULUK
SULAWESI BARAT,POLEWALI MANDAR,BALANIPA,SABANG SUBIK
SULAWESI BARAT,POLEWALI MANDAR,BALANIPA,PAMBUSUANG
SULAWESI BARAT,POLEWALI MANDAR,BALANIPA,BALA
SULAWESI BARAT,POLEWALI MANDAR,BALANIPA,LAMBANAN
SULAWESI BARAT,POLEWALI MANDAR,BALANIPA,LEGO
SULAWESI BARAT,POLEWALI MANDAR,BALANIPA,PALLIS
SULAWESI BARAT,POLEWALI MANDAR,BINUANG,AMASSANGAN
SULAWESI BARAT,POLEWALI MANDAR,BINUANG,TONYAMAN
SULAWESI BARAT,POLEWALI MANDAR,BINUANG,KUAJANG
SULAWESI BARAT,POLEWALI MANDAR,BINUANG,PAKU
SULAWESI BARAT,POLEWALI MANDAR,BINUANG,MIRRING
SULAWESI BARAT,POLEWALI MANDAR,BINUANG,BATETANGNGA
SULAWESI BARAT,POLEWALI MANDAR,BINUANG,MAMMI
SULAWESI BARAT,POLEWALI MANDAR,BINUANG,KALEOK
SULAWESI BARAT,POLEWALI MANDAR,BINUANG,AMOLA
SULAWESI BARAT,POLEWALI MANDAR,BINUANG,REA
SULAWESI BARAT,POLEWALI MANDAR,BULO,BULO
SULAWESI BARAT,POLEWALI MANDAR,BULO,PULLIWA
SULAWESI BARAT,POLEWALI MANDAR,BULO,PATAMBANUA
SULAWESI BARAT,POLEWALI MANDAR,BULO,KAROMBANG
SULAWESI BARAT,POLEWALI MANDAR,BULO,DAALA TIMUR
SULAWESI BARAT,POLEWALI MANDAR,BULO,LENGGO
SULAWESI BARAT,POLEWALI MANDAR,BULO,SABURA
SULAWESI BARAT,POLEWALI MANDAR,BULO,SEPPORRAKI
SULAWESI BARAT,POLEWALI MANDAR,BULO,IHING
SULAWESI BARAT,POLEWALI MANDAR,CAMPALAGIAN,PAPPANG
SULAWESI BARAT,POLEWALI MANDAR,CAMPALAGIAN,LALIKO
SULAWESI BARAT,POLEWALI MANDAR,CAMPALAGIAN,BONDE
SULAWESI BARAT,POLEWALI MANDAR,CAMPALAGIAN,KATUMBANGAN LEMO
SULAWESI BARAT,POLEWALI MANDAR,CAMPALAGIAN,PANYAMPA
SULAWESI BARAT,POLEWALI MANDAR,CAMPALAGIAN,SURUANG
SULAWESI BARAT,POLEWALI MANDAR,CAMPALAGIAN,LAMPOKO
SULAWESI BARAT,POLEWALI MANDAR,CAMPALAGIAN,KATUMBANGAN
SULAWESI BARAT,POLEWALI MANDAR,CAMPALAGIAN,LAPEO
SULAWESI BARAT,POLEWALI MANDAR,CAMPALAGIAN,PARAPPE
SULAWESI BARAT,POLEWALI MANDAR,CAMPALAGIAN,ONGKO
SULAWESI BARAT,POLEWALI MANDAR,CAMPALAGIAN,KENJE
SULAWESI BARAT,POLEWALI MANDAR,CAMPALAGIAN,SUMARRANG
SULAWESI BARAT,POLEWALI MANDAR,CAMPALAGIAN,BOTTO
SULAWESI BARAT,POLEWALI MANDAR,CAMPALAGIAN,GATTUNGAN
SULAWESI BARAT,POLEWALI MANDAR,CAMPALAGIAN,PADANG TIMUR
SULAWESI BARAT,POLEWALI MANDAR,CAMPALAGIAN,PADANG
SULAWESI BARAT,POLEWALI MANDAR,CAMPALAGIAN,LAGI-AGI
SULAWESI BARAT,POLEWALI MANDAR,LIMBORO,LIMBORO
SULAWESI BARAT,POLEWALI MANDAR,LIMBORO,LEMBANG LEMBANG
SULAWESI BARAT,POLEWALI MANDAR,LIMBORO,TANDASURA
SULAWESI BARAT,POLEWALI MANDAR,LIMBORO,SAMASUNDU
SULAWESI BARAT,POLEWALI MANDAR,LIMBORO,NAPO
SULAWESI BARAT,POLEWALI MANDAR,LIMBORO,TODANG TODANG
SULAWESI BARAT,POLEWALI MANDAR,LIMBORO,PENDULANGAN
SULAWESI BARAT,POLEWALI MANDAR,LIMBORO,RENGGEANG
SULAWESI BARAT,POLEWALI MANDAR,LIMBORO,SALARRI
SULAWESI BARAT,POLEWALI MANDAR,LIMBORO,TANGAN BARU
SULAWESI BARAT,POLEWALI MANDAR,LIMBORO,PALECE
SULAWESI BARAT,POLEWALI MANDAR,LUYO,BATUPANGA
SULAWESI BARAT,POLEWALI MANDAR,LUYO,MAMBU
SULAWESI BARAT,POLEWALI MANDAR,LUYO,TENGGELANG
SULAWESI BARAT,POLEWALI MANDAR,LUYO,BARU
SULAWESI BARAT,POLEWALI MANDAR,LUYO,PUSSUI
SULAWESI BARAT,POLEWALI MANDAR,LUYO,MAPILI BARAT
SULAWESI BARAT,POLEWALI MANDAR,LUYO,SAMBALI WALI
SULAWESI BARAT,POLEWALI MANDAR,LUYO,BATUPANGA DAALA
SULAWESI BARAT,POLEWALI MANDAR,LUYO,LUYO
SULAWESI BARAT,POLEWALI MANDAR,LUYO,PUSSUI BARAT
SULAWESI BARAT,POLEWALI MANDAR,LUYO,PUCCADI
SULAWESI BARAT,POLEWALI MANDAR,MAPILLI,MAPILI
SULAWESI BARAT,POLEWALI MANDAR,MAPILLI,UGIBARU
SULAWESI BARAT,POLEWALI MANDAR,MAPILLI,RUMPA
SULAWESI BARAT,POLEWALI MANDAR,MAPILLI,KURMA
SULAWESI BARAT,POLEWALI MANDAR,MAPILLI,BUKU
SULAWESI BARAT,POLEWALI MANDAR,MAPILLI,BONNE BONNE
SULAWESI BARAT,POLEWALI MANDAR,MAPILLI,BEROANGIN
SULAWESI BARAT,POLEWALI MANDAR,MAPILLI,SEGERANG
SULAWESI BARAT,POLEWALI MANDAR,MAPILLI,BONRA
SULAWESI BARAT,POLEWALI MANDAR,MAPILLI,SATTOKO
SULAWESI BARAT,POLEWALI MANDAR,MAPILLI,RAPPANG BARAT
SULAWESI BARAT,POLEWALI MANDAR,MAPILLI,LANDI KANUSUANG
SULAWESI BARAT,POLEWALI MANDAR,MATAKALI,MATAKALI
SULAWESI BARAT,POLEWALI MANDAR,MATAKALI,PETAMPANUA
SULAWESI BARAT,POLEWALI MANDAR,MATAKALI,BARUMBUNG
SULAWESI BARAT,POLEWALI MANDAR,MATAKALI,PASIANG
SULAWESI BARAT,POLEWALI MANDAR,MATAKALI,TONROLIMA
SULAWESI BARAT,POLEWALI MANDAR,MATAKALI,INDOMAKKOMBONG
SULAWESI BARAT,POLEWALI MANDAR,MATAKALI,BUNGA-BUNGA
SULAWESI BARAT,POLEWALI MANDAR,MATANGNGA,MATANGNGA
SULAWESI BARAT,POLEWALI MANDAR,MATANGNGA,LILLI
SULAWESI BARAT,POLEWALI MANDAR,MATANGNGA,RANGOAN
SULAWESI BARAT,POLEWALI MANDAR,MATANGNGA,TAPUA
SULAWESI BARAT,POLEWALI MANDAR,MATANGNGA,MAMBU TAPUA
SULAWESI BARAT,POLEWALI MANDAR,MATANGNGA,BA'BA TAPUA
SULAWESI BARAT,POLEWALI MANDAR,MATANGNGA,KATIMBANG
SULAWESI BARAT,POLEWALI MANDAR,POLEWALI,POLEWALI
SULAWESI BARAT,POLEWALI MANDAR,POLEWALI,WATTANG
SULAWESI BARAT,POLEWALI MANDAR,POLEWALI,SULEWATANG
SULAWESI BARAT,POLEWALI MANDAR,POLEWALI,LANTORA
SULAWESI BARAT,POLEWALI MANDAR,POLEWALI,TAKATIDUNG
SULAWESI BARAT,POLEWALI MANDAR,POLEWALI,PEKKABATA
SULAWESI BARAT,POLEWALI MANDAR,POLEWALI,MADATE
SULAWESI BARAT,POLEWALI MANDAR,POLEWALI,MANDING
SULAWESI BARAT,POLEWALI MANDAR,POLEWALI,DARMA
SULAWESI BARAT,POLEWALI MANDAR,TAPANGO,PELITAKAN
SULAWESI BARAT,POLEWALI MANDAR,TAPANGO,TAPANGO
SULAWESI BARAT,POLEWALI MANDAR,TAPANGO,RAPPANG
SULAWESI BARAT,POLEWALI MANDAR,TAPANGO,DAKKA
SULAWESI BARAT,POLEWALI MANDAR,TAPANGO,BATU
SULAWESI BARAT,POLEWALI MANDAR,TAPANGO,RISO
SULAWESI BARAT,POLEWALI MANDAR,TAPANGO,PALATTA
SULAWESI BARAT,POLEWALI MANDAR,TAPANGO,TAPANGO BARAT
SULAWESI BARAT,POLEWALI MANDAR,TAPANGO,KURRAK
SULAWESI BARAT,POLEWALI MANDAR,TAPANGO,BUSSU
SULAWESI BARAT,POLEWALI MANDAR,TAPANGO,TUTTULA
SULAWESI BARAT,POLEWALI MANDAR,TAPANGO,JAMBU MALEA
SULAWESI BARAT,POLEWALI MANDAR,TAPANGO,KALIMBUA
SULAWESI BARAT,POLEWALI MANDAR,TAPANGO,BANATO REJO
SULAWESI BARAT,POLEWALI MANDAR,TINAMBUNG,TINAMBUNG
SULAWESI BARAT,POLEWALI MANDAR,TINAMBUNG,KARAMA
SULAWESI BARAT,POLEWALI MANDAR,TINAMBUNG,TANGNGA TANGNGA
SULAWESI BARAT,POLEWALI MANDAR,TINAMBUNG,LEKOPADIS
SULAWESI BARAT,POLEWALI MANDAR,TINAMBUNG,GALUNG LOMBOK
SULAWESI BARAT,POLEWALI MANDAR,TINAMBUNG,TANDUNG
SULAWESI BARAT,POLEWALI MANDAR,TINAMBUNG,BATULAYA
SULAWESI BARAT,POLEWALI MANDAR,TINAMBUNG,SEPABATU
SULAWESI BARAT,POLEWALI MANDAR,TUTAR,TARAMANU
SULAWESI BARAT,POLEWALI MANDAR,TUTAR,AMBOPADANG
SULAWESI BARAT,POLEWALI MANDAR,TUTAR,TUBBI
SULAWESI BARAT,POLEWALI MANDAR,TUTAR,RATTE
SULAWESI BARAT,POLEWALI MANDAR,TUTAR,BESOANGIN
SULAWESI BARAT,POLEWALI MANDAR,TUTAR,PIRIANG TAPIKO
SULAWESI BARAT,POLEWALI MANDAR,TUTAR,PEBURRU
SULAWESI BARAT,POLEWALI MANDAR,TUTAR,TALOBA
SULAWESI BARAT,POLEWALI MANDAR,TUTAR,POLLEWANI
SULAWESI BARAT,POLEWALI MANDAR,TUTAR,ARABUA
SULAWESI BARAT,POLEWALI MANDAR,TUTAR,BESOANGIN UTARA
SULAWESI BARAT,POLEWALI MANDAR,TUTAR,PODA
SULAWESI BARAT,POLEWALI MANDAR,TUTAR,TARAMANU TUA
SULAWESI BARAT,POLEWALI MANDAR,WONOMULYO,SIDODADI
SULAWESI BARAT,POLEWALI MANDAR,WONOMULYO,SIDOREJO
SULAWESI BARAT,POLEWALI MANDAR,WONOMULYO,SUMBEREJO
SULAWESI BARAT,POLEWALI MANDAR,WONOMULYO,BUMIAYU
SULAWESI BARAT,POLEWALI MANDAR,WONOMULYO,KEBUNSARI
SULAWESI BARAT,POLEWALI MANDAR,WONOMULYO,BANUA BARU
SULAWESI BARAT,POLEWALI MANDAR,WONOMULYO,NEPO
SULAWESI BARAT,POLEWALI MANDAR,WONOMULYO,SUGIHWARAS
SULAWESI BARAT,POLEWALI MANDAR,WONOMULYO,CAMPURJO
SULAWESI BARAT,POLEWALI MANDAR,WONOMULYO,BUMIMULYO
SULAWESI BARAT,POLEWALI MANDAR,WONOMULYO,TUMPILING
SULAWESI BARAT,POLEWALI MANDAR,WONOMULYO,BAKKA-BAKKA
SULAWESI BARAT,POLEWALI MANDAR,WONOMULYO,ARJO SARI
SULAWESI BARAT,POLEWALI MANDAR,WONOMULYO,GALESON
SULAWESI BARAT,MAMUJU,MAMUJU,BINANGA
SULAWESI BARAT,MAMUJU,MAMUJU,MAMUNYU
SULAWESI BARAT,MAMUJU,MAMUJU,KAREMA
SULAWESI BARAT,MAMUJU,MAMUJU,RIMUKU
SULAWESI BARAT,MAMUJU,MAMUJU,BAMBU
SULAWESI BARAT,MAMUJU,MAMUJU,KARAMPUANG
SULAWESI BARAT,MAMUJU,MAMUJU,TADUI
SULAWESI BARAT,MAMUJU,MAMUJU,BATU PANNU
SULAWESI BARAT,MAMUJU,TAPALANG,GALUNG
SULAWESI BARAT,MAMUJU,TAPALANG,KASAMBANG
SULAWESI BARAT,MAMUJU,TAPALANG,DAYANGINNA
SULAWESI BARAT,MAMUJU,TAPALANG,OROBATU
SULAWESI BARAT,MAMUJU,TAPALANG,TAKANDEANG
SULAWESI BARAT,MAMUJU,TAPALANG,BELA
SULAWESI BARAT,MAMUJU,TAPALANG,TAAN
SULAWESI BARAT,MAMUJU,TAPALANG,TAMPALANG
SULAWESI BARAT,MAMUJU,TAPALANG,RANTEDODA
SULAWESI BARAT,MAMUJU,TAPALANG,KOPEANG
SULAWESI BARAT,MAMUJU,KALUKKU,SINYONYOI
SULAWESI BARAT,MAMUJU,KALUKKU,BEBANGA
SULAWESI BARAT,MAMUJU,KALUKKU,KALUKKU
SULAWESI BARAT,MAMUJU,KALUKKU,SINYONYOI SELATAN
SULAWESI BARAT,MAMUJU,KALUKKU,SONDOANG
SULAWESI BARAT,MAMUJU,KALUKKU,BERU-BERU
SULAWESI BARAT,MAMUJU,KALUKKU,BELANG BELANG
SULAWESI BARAT,MAMUJU,KALUKKU,KABULOANG
SULAWESI BARAT,MAMUJU,KALUKKU,KEANG
SULAWESI BARAT,MAMUJU,KALUKKU,POKKANG
SULAWESI BARAT,MAMUJU,KALUKKU,GULILING
SULAWESI BARAT,MAMUJU,KALUKKU,UHAIMATE
SULAWESI BARAT,MAMUJU,KALUKKU,KALUKKU BARAT
SULAWESI BARAT,MAMUJU,KALUKKU,PAMMULUKANG
SULAWESI BARAT,MAMUJU,KALUMPANG,KALUMPANG
SULAWESI BARAT,MAMUJU,KALUMPANG,KARATAUN
SULAWESI BARAT,MAMUJU,KALUMPANG,KARAMA
SULAWESI BARAT,MAMUJU,KALUMPANG,SIRAUN
SULAWESI BARAT,MAMUJU,KALUMPANG,TUMOGA
SULAWESI BARAT,MAMUJU,KALUMPANG,SALUMAKKI
SULAWESI BARAT,MAMUJU,KALUMPANG,POLIO
SULAWESI BARAT,MAMUJU,KALUMPANG,LIMBONG
SULAWESI BARAT,MAMUJU,KALUMPANG,SANDAPANG
SULAWESI BARAT,MAMUJU,KALUMPANG,KONDO BULO
SULAWESI BARAT,MAMUJU,KALUMPANG,MAKKALIKI
SULAWESI BARAT,MAMUJU,KALUMPANG,BATU MAKKADA
SULAWESI BARAT,MAMUJU,KALUMPANG,LASA'
SULAWESI BARAT,MAMUJU,PAPALANG,TOABO
SULAWESI BARAT,MAMUJU,PAPALANG,PAPALANG
SULAWESI BARAT,MAMUJU,PAPALANG,BONDA
SULAWESI BARAT,MAMUJU,PAPALANG,TOPORE
SULAWESI BARAT,MAMUJU,PAPALANG,SALUKAYU
SULAWESI BARAT,MAMUJU,PAPALANG,SUKADAMAI
SULAWESI BARAT,MAMUJU,PAPALANG,BODA-BODA
SULAWESI BARAT,MAMUJU,PAPALANG,SISANGO
SULAWESI BARAT,MAMUJU,PAPALANG,BATU AMPA
SULAWESI BARAT,MAMUJU,SAMPAGA,BUNDE
SULAWESI BARAT,MAMUJU,SAMPAGA,KALONDING
SULAWESI BARAT,MAMUJU,SAMPAGA,TARAILU
SULAWESI BARAT,MAMUJU,SAMPAGA,SAMPAGA
SULAWESI BARAT,MAMUJU,SAMPAGA,TANAMBUAH
SULAWESI BARAT,MAMUJU,SAMPAGA,SALUBARANA
SULAWESI BARAT,MAMUJU,SAMPAGA,LOSSO
SULAWESI BARAT,MAMUJU,TOMMO,TOMMO
SULAWESI BARAT,MAMUJU,TOMMO,CAMPALOGA
SULAWESI BARAT,MAMUJU,TOMMO,BUANA SAKTI
SULAWESI BARAT,MAMUJU,TOMMO,TAMEMONGGA
SULAWESI BARAT,MAMUJU,TOMMO,TAMEJARRA
SULAWESI BARAT,MAMUJU,TOMMO,RANTEMARIO
SULAWESI BARAT,MAMUJU,TOMMO,MALINO
SULAWESI BARAT,MAMUJU,TOMMO,KAKULLASANG
SULAWESI BARAT,MAMUJU,TOMMO,LELING
SULAWESI BARAT,MAMUJU,TOMMO,KALEPU
SULAWESI BARAT,MAMUJU,TOMMO,SANDANA
SULAWESI BARAT,MAMUJU,TOMMO,LELING BARAT
SULAWESI BARAT,MAMUJU,TOMMO,LELING UTARA
SULAWESI BARAT,MAMUJU,TOMMO,SALUDENGEN
SULAWESI BARAT,MAMUJU,SIMBORO,SIMBORO
SULAWESI BARAT,MAMUJU,SIMBORO,RANGAS
SULAWESI BARAT,MAMUJU,SIMBORO,BOTTENG
SULAWESI BARAT,MAMUJU,SIMBORO,SALETTO
SULAWESI BARAT,MAMUJU,SIMBORO,SUMARE
SULAWESI BARAT,MAMUJU,SIMBORO,BOTTENG UTARA
SULAWESI BARAT,MAMUJU,SIMBORO,TAPANDULLU
SULAWESI BARAT,MAMUJU,SIMBORO,PATI'DI
SULAWESI BARAT,MAMUJU,TAPALANG BARAT,DUNGKAIT
SULAWESI BARAT,MAMUJU,TAPALANG BARAT,LEBANI
SULAWESI BARAT,MAMUJU,TAPALANG BARAT,LABUANG RANO
SULAWESI BARAT,MAMUJU,TAPALANG BARAT,PASABU
SULAWESI BARAT,MAMUJU,TAPALANG BARAT,TANETE PAO
SULAWESI BARAT,MAMUJU,TAPALANG BARAT,PANGASAAN
SULAWESI BARAT,MAMUJU,TAPALANG BARAT,AHU
SULAWESI BARAT,MAMUJU,BONEHAU,BONEHAU
SULAWESI BARAT,MAMUJU,BONEHAU,SALUTIWO
SULAWESI BARAT,MAMUJU,BONEHAU,BUTTUADA
SULAWESI BARAT,MAMUJU,BONEHAU,TAMALEA
SULAWESI BARAT,MAMUJU,BONEHAU,LUMIKA
SULAWESI BARAT,MAMUJU,BONEHAU,MAPPU
SULAWESI BARAT,MAMUJU,BONEHAU,BANUADA
SULAWESI BARAT,MAMUJU,BONEHAU,HINUA
SULAWESI BARAT,MAMUJU,BONEHAU,KINATANG
SULAWESI BARAT,MAMUJU,KEP. BALA BALAKANG,BALA BALAKANG
SULAWESI BARAT,MAMUJU,KEP. BALA BALAKANG,BALA-BALAKANG TIMUR
